CAS	Chemical	Tc	Pc	Vc	omega
75-07-0	Acetaldehyde	461	5572875	0.000154	0.303
60-35-5	Acetamide	761	6600310	0.000215	0.451
75-05-8	Acetonitrile	548	4833203	0.000173	0.321
67-64-1	Acetone	508.1	4701480	0.000209	0.309
107-15-3	Ethylenediamine	593	6282150	0.000206	0.51
106-93-4	1,2-Dibromoethane	646	5335774	0.000252	0.225
74-96-4	Ethyl bromide	503.8	6231488	0.000215	0.254
107-21-1	1,2-Ethanediol	720	8200232	0.000186	0.5254
75-03-6	Ethyl iodide	565	5542478	0.00024	0.161
64-17-5	Ethanol	516.2	6383475	0.000167	0.635
60-29-7	Diethyl ether	466.7	3637568	0.00028	0.281
75-21-8	Ethylene oxide	469	7194075	0.00014	0.2
107-18-6	2-Propen-1-ol	545	5714730	0.000203	0.5717
64-18-6	Formic acid	588	5810000	0.000118	0.3222
109-94-4	Formic acid ethyl ester	508.4	4742010	0.000229	0.283
62-53-3	Aniline	699	5309430	0.00027	0.382
100-66-3	Methyl phenyl ether	647.4	4174590	0.000341	0.3288
109-06-8	2-Methylpyridine	621	4600155	0.000335	0.3
80-56-8	alpha-Pinene	630	2887763	0.0004845	0.3228
141-78-6	Ethyl acetate	523.2	3830085	0.000286	0.363
78-92-2	2-Butanol	536	4194855	0.000268	0.576
100-51-6	Benzyl alcohol	715	4300000	0.000334	0.3872
100-41-4	Ethylbenzene	617.1	3607170	0.000374	0.301
108-86-1	Bromobenzene	670	4519095	0.000324	0.249
108-90-7	Chlorobenzene	632.4	4519095	0.000308	0.249
106-46-7	p-Dichlorobenzene	685	3951675	0.000372	0.27
100-47-0	Benzonitrile	699.4	4215120	0.000323	0.36
98-95-3	Nitrobenzene	712	3495713	0.00034	0.394
71-43-2	Benzene	562.1	4893997	0.000259	0.212
74-90-8	Hydrogen cyanide	456.8	5390490	0.000139	0.407
109-65-9	Butyl bromide	571.1	4629539	0.000327	0.3471
7726-95-6	Bromine	584	10335150	0.000127	0.132
111-76-2	2-Butoxyethanol	633.9	3269758	0.0004236	0.5114
71-36-3	1-Butanol	562.9	4417770	0.000274	0.59
78-93-3	2-Butanone	535.6	4154325	0.000267	0.329
106-97-8	n-Butane	425.2	3799688	0.000255	0.193
156-59-2	cis-1,2-Dichloroethylene	537	5603272	0.0002	0.21
107-07-3	2-Chloroethanol	582	5799843	0.000212	0.6776
109-69-3	Butyl chloride	542	3688230	0.000312	0.218
67-66-3	Chloroform	536.4	5471550	0.000239	0.216
108-39-4	3-Methylphenol	705.8	4559625	0.00031	0.464
110-82-7	Cyclohexane	553.8	4080358	0.000308	0.213
287-92-3	Cyclopentane	511.7	4509976	0.000259	0.1921
110-83-8	Cyclohexene	560.4	4905600	0.000292	0.2741
108-87-2	Methylcyclohexane	572.1	3479501	0.000369	0.2477
96-37-7	Methylcyclopentane	532.7	3789555	0.000318	0.239
142-96-1	Dibutyl ether	580	2533125	0.0005	0.5
110-45-2	Formic acid isopentyl ester	577	3130942	0.0003875	0.4024
124-18-5	Decane	617.9	2099454	0.000603	0.49
109-89-7	N,N-Diethylamine	496.6	3708495	0.000301	0.3031
121-69-7	N,N-Dimethylaniline	687	3627435	0.0004	0.4049
78-75-1	1,2-Dibromopropane	640.8	5095634	0.000331	0.3024
75-34-3	1,1-Dichloroethane [R 150a]	523	5066250	0.00024	0.248
107-06-2	1,2-Dichlorethane	561	5370225	0.00022	0.286
156-60-5	trans-1,2-Dichloroethene	517	5520000	0.00022	0.2131
75-09-2	Dichloromethane	510	6355000	0.000193	0.2027
78-87-5	1,2-Dichloropropane	577	4458300	0.0002938	0.241
68-12-2	N,N-Dimethylformamide (DMF)	650	5499921	0.000262	0.389
109-87-5	Dimethoxymethane	490.9	3957755	0.0002132	0.2222
108-08-7	2,4-Dimethylpentane	519.8	2739828	0.000418	0.306
123-91-1	1,4-Dioxane	587	5208105	0.000238	0.288
108-48-5	2,6-Dimethylpyridine	623.8	3901013	0.0003827	0.3559
112-40-3	Dodecane	658.8	1809665	0.000713	0.562
100-52-7	Benzaldehyde	695	4660950	0.000318	0.32
123-86-4	Acetic acid butyl ester	575.7	3141075	0.0004	0.4345
79-20-9	Methyl acetate	506.8	4691347	0.000228	0.32
64-19-7	Acetic acid	594.4	5785657	0.000171	0.4218
98-01-1	Furfural	657	5512080	0.000252	0.4522
142-84-7	Dipropylamine	555.8	3630000	0.000407	0.4335
10035-10-6	Hydrogen bromide	363.2	8551830	0.0001	0.063
629-73-2	1-Hexadecene	717	1337490	0.0009	0.721
110-54-3	Hexane	507.4	3014419	0.00037	0.2975
7664-39-3	Hydrogen fluoride	461	6484800	0.000069	0.372
142-82-5	Heptane	540.3	2733748	0.000432	0.3457
110-43-0	2-Heptanone	611.5	2989088	0.000434	0.425
302-01-2	Hydrazine	653	14692130	0.0000961	0.328
78-78-4	2-Methylbutane	460.4	3380202	0.000306	0.227
67-63-0	2-Propanol	508.3	4762275	0.00022	0.665
108-20-3	Diisopropyl ether	500	2877630	0.000386	0.34
540-84-1	2,2,4-Trimethylpentane	543.8	2569602	0.000468	0.303
78-79-5	Isoprene	483.3	3739997	0.000266	0.164
74-88-4	Methyl iodide	528	6586125	0.00019	0.1421
592-41-6	1-Hexene	504	3206000	0.00035	0.2839
108-18-9	Diisopropylamine	525	3029617	0.000385	0.3333
90-12-0	1-Methyl naphthalene	772	3566640	0.000445	0.334
91-57-6	2-Methyl naphthalene	764.3	3505845	0.000455	0.3464
67-56-1	Methanol	512.6	8095868	0.000118	0.559
107-83-5	2-Methylpentane	497.7	3039750	0.000368	0.279
96-14-0	3-Methylpentane	504.6	3119797	0.000368	0.275
109-86-4	2-Methoxyethanol	597.6	5285000	0.000263	0.4411
110-91-8	Morpholine	618	5471550	0.000253	0.37
123-42-2	Diacetone alcohol	606	3600077	0.000374	0.7565
104-51-8	Butylbenzene	660.5	2887763	0.000497	0.392
108-10-1	4-Methyl-2-pentanone	571	3272797	0.000371	0.4
108-99-6	3-Methylpyridine	645	4650818	0.000288	0.296
108-89-4	4-Methylpyridine	646	4458300	0.000325	0.27
78-83-1	2-Methyl-1-propanol	547.7	4296180	0.000273	0.588
98-83-9	alpha-Methyl styrene	654	3555000	0.0004136	0.342
91-20-3	Naphthalene	748.4	4053000	0.00041	0.302
75-52-5	Nitromethane	588	6312547	0.000173	0.346
108-03-2	1-Nitropropane	606	3999997	0.000283	0.3533
143-08-8	1-Nonanol	671	2546000	0.000544	0.6177
111-65-9	Octane	568.8	2494622	0.000492	0.394
111-66-0	1-Octene	566.6	2624317	0.000464	0.386
95-48-7	2-Methylphenol	697.6	5005455	0.000282	0.443
112-88-9	1-Octadecene	739	1134840	0.001012	0.837
106-44-5	4-Methylphenol	704.6	5147310	0.000332	0.515
109-66-0	Pentane	469.7	3369056	0.000304	0.251
71-41-0	1-Pentanol	586	3850350	0.000326	0.58
107-87-9	2-Pentanone	561.19	3672000	0.000301	0.3396
108-95-2	Phenol	694.2	6130163	0.000229	0.44
75-44-5	Phosgene	455	5674200	0.00019	0.204
71-23-8	1-Propanol	536.7	5167575	0.0002185	0.624
79-09-4	Propionic acid	604	4333000	0.0002218	0.5184
107-03-9	1-Propanethiol	536.6	4529228	0.0002863	0.225
75-56-9	1,2-Propylene oxide	482.2	4924395	0.000186	0.269
110-86-1	Pyridine	620	5633670	0.000254	0.24
7697-37-2	Nitric acid	520	6890100	0.000133	0.7144
7647-01-0	Hydrogen chloride	324.6	8308650	0.000081	0.12
119-36-8	Salicylic acid methyl ester	709	4090000	0.000412	0.5789
75-15-0	Carbon disulfide	552	7903350	0.000202	0.115
100-42-5	Styrene	635.2	3870000	0.0003472	0.3007
67-68-5	Dimethyl sulfoxide	720	5704597		0.3319
631-36-7	Tetraethylsilane	603.7	2602026	0.000492	0.473
75-65-0	tert-Butanol	506.2	3971940	0.000275	0.618
629-59-4	Tetradecane	691.8	1572564	0.0008937	0.679
493-02-7	trans-Decahydronaphthalene	690	3141075	0.000485	0.2756
119-64-2	1,2,3,4-Tetrahydronaphthalene	719.2	3515978	0.0004081	0.3207
56-23-5	Tetrachloromethane	556.4	4559625	0.000276	0.194
109-99-9	Tetrahydrofuran	540.2	5187840	0.000224	0.217
108-88-3	Toluene	591.7	4113795	0.000316	0.257
121-44-8	Triethylamine	535	3039750	0.00039	0.329
79-00-5	1,1,2-Trichloroethane	602	4154325	0.000294	0.2454
127-18-4	Tetrachloroethylene	620	4458300	0.00029	0.242
71-55-6	1,1,1-Trichloroethane [R140a]	545	4301246	0.000268	0.216
79-01-6	Trichloroethylene	571	4914263	0.000256	0.213
98-08-8	1',1',1'-Trifluorotoluene	565	3390334	0.000356	0.2816
3522-94-9	2,2,5-Trimethylhexane	569.8	2330475	0.0005435	0.357
464-06-2	2,2,3-Trimethylbutane	531.1	2949571	0.000398	0.251
10025-78-2	Trichlorosilane	479	4054013	0.000268	0.1935
108-05-4	Vinyl acetate	519.13	4185000	0.000265	0.3767
7732-18-5	Water	647.3	22048321	0.000056	0.344
108-38-3	m-Xylene	617	3546375	0.000376	0.331
106-42-3	p-Xylene	616.2	3515978	0.000379	0.324
79-24-3	Nitroethane	595	4850002	0.000228	0.3156
74-89-5	Methylamine	430	7457520	0.00014	0.275
124-40-3	Dimethylamine	437.6	5309430	0.000187	0.288
75-33-2	2-Propanethiol	512	4346843	0.000252	0.213
96-41-3	Cyclopentanol	619.5	4900000	0.00028	0.4023
462-06-6	Fluorobenzene	560.1	4549493	0.000271	0.245
10026-04-7	Tetrachlorosilane	507	3749025	0.000326	0.264
75-79-6	Methyltrichlorosilane	517.75	3526000	0.0003397	0.2468
75-77-4	Trimethylchlorosilane	497.8	3201870	0.000366	0.2674
628-28-4	Methyl butyl ether	512.78	3371000	0.000329	0.311
79-34-5	1,1,2,2-Tetrachloroethane	650	5127045	0.000314	0.318
515-84-4	Trichloroacetic acid ethyl ester	640	3349805	0.000403	0.419
105-37-3	Propanoic acid ethyl ester	546.5	3363990	0.000345	0.395
123-92-2	Acetic acid 3-methylbutyl ester	586.1	2760000	0.000443	0.4722
590-01-2	Propanoic acid butyl ester	594.5	2614185	0.000449	0.4204
7664-41-7	Ammonia	405.6	11277470	0.0000725	0.25
75-01-4	Vinyl chloride	429.7	5603272	0.000186	0.122
110-71-4	1,2-Dimethoxyethane	542.7	3960000	0.000271	0.3074
376-77-2	Perfluorocyclopentane	423.6	2669914	0.000422	0.409
678-26-2	Perfluoropentane	420.59	2045000	0.00047	0.437
507-20-0	tert.Butyl chloride	507	3951675	0.000295	0.19
76-13-1	1,1,2-Trichloro-1,2,2-trifluoroethane [R113]	487.25	3411613	0.0003251	0.255
111-49-9	Hexamethylene imine	624	4269835	0.00031	0.3205
50-00-0	Formaldehyde	408	6586125	0.000101	0.2484
123-39-7	N-Methylformamide	725	7500076	0.00018	0.492
127-19-5	N,N-Dimethylacetamide	643	4499843	0.000285	0.377
107-13-1	Acrylonitrile	536	4559625	0.00021	0.35
107-02-8	Acrolein	506	5167575	0.00019	0.33
56-81-5	Glycerol	850	7500000	0.000255	0.5152
79-41-4	Methacrylic acid	643	4700467	0.00027	0.4678
108-24-7	Acetic anhydride	606	4000000	0.00029	0.4419
107-92-6	Butyric acid	624	3951675	0.000292	0.5913
74-98-6	Propane	369.95	4245518	0.000203	0.152
109-60-4	Acetic acid propyl ester	549.4	3333593	0.000345	0.392
57-10-3	Palmitic acid	804	1641465	0.000947	0.9297
109-73-9	Butylamine	524	4154325	0.000288	0.396
120-92-3	Cyclopentanone	626	4600000	0.000268	0.273
110-89-4	Piperidine	594	4762275	0.000289	0.2561
75-45-6	Chlorodifluoromethane [R22]	369.35	4975057	0.000165	0.215
75-71-8	Dichlorodifluoromethane [R12]	385.15	4123928	0.000217	0.176
115-25-3	Perfluorocyclobutane [R318]	388.37	2776305	0.0003248	0.3505
124-10-7	Tetradecanoic acid methyl ester	740	1428683	0.000891	0.7365
100-63-0	Phenylhydrazine	750	5197972	0.000322	0.5565
108-94-1	Cyclohexanone	665.5	3850350	0.000312	0.1837
108-93-0	Cyclohexanol	650	4260000	0.000327	0.3695
112-39-0	Hexadecanoic acid methyl ester	765	1276695	0.001002	0.8037
108-47-4	2,4-Dimethylpyridine	647	3951675	0.000372	0.3488
109-67-1	1-Pentene	464.7	3526110	0.0003	0.245
75-25-2	Tribromomethane [R20B3]	685	5643803	0.000288	0.1958
80-62-6	Methacrylic acid methyl ester	536	4255650	0.00032	0.5383
513-35-9	2-Methyl-2-butene	470	3445050	0.000296	0.285
563-46-2	2-Methyl-1-butene	465	3445050	0.000294	0.232
57-11-4	Octadecanoic acid	822	1429696	0.001057	0.9802
123-51-3	3-Methyl-1-butanol	579.5	3850350	0.000329	0.58
593-60-2	Vinyl bromide	474	4600155	0.000197	0.091
142-62-1	Hexanoic acid	663	3201870	0.000416	0.6701
124-07-2	Octanoic acid	694	2695245	0.000509	0.7792
79-04-9	Chloroacetyl chloride	581	5109820	0.000245	0.3582
110-80-5	2-Ethoxyethanol	569.65	4199921	0.000295	0.6745
78-81-9	2-Methylpropylamine	516	4255650	0.000284	0.3
111-85-3	1-Chlorooctane	646.3	2521979	0.000526	0.4392
526-75-0	2,3-Dimethylphenol	722.8	4863600	0.000387	0.5407
105-67-9	2,4-Dimethylphenol	707.6	4356975	0.000387	0.5136
576-26-1	2,6-Dimethylphenol	701	4255650	0.000387	0.4395
108-68-9	3,5-Dimethylphenol	715.6	3647700	0.000387	0.4976
126-98-7	Methacrylonitrile	554	3880747	0.000265	0.2903
57-55-6	1,2-Propanediol	676.4	5941000	0.000237	0.5928
110-02-1	Thiophene	579.4	5694465	0.000219	0.2
872-50-4	N-Methyl-2-pyrrolidone	721.7	4519095	0.0003108	0.3577
96-22-0	3-Pentanone	561	3738893	0.000336	0.347
589-38-8	3-Hexanone	582.82	3323460	0.000374	0.377
123-19-3	4-Heptanone	604	3019485	0.000431	0.441
592-84-7	Formic acid butyl ester	563	3556507	0.000345	0.3844
534-22-5	2-Methylfuran	527.59	4723000	0.000246	0.2658
107-31-3	Methyl formate	487.2	5998440	0.000172	0.252
79-16-3	N-Methylacetamide	718	4979921	0.00024	0.4651
96-47-9	2-Methyltetrahydrofuran	537.03	3758000	0.000267	0.264
79-11-8	Chloroacetic acid	680	5649882	0.00022	0.575
111-27-3	1-Hexanol	610	3419719	0.000381	0.56
392-56-3	Hexafluorobenzene	516.7	3303195	0.0003351	0.4
79-10-7	Acrylic acid	615	5674200	0.00021	0.56
101-68-8	4,4'-Diphenylmethane diisocyanate	875	4002338		0.6816
335-57-9	Perfluoroheptane	477.75	1750000	0.000664	0.5559
565-59-3	2,3-Dimethylpentane	537.3	2910054	0.000393	0.299
79-31-2	2-Methylpropionic acid	605	3698363	0.000292	0.61
107-41-5	2-Methyl-2,4-pentanediol	621	4009430	0.000398	1.0381
93-58-3	Benzoic acid methyl ester	692	3647700	0.000396	0.4133
1459-93-4	1,3-Benzenedicarboxylic acid dimethyl ester	766	2650000	0.0005631	0.6386
123-72-8	Butyraldehyde	537.2	4316445	0.0002576	0.352
542-92-7	1,3-Cyclopentadiene	500	4699960	0.000232	0.1898
493-01-6	cis-Decahydronaphthalene	702.3	3201870	0.000485	0.2849
75-28-5	2-Methylpropane	408.8	3639594	0.000259	0.176
141-32-2	2-Propenoic acid butyl ester	644	4540000	0.000423	0.3184
140-88-5	2-Propenoic acid ethyl ester	552	3749025	0.00032	0.4
151-67-7	2-Bromo-2-chloro-1,1,1-trifluoroethane	495	3951675	0.000296	0.2763
75-04-7	Ethylamine	456	5623538	0.000178	0.284
75-00-3	Chloroethane	460.4	5268900	0.000199	0.1895
95-47-6	o-Xylene	630.2	3732000	0.000369	0.3118
112-07-2	2-Butoxyethyl acetate	640.2	2695245	0.0005487	0.6015
109-52-4	Pentanoic acid	639.9	3629461	0.00034	0.616
100-61-8	N-Methylaniline	702	4802805	0.000349	0.436
107-12-0	Propionitrile	564.4	4184722	0.00023	0.318
126-99-8	2-Chloro-1,3-butadiene	525	4259703	0.00027	0.1928
124-11-8	1-Nonene	592	2340608	0.000525	0.43
75-29-6	2-Chloropropane	485	4721745	0.00023	0.2576
107-05-1	3-Chloro-1-propene	514.15	4762265	0.000234	0.13
110-00-9	Furan	487.03	5323000	0.000218	0.2167
540-54-5	1-Chloropropane	503.1	4579890	0.000254	0.23
98-85-1	alpha.-Phenylethanol	667.47	3991597	0.000385	0.6905
111-92-2	Dibutylamine	607.5	3110000	0.000517	0.5782
628-32-0	Ethyl propyl ether	500.6	3252532	0.000339	0.312
111-43-3	Di-n-propyl ether	530.6	3029617	0.000391	0.3585
628-81-9	Ethyl butyl ether	531	3039750	0.00039	0.3771
111-70-6	1-Heptanol	633	3039750	0.000435	0.56
111-87-5	1-Octanol	652.5	2860405	0.00049	0.5963
112-30-1	1-Decanol	684.4	2314263	0.0006	0.6919
143-07-7	Dodecanoic acid	761	2239283	0.000726	0.8253
544-63-8	Tetradecanoic acid	784	1915042	0.000836	0.874
111-82-0	Dodecanoic acid methyl ester	712	1631333	0.000781	0.6737
112-61-8	Octadecanoic acid methyl ester	788	1165238	0.001112	0.8645
556-52-5	2,3-Epoxy-1-propanol	660.24	5978550	0.000212	0.4269
98-82-8	Isopropylbenzene	631	3212003	0.000428	0.3261
135-19-3	beta-Naphthol	825	4498830	0.000457	0.507
872-05-9	1-Decene	615	2208885	0.000584	0.491
563-45-1	3-Methyl-1-butene	450	3515978	0.000305	0.2274
2004-70-8	trans-1,3-Pentadiene	496	3992205	0.000275	0.175
625-27-4	2-Methyl-2-pentene	518	3282930	0.000351	0.229
1192-22-9	2,3-Epoxy-2-methylpentane	580	3242400	0.000356	0.1453
565-69-5	2-Methyl-3-pentanone	577	3199843	0.000372	0.3254
565-67-3	2-Methyl-3-pentanol	576	3460000	0.000369	0.5451
106-99-0	1,3-Butadiene	425	4326578	0.000221	0.195
689-97-4	1-Buten-3-yne	455	4964925	0.000202	0.092
79-29-8	2,3-Dimethylbutane	500	3149181	0.000361	0.247
106-98-9	1-Butene	419.6	4022603	0.00024	0.187
103-65-1	Propylbenzene	638.3	3201870	0.00044	0.344
75-83-2	2,2-Dimethylbutane	489	3099532	0.000358	0.231
105-54-4	Ethyl butyrate	568.8	3141075	0.000395	0.4379
98-86-2	Acetophenone	709.5	4010444	0.0003863	0.377
110-19-0	Acetic acid isobutyl ester	561	3010000	0.000414	0.4302
108-31-6	Maleic anhydride	726	6484800	0.000235	0.3897
624-83-9	Isocyanic acid methyl ester	491	5572875	0.000167	0.2744
75-31-0	Isopropylamine	471.76	4551000	0.0002206	0.2786
107-10-8	N-Propylamine	497	4742010	0.000233	0.2879
104-76-7	2-Ethyl-1-hexanol	640.8	2796570	0.000494	0.5518
108-21-4	Acetic acid isopropyl ester	535	3374122	0.000343	0.36
291-64-5	Cycloheptane	604.2	3819953	0.000353	0.2384
292-64-8	Cyclooctane	647.2	3559547	0.00041	0.2536
95-93-2	1,2,4,5-Tetramethylbenzene	676	2900000	0.00048	0.4168
629-50-5	Tridecane	676	1678955	0.0008231	0.623
99-87-6	4-Isopropyltoluene	653	2826967	0.000474	0.3685
96-18-4	1,2,3-Trichloropropane	648.15	3951665	0.000348	0.3283
75-78-5	Dichlorodimethylsilane	520.4	3485580	0.000358	0.272
100-18-5	p-Diisopropylbenzene	674.74	2357833	0.0005842	0.4818
99-89-8	4-Isopropylphenol	710	3597038	0.000434	0.5841
111-84-2	Nonane	594.7	2279813	0.0005552	0.444
123-38-6	Propanal	509.1	5268900	0.0002063	0.2449
554-12-1	Methyl propanoate	530.8	4002338	0.000282	0.352
1678-91-7	Ethylcyclohexane	609	3029617	0.00042	0.2444
112-34-5	Diethylene glycol monobutyl ether	692.3	2789477	0.000536	0.6471
111-11-5	Octanoic acid methyl ester	644	2249415	0.000561	0.5378
110-42-9	Decanoic acid methyl ester	681	1889711	0.000671	0.603
90-15-3	1-Naphthol	825	4853468	0.00042	0.4735
110-68-9	Methyl butyl amine	539	3323460	0.000346	0.347
628-63-7	Acetic acid pentyl ester	597.8	2664847	0.0004687	0.4515
110-74-7	Formic acid propyl ester	538	4063132	0.000285	0.315
624-89-5	Ethyl methyl sulfide	533	4255650	0.000259	0.208
352-93-2	Diethyl sulfide	557.8	3900000	0.0003176	0.2762
13360-63-9	Ethyl butyl amine	554	2826967	0.000401	0.363
109-21-7	1-Butanoic acid butyl ester	612.1	2310210	0.000506	0.4852
111-69-3	1,4-Dicyanobutane	781	2830007	0.000406	0.5576
65-85-0	Benzoic acid	752	4559625	0.000341	0.6383
107-46-0	Hexamethyl disiloxane	516.6	1909976	0.00062	0.4145
563-80-4	Methyl isopropyl ketone	552.8	3850350	0.00031	0.3244
106-36-5	Propanoic acid propyl ester	571	3141075	0.000395	0.4361
91-22-5	Quinoline	782	3799688	0.0004024	0.2389
106-89-8	Epichlorohydrin	610	4900077	0.000233	0.2562
112-27-6	Triethylene glycol	797	3300155	0.000441	0.5842
75-72-9	Chlorotrifluoromethane [R 13]	302	3921278	0.00018	0.18
111-77-3	Diethylene glycol monomethyl ether	672	3670000	0.000371	0.5141
21035-44-9	N-Ethyl-sec.butylamine	543	2897895	0.000393	0.3507
624-64-6	trans-2-Butene	428.6	4103663	0.000238	0.214
616-38-6	Carbonic acid dimethyl ester	557	4800000	0.0002522	0.3321
502-56-7	5-Nonanone	640	2320342	0.00056	0.514
111-90-0	Diethylene glycol ethyl ether	670	3167000	0.000426	0.4795
115-11-7	Isobutylene	417.9	4002338	0.000239	0.19
78-84-2	2-Methylpropanal	513	4154325	0.000274	0.325
590-18-1	cis-2-Butene	435.6	4204988	0.000234	0.202
75-64-9	tert-Butylamine	483.9	3840218	0.0002926	0.274
111-46-6	Diethylene glycol	753	4770381	0.000316	0.5799
589-34-4	3-Methylhexane	535.2	2809742	0.000404	0.324
96-33-3	2-Propenoic acid methyl ester	536	4249570	0.00027	0.3475
355-42-0	Perfluorohexane	451.7	1904910	0.00056	0.4943
463-82-1	2,2-Dimethylpropane	433.8	3195791	0.000307	0.197
75-76-3	Tetramethylsilane	448.64	2820888	0.000361	0.242
108-11-2	4-Methyl-2-pentanol	574.4	3649727	0.00038	0.5723
92-52-4	Biphenyl	773	3380000	0.000502	0.403
101-81-5	Diphenylmethane	767	2978955	0.0005627	0.4619
135-98-8	sec-Butylbenzene	664	2948558	0.000474	0.2971
763-29-1	2-Methyl-1-pentene	505	3293063	0.000351	0.274
691-37-2	4-Methyl-1-pentene	493	3100545	0.000238	0.248
3048-64-4	5-Vinylbicyclo[2.2.1]hept-2-ene	620	3300000	0.0004087	0.2931
77-73-6	Dicyclopentadiene	665	3755105	0.00045	0.3484
112-95-8	Eicosane	767	1070000	0.001156	0.8805
108-67-8	1,3,5-Trimethylbenzene	637.3	3130942	0.000433	0.3796
88-72-2	o-Nitrotoluene	720	3404520	0.0004	0.439
99-08-1	m-Nitrotoluene	725	3049883	0.0004	0.4381
99-99-0	p-Nitrotoluene	735	2999220	0.0004	0.4287
104-90-5	5-Ethyl-2-methylpyridine	662	3343725	0.000427	0.4267
334-48-5	Decanoic acid	726	2097428	0.000638	0.8774
107-51-7	Octamethyltrisiloxan	562.9	1419563	0.00088	0.531
556-67-2	Octamethylcyclotetrasiloxane	586.5	1324318	0.00097	0.5867
119-65-3	Isoquinoline	803	4600155	0.000442	0.2564
91-63-4	Quinaldine	787	4904130	0.000471	0.3967
101-84-8	Diphenyl ether	766	3141075	0.000504	0.44
491-35-0	4-Methylquinoline	797	4650818	0.000498	0.4792
612-60-2	7-Methylquinoline	797	4802805	0.00049	0.421
112-42-5	1-Undecanol	702	2198753	0.000718	0.6724
544-76-3	Hexadecane	722.4	1401325	0.001034	0.742
92-06-8	m-Terphenyl	883	2480000	0.0007243	0.638
95-63-6	1,2,4-Trimethylbenzene	649.1	3232267	0.00043	0.3771
526-73-8	1,2,3-Trimethylbenzene	664.5	3455182	0.00043	0.3669
6881-94-3	Diethylene glycol monopropyl ether	687	2999220	0.0005187	0.5547
75-50-3	Trimethylamine	433.2	4073265	0.000254	0.195
112-53-8	1-Dodecanol	717	1994000	0.000718	0.7202
126-33-0	Sulfolane	855	5029773	0.0003365	0.3463
141-43-5	Monoethanolamine	667.12	7573030	0.000196	0.5684
1081-77-2	Nonylbenzene	741	1899996	0.00079	0.6095
76-15-3	Chloroperfluoroethane [R115]	353.05	3125800	0.000252	0.2493
76-14-2	1,2-Dichlorotetrafluoroethane [R114]	418.85	3269758	0.0002931	0.246
75-43-4	Dichlorofluoromethane [R21]	451.6	5167575	0.000197	0.202
629-78-7	Heptadecane	735.9	1341543	0.001103	0.7564
141-79-7	4-Methyl-3-penten-2-one	597	3749025	0.000278	0.4004
110-65-6	2-Butyne-1,4-diol	691.67	5860638	0.00026	1.1282
628-55-7	Diisobutyl ether	562	2549996	0.000485	0.4179
76-37-9	2,2,3,3-Tetrafluoro-1-propanol	557.2	4850000	0.0002668	0.5383
583-58-4	3,4-Dimethylpyridine	683.8	4123928	0.000351	0.341
108-75-8	2,4,6-Trimethylpyridine	645	3201870	0.000427	0.4099
74-93-1	Methanethiol	470	7234605	0.000145	0.1488
115-10-6	Dimethyl ether	400	5370225	0.000164	0.2033
74-87-3	Methyl chloride	416.3	6677318	0.000139	0.1485
821-95-4	1-Undecene	637	1996103	0.000626	0.518
84-66-2	Phthalic acid diethyl ester	762.15	2330000	0.000642	0.7011
693-02-7	1-Hexyne	539.29	3762197	0.000331	0.146
630-19-3	2,2-Dimethylpropionaldehyde	523	3688230	0.00032	0.2999
5076-19-7	2-Methyl-2,3-epoxybutane	534.8	3399454	0.000301	0.196
123-75-1	Pyrrolidine	568.6	5613405	0.000249	0.2742
563-79-1	2,3-Dimethyl-2-butene	524	3363990	0.000351	0.239
696-29-7	Isopropylcyclohexane	640	2837100	0.00047	0.237
76-05-1	Trifluoroacetic acid	491.3	3258004	0.000204	0.54
592-76-7	1-Heptene	537.2	2837100	0.000405	0.3316
592-42-7	1,5-Hexadiene	507	3445050	0.000328	0.2417
105-66-8	Butanoic acid propyl ester	592.5	2799610	0.000442	0.4484
627-19-0	1-Pentyne	493.4	4053000	0.000278	0.164
629-97-0	Docosane	787	980000	0.001252	0.9423
103-73-1	Ethoxybenzene	647	3424775	0.000389	0.4153
112-14-1	Octyl acetate	661	1985970	0.0006538	0.537
110-63-4	1,4-Butanediol	727	6222000	0.000297	0.714
591-78-6	2-Hexanone	587	3323460	0.000374	0.3877
630-20-6	1,1,1,2-Tetrachloroethane [R130a]	626	4468432	0.000333	0.269
76-01-7	Pentachloroethane	646	3536243	0.000376	0.3478
96-48-0	gamma-Butyrolactone	731	5131000	0.000244	0.3425
589-81-1	3-Methylheptane	563.6	2550350	0.000464	0.3712
95-53-4	o-Methylaniline	710	4650818	0.000343	0.4017
79-27-6	1,1,2,2-Tetrabromoethane	806	6258845	0.000402	0.361
112-62-9	Methyl oleate	774.09	1278300	0.001092	0.9388
123-63-7	2,4,6-Trimethyl-1,3,5-trioxane	579	3499766	0.000365	0.4298
629-92-5	Nonadecane	756	1160000	0.001087	0.8486
553-90-2	Dimethyl oxalate	628	3982072	0.000326	0.558
355-02-2	Perfluoromethylcyclohexane	486.7	2330475	0.0005701	0.4857
565-61-7	3-Methyl-2-pentanone	579	3310288	0.000368	0.338
75-97-8	3,3-Dimethyl-2-butanone	571.5	3470000	0.000371	0.2882
565-80-0	2,4-Dimethyl-3-pentanone	582	3384255	0.000415	0.4
137-32-6	2-Methyl-1-butanol	571	3850350	0.000322	0.6137
75-84-3	2,2-Dimethyl-1-propanol	549	3951675	0.000319	0.62
6032-29-7	2-Pentanol	561.15	3870605	0.000329	0.6263
598-75-4	3-Methyl-2-butanol	556.1	3870000	0.000327	0.5149
75-85-4	tert-Pentanol	545	3710000	0.000319	0.4646
77-74-7	3-Methyl-3-pentanol	575.6	3520000	0.00038	0.5061
623-37-0	3-Hexanol	582.48	3360000	0.0003827	0.5934
626-93-7	(+-)-2-Hexanol	586.15	3310004	0.000384	0.5998
107-04-0	1-Bromo-2-chloro ethane	605	5491815	0.000262	0.236
142-28-9	1,3-Dichloropropane	610.3	4247544	0.0003	0.2614
74-95-3	Dibromomethane [R30B2]	583	6499999	0.000211	0.3029
75-12-7	Formamide	771	7799999	0.000125	0.4378
122-39-4	Diphenylamine	931.15	8140000	0.00052	0.3047
95-49-8	o-Chlorotoluene	635	4014496	0.000369	0.4322
93-89-0	Ethyl benzoate	697	3242400	0.000451	0.48
106-94-5	Propyl bromide	539	4798000	0.000272	0.2517
1569-01-3	1-Propoxy-2-propanol	605.1	3051000	0.000398	0.4966
355-68-0	Perfluorocyclohexane	457.2	2431800	0.000489	0.4782
503-74-2	3-Methyl butyric acid	629	3394388	0.000336	0.7598
623-42-7	Methyl butanoate	554.4	3475447	0.00034	0.382
36653-82-4	1-Hexadecanol	770	1460093	0.000937	0.8156
112-92-5	1-Octadecanol	790	1279735	0.001047	0.8661
1120-21-4	n-Undecane	638.4	1948480	0.0006886	0.535
3221-61-2	2-Methyloctane	582.8	2310210	0.000541	0.4499
565-75-3	2,3,4-Trimethyl pentane	566.4	2729696	0.00046	0.317
629-62-9	Pentadecane	707	1479345	0.000966	0.6897
108-32-7	Propylene carbonate	762.7	4140000	0.00025	0.4107
2189-60-8	Octylbenzene	728	2036633	0.00072	0.5634
504-63-2	1,3-Propanediol	718.2	6550000	0.000241	0.6309
1634-09-9	1-Butylnaphthalene	791.75	2591893	0.00061	0.5141
1127-76-0	1-Ethylnaphthalene	775.6	3100545	0.000553	0.3767
629-11-8	1,6-Hexanediol	700	3000000	0.000398	0.9606
629-05-0	1-Octyne	598.46	3100545	0.000441	0.2619
149-57-5	2-Ethyl hexanoic acid	674.6	2776305	0.000548	0.8176
111-14-8	Heptanoic acid	679	2877630	0.000466	0.7297
75-26-3	Isopropyl bromide	525.6	5530319	0.000264	0.2645
106-43-4	p-Chlorotoluene	640	4004364	0.000362	0.4228
112-41-4	1-Dodecene	657	1854247	0.000681	0.5192
110-62-3	Valeraldehyde	566.1	3971940	0.0003132	0.3304
66-25-1	Hexanal	591	3455182	0.000378	0.3847
111-71-7	Heptanal	614	3232267	0.000434	0.4258
124-13-0	Octanal	638.1	2958690	0.000488	0.4318
124-19-6	Nonanal	656	2690179	0.000543	0.5132
95-13-6	Indene	695.15	3799688	0.0003685	0.2571
591-76-4	2-Methylhexane	530.4	2739828	0.000421	0.33
589-43-5	2,4-Dimethylhexane	553.5	2560483	0.000472	0.343
98-06-6	tert-Butylbenzene	660	2968822	0.0004898	0.265
120-80-9	1,2-Dihydroxybenzene	770	6494932	0.000292	0.5145
108-45-2	m-Phenylenediamine	815	4799765	0.000322	0.558
142-68-7	Tetrahydropyran	572.2	4772407	0.000263	0.218
76-03-9	Trichloroacetic acid	685	5099687	0.000293	0.5911
110-61-2	1,2-Dicyanoethane	770	3540295	0.0003	0.5949
1072-16-8	2,7-Dimethyloctane	602.9	2097428	0.00059	0.4459
1640-89-7	Ethylcyclopentane	569.5	3400467	0.000375	0.2708
3875-51-2	Isopropylcyclopentane	601	2999220	0.000426	0.24
91-17-8	Decalin <Isomer not specified>	645.15	2010000	0.000485	0.4155
563-78-0	2,3-Dimethyl-1-butene	501	3242400	0.000343	0.221
112-05-0	Nonanoic acid	712	2350740	0.000594	0.7603
95-50-1	o-Dichlorobenzene	697.3	4103663	0.00036	0.272
108-44-1	m-Methylaniline	709	4154325	0.000343	0.4078
108-46-3	1,3-Dihydroxybenzene	810	6750272	0.000292	0.6413
1634-04-4	Methyl tert-butyl ether	497.1	3434918	0.000319	0.267
591-93-5	1,4-Pentadiene	478	3789555	0.000276	0.1473
557-17-5	Methyl propyl ether	472	3800701	0.000274	0.3107
598-53-8	Methyl isopropyl ether	464.5	3759157	0.000277	0.2633
103-84-4	Acetanilide	825	4701480	0.000407	0.6168
112-72-1	1-Tetradecanol	743	1669836	0.000826	0.781
109-05-7	2-Methylpiperidine	598	3799688	0.00034	0.2669
693-65-2	Dipentyl ether	627	1996103	0.000611	0.5315
2207-01-4	cis-1,2-Dimethylcyclohexane	606	2938425	0.000422	0.2323
142-29-0	Cyclopentene	507	4801792	0.000245	0.194
591-49-1	1-Methylcyclohexene	584.2	3566640	0.0003536	0.2576
95-51-2	o-Chloroaniline	730	4600155	0.000337	0.373
108-42-9	m-Chloroaniline	753	5005455	0.000337	0.4071
106-47-8	p-Chloroaniline	756	4448168	0.000337	0.417
88-74-4	2-Nitroaniline	800	5501947	0.00037	0.708
99-09-2	3-Nitroaniline	840	5005455	0.00037	0.63
100-01-6	4-Nitroaniline	870	5501947	0.00037	0.764
994-05-8	Methyl tert-amyl ether	534	3113717	0.000377	0.3103
13389-42-9	trans-2-Octene	580	2766172	0.00046	0.35
7789-20-0	Deuterium oxide	644	21663290	0.0000556	0.388
142-92-7	Hexyl acetate	618.4	2381138	0.0005239	0.5042
496-11-7	Indane	684.9	3789555	0.0003835	0.2913
575-41-7	1,3-Dimethyl naphthalene	781.2	3313328	0.000534	0.4126
571-58-4	1,4-Dimethyl naphthalene	790.2	3363990	0.000534	0.3933
629-76-5	1-Pentadecanol	757	1599922	0.000882	0.8072
111-42-2	2,2'-Diethanolamine	715	3269758	0.000333	1.0463
624-24-8	Methyl pentanoate	579	3090413	0.000396	0.3481
539-82-2	Ethyl valerate	593.3	2654715	0.000451	0.3552
591-68-4	Butyl valerate	636	2087295	0.000561	0.4786
638-11-9	Isopropyl butyrate	579	2614185	0.000443	0.325
109-75-1	Allylcyanide	585	3951675	0.000265	0.3596
75-63-8	Trifluorobromomethane [R13B1]	340.2	3971940	0.0002	0.1687
75-37-6	1,1-Difluoroethane [R152a]	386.35	4515700	0.000181	0.2586
75-08-1	Ethanethiol	499	5491815	0.000207	0.186
13952-84-6	sec-Butylamine	511	3969995	0.000282	0.2998
78-86-4	sec-Butyl chloride	520.6	3951665	0.000305	0.3
7058-01-7	sec-Butylcyclohexane	669	2674980	0.000522	0.264
5063-65-0	1,2-Heptenoxide	610	2705378	0.000417	0.3282
807-28-3	1,3-Dimethyl-1,1,3,3-tetraphenyldisiloxane	893	1380000		0.8079
120-12-7	Anthracene	873.1	3404520	0.000554	0.5159
85-01-8	Phenanthrene	873.1	3171472	0.000554	0.4734
123-96-6	2-Octanol	637	2735775	0.000494	0.52
627-20-3	cis-2-Pentene	476	3597038	0.000292	0.233
95-68-1	2,4-Dimethylaniline	714	4002338	0.000402	0.4972
102-82-9	Tributylamine	643	1823850	0.000731	0.5884
2765-18-6	1-Propyl naphthalene	781.15	2923226	0.0005669	0.456
1077-16-3	Hexylbenzene	695.4	2554403	0.0005826	0.529
109-74-0	Butanenitrile	585.4	3819953	0.000285	0.3325
2837-89-0	1-Chloro-1,2,2,2-tetrafluoroethane [R124]	395.65	3718628	0.0002457	0.3003
151-56-4	Ethylenimine	528	7700700	0.00015	0.3139
1574-41-0	cis-1,3-Pentadiene	488	3989996	0.000275	0.2552
542-55-2	Isobutyl formate	549	3556507	0.000352	0.3725
111-13-7	2-Octanone	629	2624318	0.000497	0.479
105-30-6	2-Methyl-1-pentanol	582	3400467	0.00038	0.7262
102-69-2	Tripropylamine	600	2229150	0.000566	0.452
538-68-1	Pentylbenzene	679.9	2604053	0.00055	0.4274
105-38-4	Vinyl propionate	546	3680124	0.000323	0.3691
110-01-0	Tetrahydrothiophene	632	5167575	0.0002648	0.1988
102-71-6	Triethanolamine	787	2450039	0.000446	1.1008
95-15-8	Benzo(b)thiophene	752.1	3880747	0.0003758	0.2927
90-04-0	o-Anisidine	728	5846453	0.000367	0.5558
507-19-7	tert-Butyl bromide	540.5	4793686	0.00031	0.2454
97-53-0	4-Allyl-2-methoxyphenol	778.7	4105000	0.0005	0.4526
100-71-0	2-Ethylpyridine	634	4103663	0.000372	0.3512
75-73-0	Tetrafluoromethane [R14]	227.5	3738893	0.00014	0.176
7688-21-3	cis-2-Hexene	512	3201870	0.000351	0.288
1873-88-7	1,1,1,3,5,5,5-Heptamethyltrisiloxane	553.4	1481000		0.5247
111-01-3	Squalane	795.9	509665	0.001645	1.2135
140-29-4	Benzylcyanide	745	4002338	0.000397	0.4131
4050-45-7	trans-2-Hexene	508	3120810	0.000351	0.299
13269-52-8	trans-3-Hexene	510	3282930	0.000351	0.292
627-05-4	1-Nitrobutane	625	3800002	0.000338	0.4004
124-38-9	Carbon dioxide	304.2	7376460	0.000094	0.2252
74-82-8	Methane	190.6	4600155	0.000099	0.008
7782-44-7	Oxygen	154.6	5045985	0.0000734	0.021
74-85-1	Ethylene	282.35	5041628	0.000129	0.085
74-84-0	Ethane	305.4	4883865	0.000148	0.098
115-07-1	Propylene	365	4620420	0.000181	0.148
7727-37-9	Nitrogen	126.2	3394388	0.0000895	0.04
630-08-0	Carbon monoxide	132.9	3475447	0.0000931	0.049
7440-37-1	Argon	150.8	4873732	0.0000749	-0.004
7782-50-5	Chlorine	417	7700700	0.000124	0.073
7439-90-9	Krypton	209.4	5501947	0.0000912	-0.002
10024-97-2	Dinitrogen monoxide	309.6	7244738	0.0000974	0.1733
7440-63-3	Xenon	289.7	5836320	0.000118	0.002
1333-74-0	Hydrogen	33.2	1296960	0.000065	-0.22
74-86-2	Ethyne	308.3	6140295	0.000113	0.184
7783-06-4	Hydrogen sulfide	372.8	8936865	0.0000985	0.1
420-46-2	1,1,1-Trifluoroethane [R143a]	346.25	3759157	0.000194	0.2619
75-46-7	Fluoroform [R23]	299.05	4752143	0.000133	0.2528
120-51-4	Benzyl benzoate	825	2533125	0.000694	0.547
75-89-8	2,2,2-Trifluoroethanol	499.29	4839991	0.0002054	0.6307
106-35-4	3-Heptanone	602	2920186	0.00043	0.4346
7642-09-3	cis-3-Hexene	517	3282930	0.00035	0.225
590-35-2	2,2-Dimethylpentane	520.5	2770226	0.000416	0.289
75-35-4	1,1-Dichloroethylene	489	4679999	0.000219	0.1705
589-53-7	4-Methyl-heptane	561.7	2540218	0.000476	0.369
112-52-7	1-Chlorododecane	714.9	1852221	0.000746	0.621
591-22-0	3,5-Dimethylpyridine	667.3	3951675	0.000355	0.349
2207-04-7	trans-1,4-Dimethylcyclohexane	587.7	2938425	0.00045	0.2502
6163-66-2	Di-tert-butyl ether	550	2459999	0.0004949	0.3327
544-01-4	Diisopentyl ether	614	2148090	0.000595	0.523
99-97-8	4-Dimethylaminotoluene	695	3749025	0.000457	0.529
609-72-3	2-Dimethylaminotoluene	667	3121000	0.000457	0.395
92-51-3	Bicyclohexyl	731.4	2614185	0.000577	0.3979
4390-04-9	2,2,4,4,6,8,8-Heptamethylnonane	692	1469213	0.00088	0.5256
372-38-3	1,3,5-Trifluorobenzene	530.9	3953702	0.000304	0.3056
367-11-3	1,2-Difluorobenzene	565.5	4580903	0.00029	0.2945
372-18-9	1,3-Difluorobenzene	543.1	4308339	0.0002967	0.3161
540-36-3	1,4-Difluorobenzene	557.75	4397505	0.0002967	0.2843
551-62-2	1,2,3,4-Tetrafluorobenzene	550.75	3790568	0.0003152	0.339
2367-82-0	1,2,3,5-Tetrafluorobenzene	535.15	3746999	0.00031	0.3417
327-54-8	1,2,4,5-Tetrafluorobenzene	543.35	3800701	0.00031	0.355
363-72-4	Pentafluorobenzene	531	3531176	0.0003193	0.373
592-57-4	1,3-Cyclohexadiene	559	4450194	0.000277	0.2
344-04-7	Bromopentafluorobenzene	601	3039750	0.000415	0.355
593-45-3	Octadecane	747.7	1292000	0.001189	0.8087
344-07-0	Chloropentafluorobenzene	570.81	3238347	0.0003848	0.4
110-56-5	1,4-Dichlorobutane	646.7	3694309	0.00035	0.3064
628-76-2	1,5-Dichloropentane	673.6	3267731	0.000406	0.3546
2163-00-0	1,6-Dichlorohexane	692.5	2930319	0.000461	0.4227
578-58-5	2-Methoxy toluene	662	1291894	0.000392	0.1965
107-88-0	1,3-Butanediol	676	4020000	0.0003064	0.7206
110-59-8	Valeronitrile	603	3259625	0.000331	0.4152
111-86-4	1-Octanamine	641	2617000	0.000517	0.4509
75-18-3	Dimethyl sulfide	503	5532345	0.0002037	0.19
112-70-9	n-Tridecanol	732	1790413	0.000771	0.6942
2051-30-1	2,6-Dimethyloctane	603.1	2149995	0.000576	0.4442
75-10-5	Difluoromethane [R32]	351.55	5830241	0.000121	0.271
74-97-5	Bromochloromethane [R30B1]	558	6180825	0.000207	0.193
616-45-5	2-Pyrrolidone	799	6342935	0.00025	0.4434
584-84-9	2,4-Toluene diisocyanate	745.2	3538830	0.000419	0.5441
106-49-0	p-Methylaniline	667.15	2305000	0.000351	0.4426
98-54-4	4-tert-Butylphenol	730	3300155	0.00048	0.5335
86-73-7	9H-Fluorene	822.32	2989088	0.00055	0.4196
86-74-8	Diphenylenimine	900.05	3240373	0.000525	0.4876
206-44-0	Fluoranthene	916.11	2573655	0.000655	0.516
75-69-4	Trichlorofluoromethane [R11]	471.15	4407638	0.000248	0.188
583-48-2	3,4-Dimethylhexane	568.8	2690179	0.000466	0.338
95-87-4	2,5-Dimethylphenol	706.9	4863600	0.00035	0.5474
95-65-8	3,4-Dimethylphenol	729.8	4964925	0.00035	0.5602
541-73-1	m-Dichlorobenzene	684	3850350	0.000359	0.2728
78-10-4	Tetraethoxysilane	592.2	2044700	0.000657	0.6248
92-94-4	p-Terphenyl	908	2990000	0.0007288	0.6532
538-93-2	Isobutylbenzene	650	3049883	0.0004898	0.3694
503-17-3	2-Butyne	488.6	4900000	0.000221	0.1078
76-16-4	Hexafluoroethane [R116]	293.04	3041777	0.0002219	0.229
354-33-6	Pentafluoroethane [R125]	339.45	3595011	0.00021	0.3003
98-88-4	Benzoylchloride	697	4060093	0.000367	0.4205
1511-62-2	Bromodifluoromethane [R22B1]	411.98	5132010	0.000167	0.2051
353-59-3	Bromochlorodifluoromethane [R12B1]	426.9	4245518	0.00023	0.184
638-68-6	Triacontane	857	636000	0.001693	1.26
592-27-8	2-Methylheptane	559.7	2499688	0.000488	0.378
562-49-2	3,3-Dimethylpentane	536.4	2949571	0.000414	0.27
630-02-4	Octacosane	845.4	727513	0.001583	1.195
78-82-0	Isobutyronitrile	565	3760171	0.000278	0.3384
111-61-5	Octadecanoic acid ethyl ester	781.54	1198100	0.001167	0.9408
110-58-7	1-Aminopentane	555	3576772	0.000346	0.407
544-40-1	Dibutylsulfide	650	2499688	0.000536	0.4277
624-92-0	Dimethyl disulfide	615	4799998	0.00026	0.1869
110-81-6	Diethyl disulfide	642	3499999	0.00037	0.3086
103-69-5	N-Ethylaniline	698.3	4002338	0.000402	0.471
100-46-9	alpha-Aminotoluene	686	4802805	0.000347	0.435
629-14-1	1,2-Diethoxyethane	542	3220000	0.000411	0.65
646-31-1	Tetracosane	802.62	896726	0.001362	1.0411
630-06-8	Hexatriacontane	901	682000	0.002025	1.5125
544-85-4	Dotriacontane	851.44	597818	0.0018	1.3585
590-73-8	2,2-Dimethylhexane	549.8	2530085	0.000478	0.338
16747-26-5	2,2,4-Trimethylhexane	573.7	2371005	0.000526	0.3471
592-13-2	2,5-Dimethylhexane	550	2489555	0.000482	0.352
112-60-7	Tetraethylene glycol	800	3199843	0.000571	0.8143
77-99-6	2-Ethyl-2-hydroxymethyl-1,3-propanediol	709	3909929	0.000416	1.2871
7440-59-7	Helium	5.3	232034	0.0000578	-0.387
7440-01-9	Neon	44.4	2756040	0.0000417	-0.0414
2551-62-4	Sulfur hexafluoride	318.7	3760171	0.0001988	0.1499
7446-09-5	Sulfur dioxide	430.8	7883085	0.000122	0.251
109-92-2	Ethyl vinyl ether	475.37	4075000	0.00026	0.2868
821-55-6	2-Nonanone	651.9	2482000	0.000254	0.5072
629-94-7	Heneicosane	778	1030000	0.0012	0.9049
109-97-7	Pyrrole	625.15	5490000	0.000214	0.3255
1638-26-2	1,1-Dimethylcyclopentane	547	3445050	0.00036	0.273
124-12-9	Caprylonitrile	674.4	2850000	0.000506	0.4892
111-34-2	Butyl vinyl ether	540.5	3200000	0.0003806	0.342
10034-85-2	Hydrogen iodide	423.15	8298518	0.000131	0.05
591-50-4	Iodobenzene	721	4519095	0.000351	0.246
584-94-1	2,3-Dimethylhexane	563.5	2630397	0.000468	0.346
76-19-7	Perfluoropropane [R218]	345.05	2680046	0.000299	0.3257
7782-39-0	Deuterium	38.4	1659997	0.0000603	-0.13
116-14-3	Tetrafluoroethylene	306.5	3940002	0.000172	0.223
1074-55-1	p-Methylpropylbenzene	660.7	2845206	0.000482	0.3856
2696-92-6	Nitrosylchloride	440	9119250	0.000139	0.318
79-38-9	Chlorotrifluoroethylene	379	4053000	0.000212	0.2464
10102-43-9	Nitrogen oxide	180	6479997	0.000058	0.588
684-16-2	Perfluoro-2-propanone	357.14	2837100	0.0003288	0.365
463-58-1	Carbonyl sulfide	378.3	6302415	0.0001351	0.099
105-46-4	sec-Butyl acetate	560	3124863	0.000388	0.403
122-79-2	Acetic acid phenyl ester	685.7	3590000	0.000397	0.4335
105-39-5	Ethyl chloroacetate	618	3899999	0.00033	0.4
352-32-9	4-Fluorotoluene	589.9	3949649	0.000331	0.3103
111-15-9	1,2-Ethanediol-monoacetate-monoethyl ether	607.3	3161340	0.0004435	0.5443
109-83-1	2-N-Monomethylaminoethanol	630	5300000	0.0002554	0.6022
1120-36-1	1-Tetradecene	689	1560405	0.000791	0.644
637-92-3	Ethyl tert-butyl ether	509.4	2933931	0.000394	0.3194
353-36-6	Fluoroethane [R161]	375.3	5025720	0.000169	0.2153
75-68-3	1-Chloro-1,1-difluoroethane [R142b]	410.35	4048000	0.000228	0.2316
60-34-4	Methylhydrazine	567	8039997	0.000271	0.3901
10544-72-6	Dinitrogen tetroxide	431	10132500	0.000167	0.8539
7783-54-2	Nitrogen trifluoride	234	4529228	0.000124	0.1021
682-01-9	Propyl silicate	647.7	1696200	0.000867	0.7546
593-53-3	Methyl fluoride [R41]	317.8	5876850	0.00011	0.1774
74-83-9	Methyl bromide [R40B1]	467	8265790	0.000156	0.1642
622-97-9	p-Methyl-styrene	669	3303195	0.000402	0.283
611-14-3	1-Ethyl-2-methylbenzene	651.5	3140000	0.0004399	0.3197
620-14-4	1-Ethyl-3-methylbenzene	645.1	3248480	0.00049	0.3319
622-96-8	1-Ethyl-4-methylbenzene	638.7	3230000	0.0004399	0.3731
488-23-3	1,2,3,4-Tetramethylbenzene	700.5	3273811	0.0004357	0.3879
527-53-7	1,2,3,5-Tetramethyl benzene	679	2841153	0.0004362	0.4051
2870-04-4	2-Ethyl m-xylene	665.1	2929306	0.0004462	0.4359
1758-88-9	2-Ethyl p-xylene	662.6	2899922	0.0004608	0.4175
934-80-5	4-Ethyl o-xylene	662.6	2899922	0.0004521	0.4472
874-41-9	4-Ethyl m-xylene	662.6	2899922	0.000482	0.4331
934-74-7	5-Ethyl m-xylene	649.1	2800623	0.000458	0.4692
141-93-5	1,3-Diethylbenzene	657.1	2919173	0.0004677	0.3927
105-05-5	1,4-Diethylbenzene	657.88	2802649	0.0004782	0.409
527-84-4	o-Isopropyl-toluene	657.3	2904988	0.0004902	0.369
535-77-3	m-Isopropyl-toluene	651.4	2846219	0.0004902	0.3628
1074-17-5	o-Propyltoluene	662.1	2887763	0.0004898	0.399
3042-50-0	2-Propyl p-xylene	679.7	2654715	0.0005511	0.4295
4132-72-3	2,5-Dimethyl cumene	668.8	2629384	0.0005511	0.4297
573-98-8	1,2-Dimethyl naphthalene	790.24	3361964	0.0004692	0.3951
571-61-9	1,5-Dimethyl naphthalene	781.3	3219095	0.0004734	0.4261
575-43-9	1,6-Dimethyl naphthalene	778.2	3222135	0.0004726	0.412
575-37-1	1,7-Dimethyl naphthalene	778.2	3222135	0.0004726	0.4327
581-40-8	2,3-Dimethyl naphthalene	785.2	3217069	0.0005139	0.4137
581-42-0	2,6-Dimethyl naphthalene	777.2	3222135	0.0005077	0.3818
582-16-1	2,7-Dimethyl naphthalene	778.2	3222135	0.0005077	0.4069
939-27-5	2-Ethyl naphthalene	771.8	3171472	0.000516	0.4114
1120-62-3	3-Methyl cyclopentene	523.2	3828058	0.0003068	0.227
2207-03-6	trans-1,3-Dimethyl cyclohexane	598	2938425	0.00046	0.2118
638-04-0	cis-1,3-Dimethyl cyclohexane	591	2938425	0.00046	0.2828
624-29-3	cis-1,4-Dimethyl cyclohexane	598	2938425	0.00046	0.2338
1678-92-8	n-Propyl cyclohexane	639	2546297	0.0004813	0.2585
3877-19-8	2-Methyl tetralin	715.2	2968822	0.0005	0.39
1680-51-9	6-Methyl tetralin	733.2	3116757	0.0004831	0.3769
583-61-9	2,3-Dimethylpyridine	655.4	4109742	0.000359	0.3408
589-93-5	2,5-Dimethylpyridine	644.2	3874668	0.000359	0.3501
536-78-7	3-Ethylpyridine	661	4000108	0.000368	0.3367
536-75-4	4-Ethylpyridine	663	4099609	0.000368	0.3392
620-22-4	m-Toluonitrile	710	3749025	0.0004	0.4244
104-85-8	p-Toluonitrile	723	3546375	0.0004	0.3939
589-16-2	4-Ethyl aniline	715	3850350	0.000402	0.479
776-35-2	9,10-Dihydrophenanthrene	774	1314185	0.00066	0.5475
1125-80-0	3-Methyl-isoquinoline	808	5099687	0.0005	0.351
1198-37-4	2,4-Dimethyl quinoline	807	3899999	0.000552	0.3909
110-87-2	2,3-Dihydro-4H-pyran	561.7	4559625	0.000268	0.2392
123-07-9	4-Ethylphenol	716.4	4053000	0.0004	0.4892
90-00-6	2-Ethylphenol	703	4296180	0.000381	0.4793
92-69-3	p-Phenylphenol	825	3495713	0.0005	0.5695
287-27-4	Thiacyclobutane	603.15	6099765	0.000204	0.182
554-14-3	2-Methyl thiophene	606.2	4673109	0.0002794	0.2381
616-44-4	3-Methyl thiophene	610.8	4787606	0.0002748	0.243
1613-51-0	Tetrahydrothiopyran	654	4549493	0.000293	0.219
1795-09-1	2-Methyl-thiacyclopentane	631.2	4300233	0.000306	0.245
4740-00-5	3-Methyl-thiacyclopentane	641.2	4375214	0.000306	0.246
1679-07-8	Cyclopentane-thiol	629	4274902	0.00032	0.253
108-98-5	Benzenethiol	685	4600155	0.000317	0.284
632-16-6	2,3-Dimethyl thiophene	635.2	3879734	0.000332	0.2679
638-00-6	2,4-Dimethyl thiophene	631.2	4014496	0.000332	0.2955
638-02-8	2,5-Dimethyl thiophene	625.2	3890373	0.000332	0.2811
632-15-5	3,4-Dimethyl thiophene	640.2	3907700	0.000332	0.2674
5258-50-4	3-Methyl-thiacyclohexane	664	3874668	0.00035	0.249
5161-16-0	2-Methyl-thiacyclohexane	656	3825019	0.00035	0.245
5161-17-1	4-Methyl thiacyclohexane	665	3849944	0.00035	0.245
1569-69-3	Cyclohexanethiol	664.2	3849337	0.000401	0.252
577-55-9	1,2-Diisopropylbenzene	668.95	2445985	0.0005829	0.4743
99-62-7	1,3-Diisopropylbenzene	664.35	2348714	0.0005829	0.4858
2027-19-2	2-n-Propylnaphthalene	780.05	2849259	0.0005635	0.4943
1134-62-9	2-n-Butylnaphthalene	793.35	2541231	0.00061	0.4656
129-00-0	Pyrene	938.2	2604053	0.000626	0.4862
84-15-1	o-Terphenyl	857	2990000	0.0007311	0.5459
590-66-9	1,1-Dimethylcyclohexane	591	2938425	0.00045	0.238
6876-23-9	trans-1,2-Dimethylcyclohexane	596	2938425	0.00046	0.2296
92-85-3	Thianthrene	920	3420000	0.0005841	0.4602
6682-71-9	4,7-Dimethyl indan	722.3	4742000	0.000514	0.502
290-37-9	Pyrazine	622	5799843	0.00025	0.2392
96-54-8	N-Methyl pyrrole	596	4850428		0.311
109-08-0	2-Methyl pyrazine	634.4	5005455	0.0003187	0.2749
625-84-3	2,5-Dimethyl pyrrole	661	5099687	0.000323	0.446
529-19-1	o-Tolunitrile	709	3951675	0.0004	0.4092
120-72-9	Indole	790.7	4275915	0.000369	0.3464
87-62-7	2,6-Dimethylaniline	722	4199921	0.000402	0.4273
611-32-5	8-Methylquinoline	791	5000389	0.00047	0.3855
260-94-6	Acridine	905.15	3600077	0.0005431	0.4133
123-31-9	1,4-Dihydroxybenzene	820	6749967	0.000292	0.6598
620-17-7	3-Ethylphenol	718.8	4154325	0.000389	0.5105
87-66-1	1,2,3-Trihydroxybenzene	840	6251753	0.000307	0.6095
644-35-9	2-Propylphenol	705	3850350	0.000442	0.5982
132-64-9	Dibenzofuran	809.59	3201870	0.0004934	0.4336
1795-01-3	3-Ethylthiophene	629	4154325	0.000332	0.2815
7133-36-0	1-Cyclopentyl-1-thiaethane	652	3749025	0.000375	0.2885
100-68-5	1-Phenyl-1-thiaethane	706	4070225	0.000372	0.3351
698-71-5	3-Methyl-5-ethyl-phenol	725	3566640	0.000442	0.5613
697-82-5	2,3,5-Trimethylphenol	730	3850350	0.000442	0.5475
574-00-5	1,2-Dihydroxynaphthalene	718.59	3505845	0.00045	0.3
102-25-0	1,3,5-Triethylbenzene	679	2435000	0.0006166	0.5238
132-65-0	Dibenzothiophene	897	3860000	0.0005159	0.3863
208-96-8	Acenaphthylene	796.87	3221922	0.0004756	0.3609
594-56-9	2,3,3-Trimethyl-1-butene	533	2897895	0.0004	0.192
1814-88-6	1,1,1,2,2-Pentafluoropropane	380.12	3137002	0.0002732	0.3016
75-19-4	Cyclopropane	398	5540451	0.000162	0.1261
628-73-9	N-Hexanoic acid nitrile	622.05	2920186	0.000384	0.4743
105-58-8	Carbonic acid diethyl ester	576.33	3367400	0.00036	0.4561
96-49-1	Ethylene carbonate	794.82	6141840	0.000195	0.406
106-65-0	Dimethylsuccinate	665.73	3092783	0.00042	0.5386
2690-08-6	Di-n-octyl thioether	780	1800000	0.001112	0.8067
287-23-0	Cyclobutane	458	5045985	0.000218	0.2061
929-06-6	Diglycolamine	727	6220000	0.000325	0.6432
104-72-3	1-Phenyldecane	753	1779997	0.00085	0.6646
123-01-3	1-Phenyldodecane	779.1	1570538	0.00098	0.7278
1459-10-5	1-Phenyltetradecane	792	1419999	0.00111	0.8171
2131-18-2	1-Phenylpentadecane	800	1350004	0.00114	0.4254
103-49-1	Dibenzylamine	835	4053000	0.000624	0.485
543-49-7	2-Heptanol	608.3	3021005	0.0004418	0.5784
594-82-1	2,2,3,3-Tetramethylbutane	567.8	2867497	0.000461	0.2469
544-10-5	1-Chlorohexane	594.4	3052922	0.000416	0.3738
375-96-2	Perfluorononane	523.95	1560000	0.0008	0.5193
617-78-7	3-Ethylpentane	540.6	2889789	0.000416	0.31
1678-93-9	n-Butylcyclohexane	667	3151208	0.00053	0.3524
872-55-9	2-Ethylthiophene	626	4002338	0.000332	0.2653
109-79-5	n-Butylmercaptan	570.1	4002338	0.0003244	0.2734
513-44-0	iso-Butylmercaptan	557	3899999	0.000307	0.2485
513-53-1	sec-Butylmercaptan	551	3849995	0.000307	0.2479
107-00-6	1-Butyne	440	4600000	0.000208	0.2485
590-19-2	1,2-Butadiene	443.7	4498830	0.000219	0.255
74-99-7	Propyne	402.4	5623538	0.000164	0.218
76-12-0	1,1,2,2-Tetrachloro-1,2-difluoroethane [R112]	551	3445050	0.000358	0.273
646-04-8	trans-2-Pentene	475	3657832	0.0003	0.2409
422-05-9	2,2,3,3,3-Pentafluoropropanol	536.7	5230000	0.000287	0.4281
111-31-9	Hexylmercaptan	622	3020002	0.000426	0.3646
111-88-6	Octylmercaptan	667.3	2500002	0.000505	0.4466
7446-11-9	Sulfur trioxide	490.85	8207325	0.0001278	0.4121
540-67-0	Methyl ethyl ether	437.8	4397505	0.000221	0.2361
564-02-3	2,2,3-Trimethylpentane	563.5	2729696	0.000436	0.297
7782-41-4	Fluorine	144.31	5215198	0.0000662	0.0588
463-49-0	Propadiene	393.9	5250000	0.000166	0.0645
106-88-7	1,2-Epoxybutane	520	4660950	0.00025	0.3021
10049-04-4	Chlorine dioxide	465	8611612		0.277
355-28-2	2,2,3,3,4,4,5,5,5-Nonafluoro-1-pentanol	521.45	2330000	0.00045	0.6788
10028-15-6	Ozone	261.05	5532000	0.000089	0.1559
1436-34-6	1,2-Epoxyhexane	585	3303195	0.00036	0.318
7803-62-5	Silane	269	4855494		0.1599
112-31-2	Capraldehyde	674.2	2604053	0.000599	0.552
374-07-2	1,1-Dichloro tetrafluoro ethane [R114a]	418.65	3303000	0.0002937	0.2588
2473-01-0	1-Nonylchloride	663	2307170	0.000581	0.5018
547-63-7	2-Methylpropanoic acid methyl ester	540.8	3434918	0.000339	0.362
681-84-5	Tetramethoxysilane	562.8	2872600	0.000445	0.4425
106-31-0	Butyric anhydride	639	2689976	0.000501	0.6663
375-82-6	1,1-Dihydroperfluoroheptanol	554.65	2220000	0.000614	0.8227
75-38-7	1,1-Difluoroethene	303	4430000	0.000154	0.1506
2437-56-1	1-Tridecene	674	1700000	0.00074	0.598
13360-61-7	1-Pentadecene	704	1450001	0.00085	0.682
1459-09-2	Hexadecylbenzene	808	1289999	0.0012	0.9525
6742-54-7	1-Phenylundecane	764	1669998	0.00091	0.7082
123-02-4	1-Phenyltridecane	784	1499995	0.00104	0.8055
1067-20-5	3,3-Diethylpentane	610	2669995	0.000484	0.3267
107-98-2	1-Methoxy-2-propanol	579.8	4113000	0.0002799	0.448
763-69-9	Propionic acid,beta ethoxy,ethyl ester	618.7	2659781	0.0004583	0.5149
19600-63-6	1,2-Epoxy-7-octene	644.68	2732630	0.00045	0.3619
1759-58-6	trans-1,3-Dimethylcyclopentane	552	3300155	0.000378	0.248
594-20-7	2,2-Dichloropropane	536.8	4277942	0.00028	0.2206
97-62-1	Ethyl isobutyrate	553	3049883	0.000421	0.4247
2807-30-9	Ethylene glycol monopropyl ether	614.6	3649727	0.0003642	0.472
7783-61-1	Silicon tetrafluoride	259	3714600		0.3293
811-97-2	1,1,1,2-Tetrafluoroethane [R134a]	374.25	4064146	0.0002041	0.3259
1717-00-6	1,1-Dichloro-1-fluoroethane [R141b]	477.35	4339750	0.0002573	0.2016
771-61-9	2,3,4,5,6-Pentafluorophenol	609	4000000	0.0003497	0.4969
930-68-7	2-Cyclohexen-1-one	685	4530000	0.0003076	0.3076
90-41-5	2-Aminobiphenyl	838	3933000	0.0005923	0.4525
355-04-4	Perfluoro-2-methylpentane	455.3	1923000	0.00055	0.4464
112-15-2	Diethylene glycol monoethyl ether acetate	663	2730000	0.000546	0.7404
124-17-4	Diethylene glycol monobutyl ether acetate	693.9	2150000	0.000656	0.7837
4181-95-7	Tetracontane	882.83	414419	0.00225	1.684
7098-22-8	Tetratetracontane	894.37	347545	0.00247	1.855
111-40-0	Diethylenetriamine	709	4300000	0.0003611	0.4537
630-01-3	Hexacosane	817.06	806547	0.001475	1.117
2314-97-8	Iodotrifluoromethane	396.44	3953000	0.000226	0.1775
563-16-6	3,3-Dimethylhexane	562	2649649	0.000443	0.3176
75-66-1	2-Methyl-2-propanethiol	523	3799688	0.000314	0.2187
558-30-5	2,2-Dimethyloxirane	515	4691347	0.000243	0.2424
353-85-5	Trifluoroacetonitrile	311.11	3618316	0.0002022	0.2857
355-25-9	Perfluorobutane	385.84	2289945	0.000372	0.372
2162-98-3	1,10-Dichlorodecane	752.5	2072096	0.000681	0.5783
103-71-9	Phenyl isocyanate	675	4540000	0.0003455	0.2946
306-83-2	1,1-Dichloro-2,2,2-trifluoroethane [R123]	456.85	3669992	0.0002751	0.2825
19740-90-0	5,6-Epoxy-cis-cyclooctene	700.86	3396920	0.00039	0.3316
822-06-0	Hexamethylene diisocyanate	720.8	2860210	0.000513	0.6813
638-67-5	Tricosane	790	947389	0.00131	1.0247
58-08-2	3,7-Dihydro-1,3,7-trimethyl-1H-purine-2,6-dione (Cafeine)	850	4160405		1.1978
124-73-2	1,2-Dibromotetrafluoroethane	487	3450116	0.00033	0.2541
629-96-9	1-Eicosanol	808	1150039	0.00116	1.1571
677-21-4	3,3,3-Trifluoropropylene	376.2	3609000	0.000211	0.3064
609-26-7	2-Methyl-3-ethyl-pentane	567.1	2700311	0.000442	0.3273
773-14-8	Perfluorotetrahydrofuran	399.96	2694000	0.000318	0.2989
1685-82-1	4,6-Dimethylindan	761	4531000	0.00051	0.3249
1484-12-4	9-Methylcarbazole	890	3376000	0.0005717	0.4617
104-12-1	p-Chlorophenylisocyanate	676.9	4064290	0.00035	0.5575
102-36-3	3,4-Dichlorophenylisocyanate	756	3680300	0.000365	0.3435
541-05-9	Hexamethylcyclotrisiloxane	554.2	2229150	0.000707	0.5976
541-02-6	Decamethylcyclopentasiloxane	617.4	1035000	0.001216	0.6272
124-06-1	Tetradecanoic acid ethyl ester	743.41	1454800	0.00095	0.7994
628-97-7	Hexadecanoic acid ethyl ester	765.18	1315200	0.00106	0.8494
1067-08-9	3-Methyl-3-ethylpentane	576.5	2809742	0.000455	0.3009
1888-71-7	Hexachloropropene	680	2500000	0.0005224	0.488
4912-92-9	1,1-Dimethylindane	683	2994000	0.00051	0.3575
560-21-4	2,3,3-Trimethylpentane	573.5	2819875	0.000455	0.2867
7289-52-3	Decyl methyl ether	657.97	1934294	0.000666	0.5919
13838-16-9	Enflurane	475.03	2980000	0.000335	0.4285
26675-46-7	Isoflurane	467.8	3046000	0.00034	0.4003
16747-25-4	2,2,3-Trimethylhexane	535	2490000	0.000511	0.7799
422-56-0	1,1-Dichloro-2,2,3,3,3-pentafluoropropane R225ca	476.71	3060000	0.000365	0.3312
141-62-8	Decamethyltetrasiloxane	599.4	1264536	0.001157	0.682
141-63-9	Dodecamethylpentasiloxane	628.4	945362	0.00145	1.3232
107-52-8	Tetradecamethylhexasiloxane	653.2	803507	0.001808	0.8126
354-23-4	1,2-Dichloro-1,2,2-trifluoroethane [R123a]	461.7	3990000	0.0002753	0.303
123-62-6	Propionic acid, anhydride	625.54	2833860	0.00042	0.4876
108-65-6	Propylene glycol monomethyl ether acetate	597.6	3009353	0.0004319	0.4849
941-60-6	1,1,4,6-Tetramethylindan	733	3046000	0.00061	0.4195
1078-04-2	1,1,4,7-Tetramethylindan	758	3287000	0.00061	0.3785
273-53-0	Benzoxazole	695	4500000	0.0003455	0.3523
1120-48-5	Dioctylamine	734	1260000	0.001087	0.8189
541-01-5	Hexadecamethylheptasiloxane	671.8	676851	0.002133	0.8827
556-69-4	Octadecamethyloctasiloxane	688.9	624162	0.002466	0.9959
17928-28-8	Methyltris(trimethylsiloxy)silane	596.95	1215900	0.001125	0.6432
3555-47-3	Tetrakis(trimethylsiloxy)silane	622.6	830865	0.0014	0.6206
556-71-8	Octadecamethylcyclononasiloxane	705.8	650507	0.00225	0.9868
619-99-8	3-Ethylhexane	565.5	2610132	0.000455	0.3584
628-29-5	Methyl butyl sulfide	591.3	3880747	0.000371	0.3691
123-05-7	2-Ethylhexanaldehyde	607	2580748	0.000473	0.5195
2687-94-7	N-Octyl-2-pyrrolidone	748.2	2371005		0.8283
110-85-0	Piperazine	661	5800000	0.000267	0.3127
307-34-6	Perfluorooctane	502.25	1660000	0.000717	0.6091
2117-28-4	Methylenebis[trimethylsilane]	579.3	1990000		0.3463
53772-78-4	Difluorobis(trifluoromethoxy)methane	372.35	2333000	0.000363	0.4176
2356-61-8	1,1,2,2-Tetrafluoroethyl-trifluoromethylether	387.78	2640000	0.000337	0.4223
3822-68-2	Difluoromethoxytrifluoromethane	353.54	3326000	0.000192	0.3362
421-14-7	Trifluoromethoxymethane	378.02	3588000	0.000228	0.238
628-99-9	2-Nonanol	650.1	2530000	0.0005747	0.606
1522-22-1	1,1,1,5,5,5-Hexafluoro-2,4-pentanedione	485.1	2767200	0.0002892	0.5132
431-89-0	1,1,1,2,3,3,3-Heptafluoropropane [R227ea]	374.83	2911600	0.000274	0.3577
98-29-3	4-tert-Butylcatechol	775	3700000	0.0005651	0.7257
21297-65-4	2,2,4,4,5,5-Hexafluoro-1,3-dioxolane	368.07	2709000	0.00029	0.3075
425-82-1	Hexafluorooxetane	361.85	3030000	0.000272	0.3092
10102-44-0	Nitrogen dioxide	431	10132500	0.000082	0.8555
771-56-2	2,3,4,5,6-Pentafluorotoluene	566.52	3126000	0.0003824	0.417
95-96-5	3,6-Dimethyl-1,4-dioxane-2,5-dione	750	3400467	0.00039	0.613
111-41-1	N-(2-Aminoethyl)ethanolamine	739.2	4650000	0.000335	0.4634
507-55-1	1,3-Dichloro-1,1,2,2,3-pentafluoropropane R225cb	484.91	2980000	0.000366	0.3014
498-66-8	2-Norbornene	590	4860000	0.0003107	0.1892
307-45-9	Perfluorodecane	542.35	1450000	0.00088	0.5586
59426-77-6	Perfluoromethylpropylether	391.7	1866000	0.000403	0.3662
865-71-4	Perfluoro-3-methylpentane	450	1692000	0.000555	0.4733
434-64-0	Perfluorotoluene	534.47	2705000	0.0004249	0.4685
120-61-6	Dimethyl terephthalate	763.15	2749960	0.00053	0.6516
460-19-5	Cyanogen	400	5978175	0.0002	0.2791
2909-38-8	3-Chlorophenylisocyanate	712.22	4064290	0.000321	0.3808
10036-47-2	Tetrafluorohydrazine	309.35	3708000	0.00009	0.1477
13654-91-6	6-Chlorohexyl isocyanate	668.9	2901180	0.000521	0.7923
1186-53-4	2,2,3,4-Tetramethylpentane	592.6	2600000	0.000492	0.3103
16747-38-9	2,3,3,4-Tetramethylpentane	607.5	2719563	0.000487	0.31
7154-79-2	2,2,3,3-Tetramethylpentane	607.5	2739828	0.000494	0.3005
1070-87-7	2,2,4,4-Tetramethylpentane	574.6	2489555	0.000509	0.3099
781-17-9	4,5,9,10-Tetrahydropyrene	900	3000000	0.0006395	0.4551
1732-13-4	1,2,3,6,7,8-Hexahydropyrene	920	3610000	0.0006666	0.4666
286-62-4	1,2-Epoxycyclooctane	693.32	3452060	0.000405	0.3254
359-10-4	1-Chloro-2,2-difluoroethylene	400.55	4461000	0.0001974	0.2205
285-67-6	cis-1,2-Epoxycyclopentane	582.16	4508030	0.000273	0.2507
319-88-0	1,3,5-Trichloro-2,4,6-trifluorobenzene	684.8	3270000	0.0004473	0.5276
14049-36-6	Chlorotrifluorosilane	307.63	3465300		0.2978
18356-71-3	Dichlorodifluorosilane	368.92	3499800		0.2175
14965-52-7	Fluorotrichlorosilane	438.41	3579800		0.2162
1719-53-5	Dichlorodiethylsilane	595.75	3060000	0.0004554	0.3169
6303-88-4	2,3,4,9-Tetrahydro-9-methyl-1H-carbazole	854	2709000	0.0005996	0.5115
3320-83-0	2-Chlorophenylisocyanate	680.9	4064290	0.000334	0.5596
75240-06-1	trans-Perfluorobicyclo[4.3.0]nonane	526	1680000	0.000646	0.5311
75262-87-2	cis-Perfluorobicyclo[4.3.0]nonane	530	1710000	0.000638	0.4647
3424-57-5	cis-1,3,5-Trimethyl-1,3,5-triphenylcyclotrisiloxane	824	1340000		0.7767
262-20-4	Phenoxathiin	863	3105000	0.0005607	0.4539
1012-72-2	1,4-Bis(1,1-dimethylethyl)benzene	708	2300000	0.0007233	0.5019
4538-37-8	1,4-Butanediisocyanate	706.7	3600160	0.000401	0.5983
10124-86-4	1,8-Octanediisocyanate	745.1	2371020	0.000711	0.786
79-53-8	1,1,1,3,3-Pentafluoro-3-chloroacetone	410.65	2878000		0.3462
702-79-4	1,3-Dimethyl adamantane	708	3000000	0.000575	0.2958
56-33-7	1,1,3,3-Tetramethyl-1,3-diphenyldisiloxane	750	1730000		0.7044
3698-94-0	Ethyl octyl sulfide	700	2400000	0.0006974	0.5298
28304-66-7	cis-5-Ethylidene-2-norbornene	629	3400000	0.000294	0.3118
6654-36-0	Methyl-5-formyl valerate	670	3100000	0.000451	0.6916
496-14-0	2,5-Dihydrobenzo-3,4-furan	700	4285000	0.0003605	0.3664
375-03-1	1,1,1,2,2,3,3-Heptafluoro-3-methoxypropane	437.7	2481000	0.0003775	0.424
679-86-7	1,1,2,2,3-Pentafluoropropane [R245ca]	447.57	3925026	0.000256	0.3577
662-35-1	1,1,1,2,2,3,3,4-Octafluorobutane	431.95	2725000	0.0003435	0.4014
1805-22-7	Perfluoromethylcyclopentane	451.43	2171700		0.4206
7133-46-2	Dicyclohexyl sulfide	770	2370000	0.0006943	0.515
122-60-1	2-Phenoxymethyloxirane	720	2950000	0.000324	0.5939
996-70-3	Tetrakis(dimethylamino)ethylene	680	2400000	0.000641	0.3861
665-16-7	Perfluoroethylmethylether	356.85	2315000	0.0003188	0.3449
2163-42-0	2-Methyl-1,3-propanediol	708	5350000	0.000282	0.5869
48076-62-6	Perfluoroheptyl acrylate	593.15	1700000		0.6312
308-26-9	1,1-Dihydroperfluoroamyl acrylate	553.15	1160000		0.4311
376-84-1	1,1,5-Trihydroperfluoroamyl acrylate	608.15	2200000		0.5418
7383-71-3	1,1,3-Trihydroperfluoropropyl acrylate	582.15	3600000		0.5475
355-93-1	1,1,5-Trihydroperfluoroamyl methacrylate	623.15	2000000		0.4964
2825-83-4	exo-Tetrahydrodicyclopentadiene	698	3733000	0.000285	0.2841
529484-85-3	2,2,3,3-Tetrafluoropropyl-1,1,1,2,3,3-hexafluoropropylether	507.65	1840000	0.0005282	0.5935
66670-22-2	Perfluoro-tert.-butylmethylether	462.72	2366000	0.0004481	0.4054
34118-18-8	2,2,3,3,5,5,6-Heptafluoro-1,4-dioxane	452.88	2866000	0.0003585	0.3855
269716-57-6	4,4,5,5-Tetrafluoro-2-trifluoromethyl-1,3-dioxolane	435.06	2645000	0.0003762	0.4229
374-41-4	3,3,4,4,4-Pentafluoro-2-butanone	453.03	2912000	0.0003335	0.4148
80553-01-1	3,4,4,4-Tetrafluoro-3-trifluoromethyl-2-butanone	467.24	2522000	0.0004094	0.4195
