CAS	Chemical	MW	Tc	Pc	Vc	Zc	Reference
74-82-8	methane	16.043	190.564	4599000	0.0000986	0.286	2
74-84-0	ethane	30.07	305.32	4872000	0.0001455	0.279	2
74-98-6	propane	44.097	369.83	4248000	0.0002000	0.277	2
106-97-8	butane	58.123	425.12	3796000	0.0002550	0.274	2
109-66-0	pentane	72.15	469.7	3370000	0.0003110	0.268	2
110-54-3	hexane	86.171	507.6	3025000	0.0003680	0.264	2
142-82-5	heptane	100.204	540.2	2740000	0.0004280	0.261	2
111-65-9	octane	114.231	568.7	2490000	0.0004920	0.259	2
111-84-2	nonane	128.258	594.6	2290000	0.0005550	0.257	2
124-18-5	decane	142.285	611.7	2110000	0.0006240	0.256	2
1120-21-4	undecane	156.312	639	1980000	0.0006890	0.257	2
112-40-3	dodecane	170.338	658	1820000	0.0007540	0.251	2
629-50-5	tridecane	184.365	675	1680000	0.0008230	0.246	2
629-59-4	tetradecane	198.392	693	1570000	0.0008940	0.244	2
629-62-9	pentadecane	212.419	708	1480000	0.0009660	0.243	2
544-76-3	hexadecane	226.446	723	1400000	0.0010340	0.241	2
629-78-7	heptadecane	240.473	736	1340000	0.0011030	0.242	2
593-45-3	octadecane	254.5	747	1290000	0.0011890	0.247	2
629-92-5	nonadecane	268.527	755	1160000			2
112-95-8	eicosane	282.553	768	1070000			2
629-94-7	heneicosane	296.58	778	1030000			2
629-97-0	docosane	310.607	786	980000			2
638-67-5	tricosane	324.634	790	920000			2
646-31-1	tetracosane	338.661	800	870000			2
71-43-2	benzene	78.114	562.05	4895000	0.0002560	0.268	3
108-88-3	toluene	92.141	591.75	4108000	0.0003160	0.264	3
100-41-4	ethylbenzene	106.167	617.15	3609000	0.0003740	0.263	3
103-65-1	propylbenzene	120.194	638.35	3200000	0.0004400	0.265	3
104-51-8	butylbenzene	134.221	660.5	2890000	0.0004970	0.262	3
95-47-6	o-xylene	106.167	630.3	3732000	0.0003700	0.263	3
108-38-3	m-xylene	106.167	617	3541000	0.0003750	0.259	3
106-42-3	p-xylene	106.167	616.2	3511000	0.0003780	0.259	3
98-82-8	isopropylbenzene	120.194	631	3209000			3
526-73-8	1,2,34rimethylbenzene	120.194	664.5	3454000			3
95-63-6	1,2,4-trimethylbenzene	120.194	649.1	3232000			3
108-67-8	1,3,5-trimethylbenzene	120.194	637.3	3127000			3
622-96-8	1-methyl-4-ethylbenzene	120.194	640.2	3230000			3
538-93-2	isobutylbenzene	134.221	650	3050000			3
99-87-6	p-cymene	134.221	652	2800000			3
105-05-5	l,.l-diethylbenzene	134.221	657.9	2803000			3
95-93-2	1,2,4,5-tetramethylbenzene	134.221	676	2900000			3
87-85-4	hexamethylbenzene	162.275	758				3
101-81-5	diphenylmethane	168.238	760	2710000	0.0005630	0.241	3
92-52-4	biphenyl	154.211	773	3380000	0.0004970	0.262	3
84-15-1	o-terphenyl	230.309	857	2990000	0.0007310	0.307	3
92-06-8	m-terphenyl	230.309	883	2480000	0.0007240	0.245	3
92-94-4	p-terphenyl	230.309	908	2990000	0.0007290	0.289	3
496-11-7	indan	118.178	684.9	3950000			3
91-20-3	naphthalene	128.174	748.4	4050000	0.0004070	0.265	3
90-12-0	1-methylnaphthalene	142.2	772	3600000			3
91-57-6	2-methylnaphthalene	142.2	761				3
582-16-1	2,7-dimethylnaphthalene	156.227	775	3230000	0.0006010	0.3	3
85-01-8	phenanthrene	178.233	0.869				3
119-64-2	tetralin	132.205	720	3650000	0.0004080	0.249	3
67-56-1	methanol	32.042	512.5	8084000	0.0001170	0.223	4
64-17-5	ethanol	46.069	514	6137000	0.0001680	0.241	4
71-23-8	1-propanol	60.096	536.8	5169000	0.0002180	0.252	4
67-63-0	2-propanol	60.096	508.3	4764000	0.0002220	0.25	4
107-18-6	2-propen-1-01	58.08	545.1				4
71-36-3	1-butanol	74.123	563	4414000	0.0002740	0.258	4
78-92-2	2-butanol	74.123	536.2	4202000	0.0002690	0.253	4
78-83-1	2-methyl-1-propanol	74.123	547.8	4295000	0.0002740	0.258	4
75-65-0	2-methyl-2-propanol	74.123	506.2	3972000	0.0002750	0.259	4
71-41-0	1-pentanol	88.15	588.1	3897000	0.0003260	0.26	4
6032-29-7	2-pentanol	88.15	560.3	3675000	0.0003290	0.259	4
584-02-1	3-pentanol	88.15	559.6		0.0003250		4
137-32-6	2-methyl-1 -butanol	88.15	575.4	3940000			4
123-51-3	3-methyl-1-butanol	88.15	577.2	3930000			4
75-85-4	2-methyl-2-butanol	88.15	543.7	3710000			4
598-75-4	3-methyl-2-butanol	88.15	556.1	3870000			4
96-41-3	cyclopentanol	86.134	619.5	4900000			4
111-27-3	1-hexanol	102.177	610.3	3417000	0.0003870	0.261	4
626-93-7	2-hexanol	102.177	585.9	3310000	0.0003840	0.261	4
623-37-0	3-hexanol	102.177	582.4	3360000	0.0003830	0.266	4
105-30-6	2-methyl-1-pentanol	102.177	604.4	3450000			4
626-89-1	4-methyl-1-pentanol	102.177	603.5				4
590-36-3	2-methyl-2-pentanol	102.177	559.5				4
108-11-2	4-methyl-2-pentanol	102.177	574.4				4
56567-3	2-methyl-3-pentanol	102.177	576	3460000			4
77-74-7	3-methyl-3-pentanol	102.177	575.6	3520000			4
108-93-0	cyclohexanol	100.161	650.1	4260000			4
111-70-6	1-heptanol	116.203	632.6	3058000	0.0004350	0.253	4
543-49-7	2-heptanol	116.203	608.3	3021000	0.0004420	0.264	4
589-82-2	3-heptanol	116.203	605.4		0.0004340		4
589-55-9	4-heptanol	116.203	602.6		0.0004320		4
118-87-5	1-octanol	130.23	652.5	2777000	0.0004970	0.254	4
123-96-6	2-octanol	130.23	629.6	2754000	0.0005190	0.273	4
589-98-0	3-octanol	130.23	628.5		0.0005150		4
589-62-8	4-octanol	130.23	625.1		0.0005150		4
104-76-7	2-ethyl-1-hexanol	130.23	640.6	2800000			4
14979-39-6	4-methyl-3-heptanol	130.23	623.5				4
18720-65-5	5-methyl-3-heptanol	130.23	621.2				4
143-08-8	1-nonanol	144.257	670.7	2528000	0.0005720	0.26	4
628-99-9	2-nonanol	144.257	649.6	2530000	0.0005750	0.269	4
624-51-1	3-nonanol	144.257	648		0.0005770		4
5932-79-6	4-nonanol	144.257	645.1		0.0005750		4
112-30-1	1-decanol	158.284	687.3	2315000	0.0006490	0.263	4
1120-06-5	2-decanol	158.284	668.6		0.0006460		4
1565-81-7	3-decanol	158.284	666.1		0.0006430		4
2051-31-2	4-decanol	158.284	663.7		0.0006430		4
5205-34-5	5-decanol	158.284	663.2		0.0006460		4
112-42-5	1-undecanol	172.311	703.6	2147000	0.0007180		4
112-53-8	1-dodecanol	186.338	719.4	1994000			4
75-28-5	2-methylpropane	58.123	407.8	3640000	0.0002590	0.278	5
78-78-4	2-methylbutane	72.15	460.4	3380000	0.0003060	0.27	5
463-82-1	2,2-dimethylpropane	72.15	433.8	3196000	0.0003070	0.272	5
107-83-5	2-methylpentane	86.177	497.7	3040000	0.0003680	0.27	5
96-14-0	3-methylpentane	86.177	504.6	3120000	0.0003680	0.274	5
75-83-2	2,2-dimethylbutane	86.177	489	3100000	0.0003580	0.279	5
79-29-8	2,3-dimethylbutane	86.177	500	3150000	0.0003610	0.279	5
591-76-4	2-methylhexane	100.204	530.4	2740000	0.0004210	0.262	5
589-34-4	3-methylhexane	100.204	535.2	2810000	0.0004040	0.256	5
617-78-7	3-ethylpentane	100.204	540.6	2890000	0.0004160	0.267	5
590-35-2	2,2-dimethylpentane	100.204	520.5	2770000	0.0004160	0.266	5
565-59-3	2,3-dimethylpentane	100.204	537.3	2910000	0.0003930	0.256	5
108-68-7	2,4-dimethylpentane	100.204	519.8	2740000	0.0004180	0.265	5
562-49-2	3,3-dimethylpentane	100.204	536.4	2950000	0.0004140	0.274	5
0464-06-02	2,2,3-trimethylbutane	100.204	531.1	2950000	0.0003980	0.265	5
592-27-8	2-methylheptane	114.231	559.7	2500000	0.0004880	0.262	5
589-81-1	3-methylheptane	114.231	563.6	2550000	0.0004640	0.253	5
589-53-7	4-methylheptane	114.231	561.7	2540000	0.0004760	0.259	5
619-99-8	3-ethylhexane	114.231	565.5	2610000	0.0004550	0.252	5
590-73-8	2,2-dimethylhexane	114.231	549.8	2530000	0.0004780	0.265	5
584-94-1	2,3-dimethylhexane	114.231	563.5	2630000	0.0004680	0.263	5
589-43-5	2,4-dimethylhexane	114.231	553.5	2560000	0.0004720	0.263	5
592-13-2	2,5-dimethylhexane	114.231	550	2490000	0.0004820	0.262	5
563-16-6	3,3-dimethylhexane	114.231	562	2650000	0.0004430	0.251	5
583-48-2	3,4-dimethylhexane	114.231	568.8	2690000	0.0004660	0.265	5
609-26-7	2-methyl-3-ethylpentane	114.231	567.1	2700000	0.0004420	0.253	5
1067-08-9	3-methyl-3-ethylpentane	114.231	576.5	2810000	0.0004550	0.266	5
564-02-3	2,2,3-trimethylpentane	114.231	563.5	2730000	0.0004360	0.254	5
540-84-1	2,2,4-trimethylpentane	114.231	543.8	2570000	0.0004680	0.267	5
560-21-4	2,3,3-trimethylpentane	114.231	573.5	2820000	0.0004550	0.269	5
565-75-3	2,3,4-trimethylpentane	114.231	566.4	2730000	0.0004600	0.267	5
3221-61-2	2-methyloctane	128.258	582.8	2310000			5
1071-26-7	2,2-dimethylheptane	128.258	576.7	2350000			5
3522-94-9	2,2,5-trimethylhexane	128.258	569.8				5
7154-79-2	2,2,3,3-tetramethylpentane	128.258	607.5	2740000			5
1186-53-4	2,2,3,4-tetramethylpentane	128.258	592.6	2600000			5
1070-87-7	2,2,4,4-tetramethylpentane	128.258	574.6	2490000			5
16747-38-9	2,3,3,4-tetramethylpentane	128.258	607.5	2720000			5
7154-80-5	3,3,5-trimethylheptane	142.285	609.5	2320000			5
13475-81-5	2,2,3,3-tetramethylhexane	142.285	623	2510000			5
1071-81-4	2,2,5,5-tetramethylhexane	142.285	581.4	2190000			5
4930-04-9	2,2,4,4,6,8,8-heptamethylnonane	226.446	692				5
75-19-4	cyclopropane	42.081	398	5540000	0.0001620	0.272	5
287-92-3	cyclopentane	70.134	511.7	4510000	0.0002590	0.275	5
96-37-7	cyclohexane	84.161	553.8	4080000	0.0003080	0.273	5
110-82-7	methylcyclopentane	84.161	532.7	3790000	0.0003180	0.272	5
291-64-5	cycloheptane	98.188	604.2	3820000	0.0003530	0.268	5
108-87-2	methylcyclohexane	98.188	572.1	3480000	0.0003690	0.27	5
1640-89-7	ethylcyclopentane	98.188	569.5	3400000	0.0003750	0.269	5
292-64-8	cyclooctane	112.215	647.2	3560000	0.0004100	0.271	5
2207-04-7	trans-1,4-dimethylcyclohexane	112.215	587.7				5
179-27-3	r-1,c-3,t-5-trimethylcyclohexane	126.242	602.2				5
493-01-6	cis-bicyclo[4.4.0]decane	138.253	703.6	3200000			5
493-02-7	trans-bicyclo[4.4.0]decane	138.253	687				5
74-85-1	ethene	28.054	282.34	5041000	0.0001311	0.282	6
115-07-1	propene	42.081	364.9	4600000	0.0001846	0.28	6
106-98-9	but-1-ene	56.108	419.5	4020000	0.0002408	0.278	6
109-67-1	pent-1-ene	70.134	464.8	3560000	0.0002984	0.275	6
592-41-6	hex-1-ene	84.161	504	3210000	0.0003551	0.272	6
592-76-7	hept-1-ene	98.188	537.3	2920000	0.0004090	0.267	6
111-66-0	oct-1-ene	112.215	567	2680000	0.0004680	0.266	6
124-11-8	non-1-ene	126.242	594		0.0005260		6
872-05-09	dec-1-ene	140.269	617	2220000	0.0005840	0.253	6
112-41-4	dodec-1-ene	168.323	658	1930000			6
590-18-1	(Z)-but-2-ene	56.108	435.5	4210000	0.0002338	0.272	6
624-64-6	(E)-but-2-ene	56.108	428.6	4100000	0.0002377	0.274	6
115-11-7	2-methylpropene	56.108	417.9	4000000	0.0002388	0.275	6
627-20-3	(Z)-pent-2-ene	70.134	475	3690000			6
563-45-1	3-methylbut-1-ene	70.134	452.7	3530000	0.0003049	0.286	6
513-35-9	2-methylbut-2-ene	70.134	470	3420000			6
142-29-0	cyclopentene	68.119	506.5	4800000	0.0002450	0.279	6
110-83-8	cyclohexene	82.145	560.4				6
463-49-0	propadiene	40.065	394	5250000			6
106-99-0	buta-1,3-diene	54.092	425	4320000	0.0002210	0.27	6
592-42-7	hexa-1,5-diene	82.145	508				6
5989-27-5	(+)-(R)-p-mentha-1,8-diene	136.237	653		0.0004700		6
7785-26-4	(-)-(1S)-pin-2-ene	136.237	644		0.0004540		6
13466-78-9	(+)-car-3-ene	136.237	658		0.0004870		6
74-86-2	ethyne	26.038	308.3	6138000	0.0001122	0.269	6
74-99-7	propyne	40.065	402.4	5630000	0.0001635	0.275	6
107-00-6	but-1-yne	54.092	440	4600000	0.0002080		6
107-21-1	1,2-ethanediol	62.068	720	8000000			7
57-55-6	1,2-propanediol	76.095	676	5900000			7
504-63-2	1,3-propanediol	76.095	722	6300000			7
26171-83-5	(±)-1,2-butanediol	90.122	680	5200000	0.0003030	0.279	7
107-88-0	(±)-1,3-butanediol	90.122	676	4000000	0.0003050	0.217	7
110-63-4	1,4-butanediol	90.122	727	6200000			7
111-46-6	3-oxa-1,5-pentanediol	106.122	750	4700000			7
112-27-6	3,6-dioxa-1,8-octanediol	150.175	780	3300000			7
112-60-7	3,6,9-trioxa-1,11-undecanediol	194.228	800	3200000			7
56-81-5	1,2,3-propanetriol	92.095	850	7500000			7
109-86-4	2-methoxyethanol	76.095	597.6	5280000	0.0002630	0.279	7
2807-30-9	2-propoxyethanol	104.149	615	3650000	0.0003640	0.26	7
111-76-2	2-butoxyethanol	118.176	634	3270000	0.0004240	0.263	7
107-98-2	1-methoxy-2-propanol	90.122	579.8	4110000			7
111-77-3	2-(2-methoxyethoxy)ethanol	120.148	672	3670000			7
111-90-0	2-(2-ethoxyethoxy)ethanol	134.175	670	3170000			7
6881-94-3	2-(2-propoxyethoxy)ethanol	148.202	680	3000000	0.0004890	0.259	7
112-34-5	2-(2-butoxyethoxy)ethanol	162.229	692	2790000			7
1569-01-3	1-propoxy-2-propanol	118.176	605	3000000			7
5131-66-8	1-butoxy-2-propanol	132.203	625	2700000			7
75-07-0	ethanal	44.053	466		0.0001540		7
123-38-6	propanal	58.08	505	5260000	0.0002040	0.256	7
123-72-8	butanal	72.107	537	4320000	0.0002580	0.25	7
78-84-2	2-methylpropanal	72.107	544	5100000			7
110-62-3	pentanal	86.134	567	3970000	0.0003130	0.264	7
66-25-1	hexanal	100.161	592	3460000	0.0003780	0.266	7
111-71-7	heptanal	114.188	617	3160000	0.0004340	0.267	7
124-13-0	octanal	128.214	639	2960000	0.0004880	0.272	7
124-19-6	nonanal	142.241	659	2680000	0.0005430	0.266	7
112-31-2	decanal	156.268	674	2600000	0.0005990	0.278	7
67-64-1	2-propanone	58.08	508.1	4700000	0.0002130	0.237	7
78-93-3	2-butanone	72.107	536.7	4207000	0.0002670	0.252	7
107-87-9	2-pentanone	86.134	561.1	3683000	0.0003210	0.253	7
96-22-0	3-pentanone	86.134	561.4	3729000	0.0003310	0.264	7
563-80-4	3-methyl-2-butanone	86.134	553	3800000	0.0003080	0.255	7
591-78-6	2-hexanone	100.161	587.1	3300000	0.0003770	0.255	7
589-38-8	3-hexanone	100.161	583	3320000	0.0003780	0.259	7
108-10-1	4-methyl-2-pentanone	100.161	574.6	3270000			7
75-97-8	3,3-dimethyl-2-butanone	100.161	570.9	3430000	0.0003820	0.276	7
110-43-0	2-heptanone	114.188	611.4	2970000	0.0004360	0.256	7
106-35-4	3-heptanone	114.188	606.6		0.0004330		7
123-19-3	4-heptanone	114.188	602		0.0004340		7
110-12-3	5-methyl-2-hexanone	114.188	604.1				7
7379-12-6	2-methyl-3-hexanone	114.188	593.3				7
111-13-7	2-octanone	128.214	632.7		0.0004970		7
106-68-3	3-octanone	128.214	627.7		0.0004970		7
589-63-9	4-octanone	128.214	623.8		0.0004970		7
13019-20-0	2-methyl-3-heptanone	128.214	614.9				7
541-85-5	5-methyl-3-heptanone	128.214	619				7
821-55-6	2-nonanone	142.241	652.2	2480000	0.0005600	0.256	7
925-78-0	3-nonanone	142.241	648.1		0.0005600		7
4485-09-0	4-nonanone	142.241	643.7		0.0005600		7
502-56-7	5-nonanone	142.241	641.4	2320000	0.0005600	0.244	7
693-54-9	2-decanone	156.268	671.8		0.0006250		7
928-80-3	3-decanone	156.268	667.6		0.0006280		7
624-16-8	4-decanone	156.268	662.9		0.0006280		7
820-29-1	5-decanone	156.268	661		0.0006280		7
112-12-9	2-undecanone	170.295	688		0.0006920		7
2216-87-7	3-undecanone	170.295	685		0.0006920		7
14476-37-0	4-undecanone	170.295	681		0.0006920		7
33083-83-9	5-undecanone	170.295	679		0.0006920		7
927-49-1	6-undecanone	170.295	678		0.0006920		7
6175-45-1	2-dodecanone	184.322	702		0.0007520		7
1534-27-6	3-dodecanone	184.322	701		0.0007520		7
6137-26-4	4-dodecanone	184.322	697		0.0007590		7
19780-10-0	5-dodecanone	184.322	695		0.0007590		7
6064-27-3	6-dodecanone	184.322	694		0.0007620		7
593-08-8	2-tridecanone	198.349	717		0.0008200		7
1534-26-5	3-tridecanone	198.349	716		0.0008230		7
26215-90-7	4-tridecanone	198.349	712		0.0008230		7
30692-16-1	5-tridecanone	198.349	710		0.0008260		7
22026-12-6	6-tridecanone	198.349	709		0.0008260		7
462-18-0	7-tridecanone	198.349	708		0.0008300		7
2345-27-9	2-tetradecanone	212.376	728		0.0008960		7
629-23-2	3-tetradecanone	212.376	727		0.0008960		7
26496-20-8	4-tetradecanone	212.376	725		0.0009000		7
6137-34-4	7-tetradecanone	212.376	723		0.0009040		7
141-79-7	4-methyl-3-penten-2-one	98.145	605	4000000	0.0003530	0.281	7
120-92-3	cyclopentanone	84.118	624	4600000			7
108-94-1	cyclohexanone	98.145	665	4600000			7
1120-72-5	2-methylcyclopentanone	98.145	631				7
90-42-6	2-cyclohexylcyclohexanone	180.29	787				7
108-24-7	ethanoic anhydride	102.09	606	4000000			7
64-18-6	methanoic acid	46.026	588				7
64-19-7	ethanoic acid	60.053	590.7	5780000	0.0001710	0.201	7
79-09-4	propanoic acid	74.079	598.5	4670000	0.0002330	0.219	7
107-92-6	butanoic acid	88.106	615.2	4060000	0.0002920	0.232	7
79-31-2	2-methylpropanoic acid	88.106	605	3700000	0.0002900	0.213	7
109-52-4	pentanoic acid	102.133	637.2	3630000	0.0003460	0.237	7
503-74-2	3-methylbutanoic acid	102.133	629	3400000			7
142-62-1	hexanoic acid	116.16	655	3380000	0.0004130	0.256	7
111-14-8	heptanoic acid	130.187	678	3160000	0.0004680	0.262	7
124-07-2	octanoic acid	144.214	693	2870000	0.0005190	0.259	7
149-57-5	2-ethylhexanoic acid	144.214	674	2780000	0.0005280	0.262	7
112-05-0	nonanoic acid	158.241	712	2350000			7
334-48-5	decanoic acid	172.268	722	2100000	0.0006380	0.223	7
110-16-7	cis-2-butenedioic acid	116.073	620				7
107-31-3	methyl methanoate	60.053	487.2	6000000	0.0001720	0.255	7
109-94-4	ethyl methanoate	74.079	508.4	4740000	0.0002290	0.257	7
110-74-7	propyl methanoate	88.106	538	4060000	0.0002850	0.259	7
625-55-8	1-methylethyl methanoate	88.106	535	3950000			7
542-55-2	2-methylpropyl methanoate	102.133	551	3880000	0.0003550	0.301	7
638-49-3	pentyl methanoate	116.16	576	3460000	0.0004120	0.298	7
110-45-2	3-methylbutyl methanoate	116.16	578				7
79-20-9	methyl ethanoate	74.079	506.5	4750000	0.0002280	0.257	7
141-78-6	ethyl ethanoate	88.106	523.3	3870000	0.0002860	0.255	7
109-60-4	propyl ethanoate	102.133	549.7	3360000	0.0003450	0.254	7
108-21-4	1-methylethyl ethanoate	102.133	531	3310000	0.0003440	0.258	7
123-86-4	butyl ethanoate	116.16	575.6	3140000			7
105-46-4	1-methylpropyl ethanoate	116.16	571	3010000			7
110-19-0	2-methylpropyl ethanoate	116.16	561	2990000	0.0004010	0.257	7
628-63-7	pentyl ethanoate	130.187	599	2730000	0.0004700	0.258	7
123-92-2	3-methylbutyl ethanoate	130.187	586.1	2760000			7
142-92-7	hexyl ethanoate	144.214	618.4				7
103-09-3	2-ethylhexyl ethanoate	172.268	642	2090000	0.0006810	0.267	7
110-49-6	2-methoxyethyl ethanoate	118.133	603				7
111-15-9	2-ethoxyethyl ethanoate	132.159	608	3170000	0.0004430	0.278	7
108-65-6	1-methoxy-2-propyl ethanoate	132.159	597.8	3010000	0.0004320	0.262	7
112-07-2	2-butoxyethyl ethanoate	160.213	640.7	2694000	0.0005490	0.278	7
112-15-2	2-(2-ethoxyethoxy)ethyl ethanoate	176.213	663	2730000			7
124-17-4	2-(2-butoxyethoxy)ethyl ethanoate	204.266	681	3150000			7
554-12-1	methyl propanoate	88.106	530.7	4000000	0.0002820	0.256	7
105-37-3	ethyl propanoate	102.133	546.7	3450000	0.0003420	0.26	7
106-36-5	propyl propanoate	116.16	570	3060000			7
590-01-2	butyl propanoate	130.187	594.5				7
540-42-1	2-methylpropyl propanoate	130.187	584				7
105-68-0	3-methylbutyl propanoate	144.214	611				7
763-69-9	ethyl 3-ethoxypropanoate	146.186	621	2660000	0.0004580	0.236	7
623-42-7	methyl butanoate	102.133	554.5	3470000	0.0003400	0.256	7
105-54-4	ethyl butanoate	116.16	568.8	3100000	0.0004150	0.263	7
105-66-8	propyl butanoate	130.187	593.1	2720000			7
109-21-7	butyl butanoate	144.214	612.1				7
539-90-2	2-methylpropyl butanoate	144.214	611				7
106-27-4	3-methylbutyl butanoate	158.241	619				7
547-63-7	methyl 2-methylpropanoate	102.133	540.7	3430000	0.0003390	0.259	7
97-62-1	ethyl 2-methylpropanoate	116.16	554	3100000	0.0004150	0.279	7
644-49-5	propyl 2-methylpropanoate	130.187	579.4				7
97-85-8	2-methylpropyl 2-methylpropanoate	144.214	602				7
624-24-8	methyl pentanoate	116.16	590	3200000	0.0004220	0.275	7
539-82-2	ethyl pentanoate	130.187	593.3				7
108-64-5	ethyl 3-methylbutanoate	130.187	582.4				7
557-00-6	propyl 3-methylbutanoate	144.214	609				7
589-59-3	2-methylpropyl 3-methylbutanoate	158.241	621				7
123-66-0	ethyl hexanoate	144.214	615.2				7
106-73-0	methyl heptanoate	144.214	628				7
106-30-9	ethyl heptanoate	158.241	634				7
106-32-1	ethyl octanoate	172.268	649				7
123-29-5	ethyl nonanoate	186.294	664				7
111-82-0	methyl dodecanoate	214.348	712				7
108-05-4	vinyl ethanoate	86.09	519.2	4185000			7
623-70-1	ethyl but-2-enoate	114.144	599				7
123-25-1	diethyl butanedioate	174.197	663				7
616-38-6	dimethyl carbonate	90.079	557	4800000	0.0002520	0.261	7
115-10-6	dimethyl ether	46.069	400.2	5340000	0.0001680	0.27	7
540-67-0	ethyl methyl ether	60.096	437.9	4380000	0.0002220	0.267	7
60-29-7	diethyl ether	74.123	466.7	3644000	0.0002810	0.264	7
557-17-5	methyl propyl ether	74.123	476.2	3801000			7
598-53-8	isopropyl methyl ether	74.123	464.4	3762000			7
628-28-4	butyl methyl ether	88.15	512.7	3370000	0.0003290	0.26	7
1634-04-4	tert-butyl methyl ether	88.15	497.1	3430000			7
628-32-0	ethyl propyl ether	88.15	500.2	3370000	0.0003390	0.275	7
628-80-8	methyl pentyl ether	102.177	546.5	3042000	0.0003910	0.262	7
111-43-3	dipropyl ether	102.177	530.6	3028000			7
108-20-3	diisopropyl ether	102.177	500.3	2832000	0.0003860	0.263	7
637-92-3	1,1-dimethylethyl ethyl ether	102.177	509.4	2934000	0.0003950	0.274	7
994-05-8	1,1-dimethylpropyl methyl ether	102.177	535	3200000	0.0003740	0.269	7
919-94-8	1,1-dimethylpropyl ethyl ether	116.203	546	2935000	0.0004630	0.299	7
142-96-1	dibutyl ether	130.23	584	3000000			7
109-92-2	ethoxyethene	72.107	475	4070000			7
557-31-3	3-ethoxy-1-propene	86.134	518				7
111-34-2	butoxyethene	100.161	540	3200000	0.0003840	0.274	7
109-87-5	dimethoxymethane	76.095	491	3960000	0.0002130	0.207	7
110-71-4	1,2-dimethoxyethane	90.122	540	3900000	0.0003080	0.269	7
462-95-3	diethoxymethane	104.149	531.7				7
7778-85-0	1,2-dimethoxypropane	104.149	543				7
77-76-9	2,2-dimethoxypropane	104.149	510				7
105-57-7	1,1-diethoxyethane	118.176	540	3220000			7
629-14-1	1,2-diethoxyethane	118.176	542				7
66728-50-5	1-tert-butoxy-2-methoxyethane	132.203	574				7
126-84-1	2,2-diethoxypropane	132.203	510.7				7
51422-54-9	1-tert-butoxy-2-ethoxyethane	146.23	585				7
111-96-6	2-methoxyethyl ether	134.175	617				7
112-36-7	2-ethoxyethyl ether	162.229	612				7
108-95-2	phenol	94.113	694.2	5930000			7
95-48-7	2-methylphenol	108.14	697.6	4170000			7
108-39-4	3-methylphenol	108.14	705.8	4360000			7
106-44-5	4-methylphenol	108.14	704.6	4070000			7
90-00-6	2-ethylphenol	122.167	703				7
620-17-7	3-ethylphenol	122.167	716.4				7
123-07-9	4-ethylphenol	122.167	716.4				7
526-75-0	2,3-dimethylphenol	122.167	722.8				7
105-67-9	2,4-dimethylphenol	122.167	707.6				7
95-87-4	2,5-dimethylphenol	122.167	706.9				7
576-26-1	2,6-dimethylphenol	122.167	701				7
95-65-8	3,4-dimethylphenol	122.167	729.8				7
108-68-9	3,5-dimethylphenol	122.167	715.6				7
89-83-8	2-isopropyl-5-methylphenol	150.221	698				7
98-85-1	1-phenylethanol	122.167	700	3800000			7
100-52-7	benzaldehyde	106.124	695	4700000			7
98-86-2	acetophenone	120.151	709.6	4010000	0.0003880	0.264	7
119-61-9	benzophenone	182.222	830	3350000	0.0005680	0.276	7
119-36-8	methyl 2-hydroxybenzoate	152.15	709				7
100-66-3	methyl phenyl ether	108.14	646.5	4240000	0.0003410	0.269	7
103-73-1	ethyl phenyl ether	122.167	647	3400000			7
578-58-5	2-methoxymethylbenzene	122.167	662				7
100-84-5	3-methoxymethylbenzene	122.167	665.3				7
104-93-8	4-methoxymethylbenzene	122.167	666				7
6738-23-4	1-methoxy-2,4-dimethylbenzene	136.194	682				7
1706-11-2	1-methoxy-2,5-dimethylbenzene	136.194	677.3				7
101-84-8	diphenyl ether	170.211	767		0.0005290		7
75-21-8	oxirane	44.053	469	7200000	0.0001420	0.262	7
75-56-9	methyloxirane	58.08	485	5200000	0.0001900	0.245	7
109-99-9	tetrahydrofuran	72.107	540.5	5190000	0.0002240	0.259	7
96-47-9	2-methyltetrahydrofuran	86.134	537	3760000	0.0002670	0.225	7
110-00-9	furan	68.075	490.2	5300000	0.0002180	0.294	7
534-22-5	2-methylfuran	82.102	528	4700000	0.0002470	0.264	7
110-87-2	dihydropyran	84.118	562	4560000	0.0002680	0.262	7
142-68-7	tetrahydropyran	86.134	572	4770000	0.0002630	0.264	7
132-64-9	dibenzofuran	168.195	824	3640000	0.0004950	0.263	7
123-91-1	1,4-dioxane	88.106	588	5210000	0.0002380	0.254	7
123-63-7	2,4,6-trimethyl-1,3,5-trioxane	132.159	563				7
98-01-1	furfural	96.086	670	5510000			7
96-48-0	dihydroxy-2(3H)-furanone	86.09	731	5130000			7
75-18-3	dimethyl sulfide	62.136	503	5530000	0.0002037	0.269	8
624-89-5	ethyl methyl sulfide	76.163	533	4250000			8
352-93-2	diethyl sulfide	90.189	557.8	3900000	0.0003176	0.267	8
544-40-1	di-n-butyl sulfide	146.297	650	2480000			8
544-02-5	di(3-methylbutyl) sulfide	174.351	664				8
592-88-1	di(3-propenyl) sulfide	114.211	653				8
624-92-0	dimethyl disulfide	94.202	615				8
110-81-6	diethyl disulfide	122.255	642				8
74-93-1	methanethiol	48.109	470	7230000	0.0001470	0.272	8
75-08-1	ethanethiol	62.136	499	5490000	0.0002070	0.274	8
107-03-9	1-propanethiol	76.163	537	4600000	0.0002860	0.295	8
109-79-5	1-butanethiol	90.189	570	4000000	0.0003240	0.273	8
541-31-1	3-methyl-1-butanethiol	104.216	594				8
111-88-6	1-octanethiol	146.297	667		0.0005040		8
1569-69-3	cyclohexanethiol	116.227	684		0.0004010		8
110-02-1	thiophene	84.142	580	5700000	0.0002190	0.259	8
110-01-0	tetrahydrothiophene	88.174	632	5400000			8
95-15-8	benzo[b]thiophene	134.202	764	4760000	0.0003790	0.284	8
132-65-0	dibenzothiophene	184.262	897	3860000	0.0005120	0.265	8
992-94-9	methylsilane	46.144	352.4				8
75-76-3	tetramethylsilane	88.225	448.6	2821000	0.0003616	0.274	8
631-36-7	tetraethylsilane	144.332	605	2500000	0.0005870	0.292	8
2117-28-4	methylenebis(trimethyl)silane	160.407	573.9	1990000			8
594-27-4	tetramethylstannane	178.849	521.8	2981000			8
74-89-5	methanamine	31.057	430.8	7620000	0.0001410	0.3	9
75-04-7	ethanamine	45.084	456	5600000	0.0001800	0.266	9
107-10-8	1-propanamine	59.111	499	4740000			9
75-31-0	2-propanamine	59.111	472.2	4550000	0.0002190	0.254	9
109-73-9	1-butanamine	73.138	531.9	4200000			9
13952-84-6	2-butanamine	73.138	514	5000000			9
75-64-9	2-methyl-2-propanamine	73.138	483.7	3850000	0.0002930	0.281	9
111-26-2	1-hexanamine	101.19	592.3				9
123-82-0	2-heptanamine	115.217	598				9
111-86-4	1-octanamine	129.226	641	2600000	0.0005170	0.252	9
108-91-8	cyclohexanamine	99.174	626.8				9
124-40-3	N-methylmethanamine	45.084	437.2	5340000			9
109-89-7	N-ethylethanamine	73.138	499.7	3754000	0.0003040	0.275	9
142-84-7	N-propyl-1-propanamine	101.192	555.8	3630000			9
108-18-9	N-(1-methylethyl)-2-propanamine	101.192	523.1	3020000			9
35161-70-7	N-methylhexanamine	115.217	592				9
111-92-2	N-butyl-1-butanamine	129.246	607.5	3110000			9
110-96-3	2-methyl-N-(2-methylpropyl)-1-propanamine	129.246	584.4	3200000			9
75-50-3	N,N-dimethylmethanamine	59.111	433	4080000	0.0002570	0.291	9
121-44-8	N,N-diethylethanamine	101.192	535.6	3030000	0.0003890	0.265	9
102-69-2	N,N-dipropyl-1-propanamine	143.272	637.9				9
107-15-3	1,2-ethanediamine	60.099	613.1	6710000			9
109-76-2	1,3-propanediamine	74.126	632	5600000			9
110-60-1	1,4-butanediamine	88.153	651	4500000			9
124-09-4	1,6-hexanediamine	116.207	685	3600000			9
373-44-4	1,8-octanediamine	144.26	712	2800000			9
646-24-2	1,9-nonanediamine	158.287	726	2600000			9
646-25-3	1,10-decanediamine	172.314	736	2400000			9
2783-17-7	1,12-dodecanediamine	200.368	767	2000000			9
111-40-0	N-(2-aminoethyl)-1,2-ethanediamine	103.167	710	4400000			9
107-11-9	prop-2-ene-1-amine	57.095	540	4830000			9
74-90-8	methanenitrile	27.026	457	5400000	0.0001350	0.192	9
75-05-8	ethanenitrile	41.053	545.5	4850000	0.0001710	0.183	9
107-12-0	propanenitrile	55.079	561.3	4260000	0.0002460	0.225	9
109-74-0	butanenitrile	69.106	585.4	3880000			9
110-59-8	pentanenitrile	83.133	610.3	3580000			9
628-73-9	hexanenitrile	97.16	633.8	3300000			9
124-12-9	octanenitrile	125.214	674.4	2850000			9
107-13-1	prop-2-enenitrile	53.064	540	4660000			9
460-19-5	ethanedinitrile	52.035	400	6000000			9
62-53-3	benzenamine	93.128	705	5630000	0.0002910	0.28	9
95-53-4	2-methylbenzenamine	107.155	717	4700000	0.0003460	0.273	9
108-44-1	3-methylbenzenamine	107.155	709	4200000			9
106-49-0	4-methylbenzenamine	107.155	667	2400000			9
100-61-8	N-methylbenzenamine	107.155	702	5200000			9
121-69-7	N,N-dimethylbenzenamine	121.182	688	3600000			9
103-69-5	N-ethylbenzenamine	121.182	700				9
609-72-3	N,N-2-trimethylbenzenamine	135.209	668	3100000			9
90-41-5	2-aminobiphenyl	169.226	838	3930000	0.0005840	0.329	9
100-47-0	benzonitrile	103.123	700	4200000			9
104-85-8	4-methylbenzonitrile	117.15	723				9
109-97-2	pyrrole	67.09	640	5700000			9
123-75-1	pyrrolidine	71.122	569	5700000	0.0002450	0.295	9
110-86-1	pyridine	79.101	620	5650000	0.0002470	0.271	9
109-06-8	2-methylpyridine	93.128	621	4620000	0.0003000	0.269	9
108-99-6	3-methylpyridine	93.128	644.6	4650000	0.0003000	0.26	9
108-89-4	4-methylpyridine	93.128	646	4650000	0.0003000	0.26	9
583-61-9	2,3-dimethylpyridine	107.155	655.5	4100000	0.0003570	0.269	9
108-47-4	2,4-dimethylpyridine	107.155	647	3950000	0.0003570	0.262	9
589-93-5	2,5-dimethylpyridine	107.155	644.3	3850000	0.0003570	0.257	9
108-48-5	2,6-dimethylpyridine	107.155	624	3850000	0.0003570	0.265	9
583-58-4	3,4-dimethylpyridine	107.155	683.7	4200000	0.0003570	0.264	9
591-22-0	3,5-dimethylpyridine	107.155	667.7	4050000	0.0003570	0.261	9
110-89-4	piperidine	85.149	594.1				9
110-85-0	piperazine	86.137	659	5600000	0.0002690	0.284	9
290-37-9	pyrazine	80.088	627	6700000	0.0002290	0.294	9
109-08-0	2-methylpyrazine	94.116	634	5010000	0.0002850	0.271	9
91-22-5	quinoline	129.161	782				9
119-65-3	isoquinoline	129.161	803				9
91-63-4	2-methylquinoline	143.188	778	4000000	0.0004470	0.276	9
611-32-5	8-methylquinoline	143.188	787	4300000	0.0004340	0.285	9
353-59-3	bromochlorodifluoromethane	165.365	426.9	4250000	0.0002470	0.296	10
75-63-8	bromotrifluoromethane	148.91	340.1	3960000	0.0001990	0.278	10
75-61-6	dibromodifluoromethane	209.817	471				10
75-72-9	chlorotrifluoromethane	104.459	301.95	3880000	0.0001800	0.278	10
75-71-8	dichlorodifluoromethane	120.914	385	4130000	0.0002140	0.277	10
75-69-4	trichlorofluoromethane	137.368	471.1	4480000	0.0002480	0.283	10
56-23-5	tetrachloromethane	153.823	556.3	4540000	0.0002760	0.271	10
2314-97-8	trifluoroiodomethane	195.91	396	3950000	0.0002250	0.271	10
75-73-0	tetrafluoromethane	88.004	227.5	3680000	0.0001420	0.276	10
1511-62-2	bromodifluoromethane	130.919	412	5130000	0.0001680	0.251	10
75-45-6	chlorodifluoromethane	86.468	369.25	4990000	0.0001650	0.269	10
75-43-4	dichlorofluoromethane	102.923	451.51	5190000	0.0001960	0.272	10
67-66-3	trichloromethane	119.378	536.2	5330000	0.0002440	0.291	10
75-46-7	trifluoromethane	70.014	299	4800000	0.0001350	0.26	10
75-09-2	dichloromethane	84.933	508	6350000			10
75-10-5	difluoromethane	52.023	351.25	5783000	0.0001220	0.242	10
74-87-3	chloromethane	50.488	416.25	6680000	0.0001400	0.271	10
593-53-3	fluoromethane	34.033	317.4	5870000	0.0001090	0.243	10
354-51-8	1,2-dibromo-2-chloro-1,1,2-trifluoroethane	276.278	561	3450000	0.0003680	0.272	10
124-73-2	1,2-dibromo-1,1,2,2-tetrafluoroethane	259.823	487.8	3400000	0.0003490	0.292	10
76-15-3	chloropentafluoroethane	154.466	353	3130000	0.0002530	0.27	10
374-07-2	1,1-dichloro-1,2,2,2-tetrafluoroethane	170.921	418.7	3300000	0.0002950	0.279	10
76-14-2	1,2-dichloro-1,1,2,2-tetrafluoroethane	170.921	418.8	3255000	0.0002960	0.276	10
76-13-1	1,1,2-trichloro-1,2,2-trifluoroethane	187.376	487.2	3410000	0.0003290	0.277	10
76-16-4	hexafluoroethane	138.012	293.02	3040000	0.0002240	0.28	10
2837-89-0	1-chloro-1,2,2,2-tetrafluoroethane	136.476	395.4	3620000	0.0002440	0.271	10
306-83-2	1,1-dichloro-2,2,2-trifluoroethane	152.931	456.85	3670000	0.0002770	0.267	10
354-23-4	1,2-dichloro-1,1,2-trifluoroethane	152.931	461.6		0.0002780		10
354-33-6	pentafluoroethane	120.021	339.4	3630000	0.0002110	0.271	10
75-88-7	1-chloro-2,2,2-trifluoroethane	118.485	425	4010000	0.0002270	0.258	10
811-97-2	1,1,1,2-tetrafluoroethane	102.031	374.18	4055000	0.0001990	0.26	10
359-35-3	1,1,2,2-tetrafluoroethane	102.031	391.75		0.0001910		10
75-68-3	1-chloro-1,1-difluoroethane	100.495	410.28	4050000	0.0002260	0.269	10
1717-00-6	1,1,-dichloro-1-fluoroethane	116.95	477.5	4200000	0.0002540	0.269	10
71-55-6	1,1,1-trichloroethane	133.404	550	4300000			10
420-46-2	1,1,1-trifluoroethane	84.04	345.86	3768000	0.0001940	0.254	10
430-66-0	1,1,2-trifluoroethane	84.04	429.8	5240000	0.0001790	0.263	10
75-34-3	1,1-dichloroethane	98.959	523.4	5060000	0.0002360	0.274	10
107-06-2	1,2-dichloroethane	98.959	561.5	5380000	0.0002250	0.259	10
75-37-6	1,1-difluoroethane	66.05	386.43	4520000	0.0001800	0.253	10
74-96-4	bromoethane	108.965	504	5800000	0.0002140	0.296	10
75-00-3	chloroethane	64.514	460	5200000			10
353-36-6	fluoroethane	48.06	375.3	5040000	0.0001590	0.257	10
661-97-2	1,2-dichloro-1,1,2,3,3,3-hexafluoropropane	220.929	452	2700000	0.0003880	0.278	10
754-34-7	1,1,2,2,3,3,3-heptafluoro-1-iodopropane	295.925	457	2900000			10
76-19-7	octafluoropropane	188.019	345	2660000	0.0003000	0.278	10
359-58-0	1-chloro-1,1,2,3,3,3-hexafluoropropane	186.483	432	3000000	0.0003220	0.264	10
431-87-8	2-chloro-1,1,1,3,3,3-hexafluoropropane	186.483	432	3000000	0.0003160	0.266	10
431-86-7	1,2-dichloro-1,1,3,3,3-pentafluoropropane	202.938	479	3000000	0.0003440	0.26	10
507-55-1	1,3-dichloro-1,2,2,3,3-pentafluoropropane	202.938	484.9				10
422-48-0	2,3-dichloro-1,1,1,2,3-pentafluoropropane	202.938	486	3100000	0.0003440	0.261	10
2252-84-8	1,1,1,2,2,3,3-heptafluoropropane	170.029	380	2900000	0.0002880	0.262	10
431-89-0	1,1,1,2,3,3,3-heptafluoropropane	170.029	375.02	2930000	0.0002860	0.269	10
422-02-6	3-chloro-1,1,1,2,2-pentafluoropropane	168.493	444	3100000	0.0003060	0.256	10
146916-90-7	2,3-dichloro-1,1,1,3-tetrafluoropropane	184.948	516				10
677-56-5	1,1,1,2,2,3-hexafluoropropane	152.038	403	3100000	0.0002760	0.257	10
431-63-0	1,1,1,2,3,3-hexafluoropropane	152.038	412.44	3420000	0.0002690	0.268	10
690-39-1	1,1,1,3,3,3-hexafluoropropane	152.038	398.07	3184000	0.0002770		10
680-00-2	1,1,2,2,3,3-hexafluoropropane	152.038	428	3400000	0.0002720	0.26	10
679-85-6	3-chloro-1,1,2,2-tetrafluoropropane	150.503	494	3700000	0.0002840	0.257	10
338-75-0	2,3-dichloro-1,1,1-trifluoropropane	166.957	525				10
1814-88-6	1,1,1,2,2-pentafluoropropane	134.048	380.4	3140000	0.0002740	0.272	10
460-73-1	1,1,1,3,3-pentafluoropropane	134.048	427.2	3639000	0.0002590		10
679-86-7	1,1,2,2,3-pentafluoropropane	134.048	444.57	3930000	0.0002560	0.272	10
40723-63-5	1,1,2,2-tetrafluoropropane	116.057	419	3800000	0.0002470	0.266	10
78-87-5	1,2-dichloropropane	112.986	579	4700000	0.0002900	0.283	10
142-28-9	1,3-dichloropropane	112.986	614				10
106-94-5	1-bromopropane	122.992	536.9	4800000			10
540-54-5	1-chloropropane	78.541	503.4	4570000	0.0002640	0.289	10
75-29-6	2-chloropropane	78.541	482.4	4260000	0.0002420	0.257	10
335-48-8	1,4-dibromooctafluorobutane	359.838	533	2400000			10
375-51-9	1,1,1,2,2,3,4,4,4-nonafluoro-3-iodobutane	345.933	489	2400000			10
355-25-9	decafluorobutane	238.027	386.2	2320000	0.0003780	0.273	10
354-92-7	decafluoro-2-methylpropane	238.027	395.4	2420000			10
375-17-7	1,1,1,2,2,3,3,4,4-nonafluorobutane	220.036	413	2400000	0.0003670	0.255	10
662-35-1	1,1,1,2,2,3,3,4-octafluorobutane	202.046	431.95	2730000	0.0003530	0.266	10
75995-72-1	1,1,1,2,3,4,4,4-octafluorobutane	202.046	422	2500000	0.0003480	0.245	10
377-36-6	1,1,2,2,3,3,4,4-octafluorobutane	202.046	460	2800000	0.0003480	0.258	10
662-00-0	1,1,1,2,2,3,3-heptafluorobutane	184.055	417	2600000	0.0003470	0.257	10
406-58-6	1,1,1,3,3-pentafluorobutane	160.085	460				10
109-69-3	1-chlorobutane	92.567	539.2				10
78-86-4	2-chlorobutane	92.567	518.6				10
507-20-0	2-chloro-2-methylpropane	92.567	500				10
678-26-2	dodecafluoropentane	288.034	421	2040000	0.0004650	0.271	10
375-61-1	1H-undecafluoropentane	270.044	444				10
543-59-9	1-chloropentane	106.594	571				10
594-36-5	2-chloro-2-methylbutane	106.594	509.1				10
354-96-1	tetradecafluoro-2,3-dimethylbutane	338.042	463	1870000	0.0005280	0.257	10
355-42-0	tetradecafluorohexane	338.042	451	1850000	0.0005450	0.267	10
355-04-4	tetradecafluoro-2-methylpentane	338.042	455	1910000	0.0005200	0.263	10
865-71-4	tetradecafluoro-3-methylpentane	338.042	450	1690000			10
355-37-3	1H-tridecafluorohexane	320.051	472	2000000			10
544-10-5	1-chlorohexane	120.62	599				10
918-84-3	3-chloro-3-methylpentane	120.62	528				10
335-57-9	hexadecafluoroheptane	388.049	476	1630000	0.0006360	0.262	10
375-83-7	1H-pentadecafluoroheptane	370.059	496				10
629-06-1	1-chloroheptane	134.647	614				10
307-34-6	octadecafluorooctane	438.057	498.2	1500000	0.0007810	0.26	10
111-85-3	1-chlorooctane	148.674	643				10
375-96-2	eicosafluorononane	488.064	524	1560000			10
307-45-9	docosafluorodecane	538.072	542	1450000			10
79-38-9	chlorotrifluoroethene	116.47	379	4020000	0.0002120	0.27	10
127-18-4	tetrachloroethene	165.833	611				10
116-14-3	tetrafluoroethene	100.015	307	3940000	0.0001720	0.266	10
359-10-4	2-chloro-1,1-difluoroethene	98.479	400	4460000	0.0001970	0.264	10
156-59-2	(Z)-1,2-dichloroethene	96.943	536				10
156-60-5	(E)-1,2-dichloroethene	96.943	515.5				10
75-38-7	1,1-difluoroethene	64.034	303	4450000	0.0001560	0.276	10
75-01-4	chloroethene	61.49	429	5300000	0.0001810	0.269	10
75-02-5	fluoroethene	46.044	328.5	5200000	0.0001440	0.282	10
677-21-4	3,3,3-trifluoro-1-propene	96.051	377.8	3650000	0.0002090	0.243	10
107-05-1	3-chloro-1-propene	76.525	514				10
685-63-2	hexafluoro-1,3-butadiene	162.033	412.8	3190000	0.0003210	0.298	10
755-25-9	dodecafluoro-1-hexene	300.045	454.4				10
2070-70-4	1,1,1,2,3,4,5,5,5-nonafluoro-4-trifluoromethyl-2-pentene	300.045	439	1970000			10
355-63-5	tetradecafluoro-1-heptene	350.053	478.2				10
115-25-3	octafluorocyclobutane	200.03	388.45	2781000	0.0003240	0.279	10
132186-30-2	4-chloro-1,1,2,2,3,3-hexafluorocyclobutane	198.494	470				10
355-75-9	decafluorocyclohexene	262.048	461.8	2520000			10
355-68-0	dodecafluorocyclohexane	300.045	457.3	2240000	0.0004590	0.27	10
1805-22-7	nonafluoro(trifluoromethyl)cyclopentane	300.045	451.44	2172000			10
308-24-7	undecafluorocyclohexane	282.055	478				10
542-18-7	chlorocyclohexane	118.605	586				10
355-02-2	tetradecafluoromethylcyclohexane	350.053	485.9	2019000	0.0005700	0.285	10
335-27-3	decafluoro-1,3-bis(trifluoromethyl)cyclohexane	400.06	512	1870000			10
344-07-0	chloropentafluorobenzene	202.509	570.8	3230000	0.0003760	0.256	10
319-88-0	1,3,5-trichlorotrifluorobenzene	235.418	684.8	3270000	0.0004480	0.257	10
392-56-3	hexafluorobenzene	186.055	516.7	3280000	0.0003370	0.257	10
363-72-4	pentafluorobenzene	168.064	530.9	3530000	0.0003240	0.259	10
551-62-2	1,2,3,4-tetrafluorobenzene	150.074	550.8	3790000	0.0003130	0.259	10
2367-82-0	1,2,3,5-tetrafluorobenzene	150.074	535.2	3750000			10
327-54-8	1,2,4,5-tetrafluorobenzene	150.074	543.3	3800000			10
1435-44-5	1-chloro-2,4-difluorobenzene	148.538	609.6				10
2367-91-1	1-chloro-2,5-difluorobenzene	148.538	612.5				10
696-02-6	1-chloro-3,4-difluorobenzene	148.538	609.2				10
1435-43-4	1-chloro-3,5-difluorobenzene	148.538	592				10
1489-53-8	1,2,3-trifluorobenzene	132.083	560.3				10
367-23-7	1,2,4-trifluorobenzene	132.083	551.1				10
372-38-3	1,3,5-trifluorobenzene	132.083	530.9				10
1072-85-1	1-bromo-2-fluorobenzene	174.998	669.6				10
1073-06-9	1-bromo-3-fluorobenzene	174.998	652				10
460-00-4	1-bromo-4-fluorobenzene	174.998	654.8				10
348-51-6	1-chloro-2-fluorobenzene	130.547	633.8				10
625-98-9	1-chloro-3-fluorobenzene	130.547	615.9				10
352-33-0	1-chloro-4-fluorobenzene	130.547	620.1				10
95-50-1	1,2-dichlorobenzene	147.002	729				10
541-73-1	1,3-dichlorobenzene	147.002	685.7				10
367-11-3	1,2-difluorobenzene	114.093	566				10
372-18-9	1,3-difluorobenzene	114.093	548.4				10
540-36-3	1,4-difluorobenzene	114.093	556.7	4400000			10
108-86-1	bromobenzene	157.008	670				10
108-90-7	chlorobenzene	112.557	633	4530000	0.0003080	0.265	10
462-06-6	fluorobenzene	96.102	560.1	4550000	0.0002680	0.262	10
434-64-0	(trifluoromethyl)pentafluorobenzene	236.062	534.4	2700000	0.0004280	0.259	10
771-56-2	methylpentafluorobenzene	182.091	566.5	3130000	0.0003840	0.255	10
392-83-6	2-bromo(trifluoromethyl)benzene	225.006	656.5				10
401-78-5	3-bromo(trifluoromethyl)benzene	225.006	627.1				10
402-43-7	4-bromo(trifluoromethyl)benzene	225.006	629.8				10
452-76-6	1-methyl-2,4-difluorobenzene	128.119	581.4				10
452-67-5	1-methyl-2,5-difluorobenzene	128.119	587.7				10
443-84-5	1-methyl-2,6-difluorobenzene	128.119	581.8				10
2927-34-6	1-methyl-3,4-difluorobenzene	128.119	598.5				10
95-52-3	1-fluoro-2-methylbenzene	110.129	591.2				10
352-70-5	1-fluoro-3-methylbenzene	110.129	591.8				10
352-32-9	1-fluoro-4-methylbenzene	110.129	592.1				10
313-72-4	octafluoronaphthalene	272.094	673				10
306-94-5	octadecafluorodecalin	462.078	565	1780000			10
434-90-2	decafluorobiphenyl	334.112	640				10
121-43-7	boric acid trimethyl ester	103.913	502	3500000			11
353-85-5	trifluoroethanenitrile	95.023	311.1	3620000	0.0002020	0.283	11
73563-15-2	difluoro-N,N-bis(trifluoromethyl)methanamine	203.034	404.94	2727000	0.0003440	0.278	11
85034-09-9	N,N-bis(trifluoromethyl)methanamine	167.053	415.76	2916000	0.0003120	0.263	11
176674-31-0	2,2-difluoro-N,N-bis(trifluoromethyl)ethanamine	217.061	460.2	2642000	0.0003750	0.259	11
85034-08-8	N,N-bis(trifluoromethyl)ethanamine	181.08	442.6	2622000	0.0003700	0.263	11
338-83-0	1,1,2,2,3,3,3-heptafluoro-N,N-bis(heptafluoropropyl)-1-propanamine	521.069	524	1350000			11
514-03-4	1,1,2,2,3,3,4,4,4-nonafluoro-N-nonafluorobutyl-N-(trifluoromethyl)-1-butanamine	521.069	530	1360000			11
130539-68-3	2,2,3,3,4,4,4a,5,5,6,6,7,7,8,8,8a-hexadecafluorodecahydro-1-(pentafluoroethyl)quinoline	545.091	575	1610000			11
311-89-7	1,1,2,2,3,3,4,4,4-nonafluoro-N,N-bis(nonafluorobutyl)-1-butanamine	671.092	565.4	1160000			11
76-02-8	trichloroacetyl chloride	181.833	605	4300000	0.0003430	0.293	11
76-05-1	trifluoroethanoic acid	114.023	491.3	3258000	0.0002040	0.163	11
3822-68-2	difluoromethoxytrifluoromethane	136.021	354.49	3351000	0.0002350	0.267	11
1691-17-4	oxy-bis(difluoromethane)	118.03	420.25	4230000	0.0002230	0.27	11
75-89-8	2,2,2-trifluoroethanol	100.04	498.5	4825000	0.0002060	0.24	11
421-14-7	trifluoromethoxymethane	100.04	377.92	3635000	0.0002170	0.25	11
79-53-8	chloropentafluoro-2-propanone	182.477	410.6	2880000			11
425-82-1	hexafluorooxetane	166.022	361.9	3060000	0.0002720	0.277	11
684-16-2	hexafluoro-2-propanone	166.022	357.2	2840000	0.0003070	0.294	11
428-59-1	trifluoro(trifluoromethyl)oxirane	166.022	359.6	2930000	0.0002910	0.285	11
21297-65-4	hexafluoro-1,3-dioxolane	182.021	368.1	2710000			11
665-16-7	pentafluoro(trifluoromethoxy)ethane	204.019	356.8		0.0003190		11
53772-78-4	difluoro-bis(trifluoromethoxy)methane	220.018	372.4	2330000	0.0003610	0.271	11
2356-62-9	1,1,1,2-tetrafluoro-2-(trifluoromethoxy)ethane	186.028	377.26	2621000	0.0003210	0.268	11
2356-61-8	1,1,2,2-tetrafluoro-1-(trifluoromethoxy)ethane	186.028	387.8	2620000	0.0003380	0.275	11
13838-16-9	2-chloro-1-(difluoromethoxy)-1,1,2-trifluoroethane	184.492	474.99	2980000			11
26675-46-7	2-chloro-2-(difluoromethoxy)-1,1,1-trifluoroethane	184.492	467.76	3046000			11
20193-67-3	1,1,1-trifluoro-2-(trifluoromethoxy)ethane	168.038	401.9	2856000			11
57041-67-5	1,1,1,2-tetrafluoro-2-(difluoromethoxy)ethane	168.038	428.9	3042000	0.0003150	0.269	11
1885-48-9	1,1,1-trifluoro-2-(difluoromethoxy)ethane	150.047	443.99	3050000			11
69948-24-9	1,2,2-trifluoro-2-(difluoromethoxy)ethane	150.047	462.03	3538000	0.0002820	0.259	11
22410-44-2	pentafluoro(methoxy)ethane	150.047	406.82	2886000	0.0003000	0.256	11
76-37-9	2,2,3,3-tetrafluoro-1-propanol	132.057	553.6	4630000	0.0002660	0.268	11
541-41-3	carbonchloridic acid ethyl ester	108.524	508				11
460-43-5	1,1,1-trifluoro-2-(methoxy)ethane	114.066	449.05	3509000	0.0002770	0.26	11
773-14-8	octafluorotetrahydrofuran	216.029	400	2690000	0.0003180	0.257	11
59426-77-6	1,1,1,2,2,3,3-heptafluoro-3-(trifluoromethoxy)propane	254.026	391.7	1870000	0.0004030	0.232	11
34118-18-8	2,2,3,3,5,5,6-heptafluoro-1,4-dioxane	214.038	452.88	2866000	0.0003590	0.273	11
269716-57-6	4,4,5,5-tetrafluoro-2-(trifluoromethyl)-1,3-dioxolane	214.038	435.06	2645000	0.0003760	0.275	11
134769-21-4	pentafluoro(1,1,2,2-tetrafluoroethoxy)ethane	236.036	412.63	2257000	0.0004730	0.311	11
156053-88-2	pentafluoro(2,2,2-trifluoroethoxy)ethane	218.045	421.6	2327000	0.0004090	0.272	11
26103-08-2	1,1,1,3,3,3-hexafluoro-2-(difluoromethoxy)propane	218.045	444.63	2571000	0.0003750	0.261	11
267901-02-0	1,1-bis(difluoromethoxy)-1,2,2,2-tetrafluoroethane	234.045	449.81	2421000	0.0004100	0.265	11
374-41-4	3,3,4,4,4-pentafluoro-2-butanone	162.058	453.03	2912000	0.0003330	0.258	11
56860-81-2	3-difluoromethoxy-1,1,1,2,2-pentafluoropropane	200.055	455.1	2773000	0.0003470	0.255	11
375-03-1	1,1,1,2,2,3,3-heptafluoro-3-(methoxy)propane	200.055	437.6	2480000	0.0003770	0.257	11
22052-84-2	1,1,1,2,3,3,3-heptafluoro-2-(methoxy)propane	200.055	433.21	2548000	0.0003690	0.261	11
406-78-0	1,1,2,2-tetrafluoro-1-(2,2,2-trifluoroethoxy)ethane	200.055	463.89	2713000	0.0003700	0.26	11
13171-18-1	1,1,1,3,3,3-hexafluoro-2-(methoxy)propane	182.064	459.6	2696000	0.0003790	0.267	11
50807-77-7	1,1,2,2-tetrafluoro-2-(2,2-difluoroethoxy)ethane	182.064	501.08	3090000	0.0003500	0.26	11
333-36-8	1,1,1-trifluoro-2-(2,2,2-trifluoroethoxy)ethane	182.064	476.31	2783000	0.0003640	0.256	11
22052-81-9	pentafluoro(ethoxy)ethane	164.074	431.13	2526000	0.0003660	0.258	11
60598-17-6	3-methoxy-1,1,2,2-tetrafluoropropane	146.083	505.35	3279000	0.0003220	0.252	11
375-62-2	nonafluoropentanoyl fluoride	266.037	427	1900000	0.0004430	0.237	11
2706-90-3	nonafluoropentanoic acid	264.046	545.6	2230000	0.0005320	0.262	11
1522-22-1	1,1,1,5,5,5-hexafluoro-2,4-pentanedione	208.059	485.1	2770000	0.0002890	0.198	11
347148-74-7	1,1,1,2,4,4,4-heptafluoro-2-(trifluoromethoxy)butane	268.053	447.4	2140000	0.0004610	0.265	11
355-17-9	1,1,1,2,2,3,3-heptafluoropentan-4-one	212.066	476.55	2578000	0.0003940	0.256	11
80553-01-1	3,4,4,4-tetrafluoro-3-(trifluoromethyl)-2-butanone	212.066	467.64	2522000	0.0004090	0.266	11
993-95-3	1,1,1,2,3,3-hexafluoro-3-(2,2,2-trifluoroethoxy)propane	250.062	475.74	2233000	0.0004440	0.251	11
66670-22-2	1,1,1,3,3,3-hexafluoro-2-trifluoromethyl-2-(methoxy)propane	250.062	462.72	2366000	0.0004480	0.276	11
355-28-2	2,2,3,3,4,4,5,5,5-nonafluoro-1-pentanol	250.062	521.4	2310000	0.0004470	0.238	11
50807-74-4	1,1,1,2,2-pentafluoro-3-(1,1,2,2-tetrafluoroethoxy)propane	250.062	473.01	2244000	0.0004550	0.259	11
355-80-6	2,2,3,3,4,4,5,5-octafluoro-1-pentanol	232.072	571.2	2750000	0.0004240	0.246	11
16627-68-2	1,1,2,2-tetrafluoro-3-(1,1,2,2-tetrafluoroethoxy)propane	232.072	510.07	2581000	0.0004380	0.266	11
378-72-3	1,1,1,2,2-pentafluoropentan-3-one	176.085	475.54	2642000	0.0003560	0.238	11
376-98-7	4-methoxy-1,1,1,2,2,3,3-heptafluorobutane	214.081	481.54	2381000	0.0004310	0.256	11
771-61-9	pentafluorophenol	184.064	609	4000000	0.0003480	0.275	11
678-18-2	1,1,1,2,2,3,3,4,4-nonafluorohexan-5-one	262.073	498.97	2198000	0.0005040	0.267	11
1000-28-8	1,1,1,2,3,3-hexafluoro-3-(2,2,3,3,3-pentafluoropropoxy)propane	300.07	486.48	1950000	0.0005290	0.255	11
54822-22-9	2,2,3,3,4,4,5,5-octafluoropentanoic acid methyl ester	260.082	559	2320000	0.0005020	0.251	11
65064-78-0	1,1,1,2,3,3-hexafluoro-3-(2,2,3,3-tetrafluoropropoxy)propane	282.079	507.6	1840000	0.0005290	0.231	11
16370-05-4	4-ethoxy-1,1,1,2,2,3,3,4,4-nonafluorobutane	264.089	482.02	1976000	0.0005100	0.251	11
52447-22-0	tridecafluoroheptanoyl chloride	382.507	519.8	1450000	0.0006520	0.219	11
375-82-6	2,2,3,3,4,4,5,5,6,6,7,7,7-tridecafluoro-1-heptanol	350.077	554.7	2350000	0.0006070	0.309	11
355-99-9	2,2,3,3,4,4,5,5,6,6,7,7-dodecafluoro-1-heptanol	332.087	589	2030000	0.0006020	0.249	11
16627-71-7	1,1,2,2,3,3,4,4-octafluoro-5-(1,1,2,2-tetrafluoroethoxy)pentane	332.087	546.8	2010000	0.0005990	0.265	11
2673-15-6	3,3,4,4,5,5,6,6-octafluoro-2-methyl-2-hexanol	260.125	589.4	2430000	0.0005330	0.264	11
912670-61-2	1,1,5-trichloro-2,2,3,3,4,4,5,5-octafluoro-1-(1,1,1,2,3,3-hexafluoro-2-chloropropoxy)pentane	519.875	612.2	1500000	0.0008900	0.262	11
335-36-4	2,2,3,3,4,4,5-heptafluoro-5-(nonafluorobutyl)tetrahydrofuran	416.059	500.2	1607000	0.0007080	0.273	11
66804-94-2	1-[1-[difluoro(pentafluoroethoxy)methyl]-1,2,2,2-tetrafluoroethoxy]-1,1,2,2,3,3,3-heptafluoropropane	470.056	481	1350000			11
350-57-2	1,1,2,2-tetrafluoroethoxybenzene	194.126	603.8	2850000	0.0004560	0.259	11
252556-93-7	2,4,6,8-tetraoxaheptadecafluorononanoic acid	528.073	551.2	730000	0.0010290	0.164	11
42287-85-4	2,2,3,3,4,4,5,5,6,6,7,7-dodecafluoroheptanoic acid ethyl ester	374.124	575.6	1270000	0.0007540	0.2	11
84246-31-1	octafluoro-1,4-butanedisulfonyl difluoride	398.153	549	1770000	0.0006590	0.256	11
373-80-8	pentafluoro(trifluoromethyl)sulfur	196.063	381.2	3370000	0.0002840	0.302	11
371-78-8	thio-bis-trifluoromethane	170.077	376.8				11
75-79-6	trichloromethylsilane	149.479	517.5	3530000	0.0003440	0.282	11
115-21-9	trichloroethylsilane	163.506	560	3330000	0.0004030	0.288	11
75-78-5	dichlorodimethylsilane	129.061	520.4	3490000	0.0003500	0.282	11
75-77-4	chlorotrimethylsilane	108.642	497.8	3200000	0.0003660	0.283	11
1719-53-5	dichlorodiethylsilane	157.114	595.8	3060000	0.0004550	0.281	11
75-52-5	nitromethane	61.04	588	6100000	0.0001730	0.216	11
141-43-5	2-aminoethanol	61.083	675	7600000			11
288-42-6	1,3-oxazole	69.062	551	6770000			11
68-12-2	N,N-dimethylformamide	73.094	649.6		0.0002620		11
79-16-3	N-methylacetamide	73.094	707.4	5090000			11
929-06-6	2-(2-aminoethoxy)-ethanol	105.136	721	4800000			11
111-42-2	2,2′-imino-bis-ethanol	105.136	737	4300000			11
111-41-1	2-[(2-aminoethyl)amino]ethanol	104.151	739	4650000			11
872-50-4	1-methyl-2-pyrrolidinone	99.131	721.8	4520000	0.0003110	0.234	11
4394-85-8	4-formylmorpholine	115.13	779	5080000			11
110-46-3	3-methyl-1-nitrosooxybutane	117.146	476.8	5070000			11
105-59-9	N-methyldiethanolamine	119.162	742	4160000			11
102-71-6	2,2′,2′′-nitrilo-tris-ethanol	149.188	772	2700000			11
103-71-9	isocyanatobenzene	119.121	657	4000000			11
6837-24-7	cyclohexyl-2-pyrrolidinone	167.248	810	2200000			11
67-68-5	sulfinyl-bis-methane	78.133			0.0002130		11
625-60-5	ethanethioic acid S-ethyl ester	104.171	590.6	4080000	0.0003190	0.265	11
681-84-5	silicic acid tetramethyl ester	152.221	563	2880000			11
107-46-0	hexamethyldisiloxane	162.378	518	1920000	0.0005900	0.263	11
541-05-9	hexamethylcyclotrisiloxane	222.462	554	1790000	0.0007060	0.274	11
1873-88-7	1,1,1,3,5,5,5-heptamethyltrisiloxane	222.505	553.4	1480000			11
78-10-4	silicic acid tetraethyl ester	208.328	592.2	2050000			11
107-51-7	octamethyltrisiloxane	236.531	564	1420000	0.0008760	0.265	11
556-67-2	octamethylcyclotetrasiloxane	296.616	586.6	1330000	0.0009730	0.265	11
141-62-8	decamethyltetrasiloxane	310.685	599	1190000	0.0011510	0.275	11
17928-28-8	methyl-tris(trimethylsiloxy)silane	310.685	597	1180000	0.0011260	0.268	11
541-02-6	decamethylcyclopentasiloxane	370.77	618	1100000	0.0012360	0.265	11
682-01-9	silicic acid tetrapropyl ester	264.434	648	1500000			11
994-49-0	hexaethyldisiloxane	246.537	693				11
141-63-9	dodecamethylpentasiloxane	384.839	628	970000	0.0013990	0.26	11
3555-47-3	tetrakis(trimethylsiloxy)silane	384.839	623	1000000	0.0013990	0.27	11
107-52-8	tetradecamethylhexasiloxane	458.993	652	840000	0.0018070	0.28	11
107-50-6	tetradecamethylcycloheptasiloxane	519.078	684				11
56-33-7	1,1,3,3-tetramethyl-1,3-diphenyldisiloxane	286.516	750	1730000			11
4766-57-8	silicic acid tetrabutyl ester	320.54	682	1100000			11
541-01-5	hexadecamethylheptasiloxane	533.147	671.5	700000	0.0020510	0.257	11
556-69-4	octadecamethyloctasiloxane	607.301	689	680000	0.0023360	0.277	11
6382-12-3	silicic acid tetrapentyl ester	376.646	714	890000			11
2652-13-3	eicosamethylnonasiloxane	681.455	698.5	570000	0.0025240	0.248	11
3424-57-5	(2α,4α,6α)-2,4,6-trimethyl-2,4,6-triphenylcyclotrisiloxane	408.67	824	1340000			11
6138-53-0	(2α,4α,6β)-2,4,6-trimethyl-2,4,6-triphenylcyclotrisiloxane	408.67	839	1290000			11
556-70-7	docosamethyldecasiloxane	755.609	709.2	470000			11
7425-86-7	silicic acid tetrahexyl ester	432.753	757	790000			11
807-28-3	1,3-dimethyl-1,1,3,3-tetraphenyldisiloxane	410.655	893	1380000			11
18759-42-7	silicic acid tetraheptyl ester	488.859	778	740000			11
78-14-8	silicic acid tetraoctyl ester	544.965	812	660000			11
18817-76-0	silicic acid tetranonyl ester	601.072	830	610000			11
18845-54-0	silicic acid tetradecyl ester	657.178	849	600000			11
