1	2	257.05	-0.1011	0	277.59	576.96
2	1	-125.99	-0.1271	0	277.59	576.96
1	3	137.14	-0.32	0.0012503	178.59	463.11
3	1	65.28	-0.4342	-0.000194	178.59	463.11
1	4	-22.55	-0.4158	6.3473E-05	157.17	553.13
4	1	169.14	-0.3624	0.00093857	157.17	553.13
1	5	3119.2	-6.073	0.0023986	202.71	503.15
5	1	1857.23	-8.7982	0.010757	202.71	503.15
1	6	1037.92	0.816	0	263.15	423.09
6	1	94.61	-0.5052	0	263.15	423.09
1	7	1391.3	-3.6156	0.001144	273.15	548.1
7	1	-17.25	0.8389	0.0009021	273.15	548.1
1	8	1070.74	-0.7685	0	281.35	483.43
8	1	2597.16	-4.8864	0	281.35	483.43
1	9	175.24	1.1209	0	233.2	476.65
9	1	282.42	-1.2006	0	233.2	476.65
1	10	864.14	0	0	273.15	423.15
10	1	569.78	0	0	273.15	423.15
1	11	113.19	1.8837	-0.0038391	278.15	433.02
11	1	737	-3.0713	0.0031041	278.15	433.02
1	12	521.38	-0.5881	0.0003446	223.5	440.92
12	1	237.35	-0.7084	-0.00019047	223.5	440.92
1	13	204.31	-0.5302	0	266.52	423.15
13	1	-0.39	0.3745	0	266.52	423.15
1	14	-178.35	5.0636	-0.010134	218.15	373.15
14	1	316.72	-2.6579	0.0033917	218.15	373.15
1	15	799.62	-1.7341	0	223.15	442.1
15	1	-37.73	-0.1101	0	223.15	442.1
1	16	-664.03	2.5482	0.0015386	293.15	359.28
16	1	542.7	-0.2562	-0.0060572	293.15	359.28
1	17	-5103.18	39.2626	-0.059394	273.15	456.33
17	1	11279.3	-56.4842	0.071276	273.15	456.33
1	18	941.53	-5.9816	0.010003	273.15	465.82
18	1	180.43	0.3212	-0.0033627	273.15	465.82
1	19	732.9	0.0947	0	141.11	393.07
19	1	92.68	-0.7171	0	141.11	393.07
1	20	1443.33	-4.902	0.011595	289.15	542.9
20	1	1874.82	-5.2344	0.00082871	289.15	542.9
1	21	267.83	0.1764	0	271.75	400.15
21	1	26.22	-0.4867	0	271.75	400.15
1	22	-216.89	1.0618	0	288.15	438.65
22	1	314.21	-1.0927	0	288.15	438.65
1	23	-699.6	5.4279	-0.009189	223.76	412.95
23	1	1042.84	-6.849	0.010254	223.76	412.95
1	24	257.36	-1.6832	0.0033128	205.16	396.72
24	1	-153.06	1.1513	-0.002505	205.16	396.72
1	25	2672.92	-16.8364	0	283.09	473.16
25	1	2557.77	-6.9014	0	283.09	473.16
1	26	2330.94	-13.2964	0.021997	293.15	398.75
26	1	-374.74	2.987	-0.0061657	293.15	398.75
1	27	3019.92	-2.8981	0	245.64	462.65
27	1	952.1	-3.8152	0	245.64	462.65
1	28	40.27	1.325	0	290.14	358.3
28	1	67.17	-1.0682	0	290.14	358.3
1	29	471.83	-0.7861	0	223.16	413.15
29	1	-61.6	-0.0541	0	223.16	413.15
1	30	719.02	0.9195	0	293.15	437.51
30	1	211.34	-1.1229	0	293.15	437.51
1	31	972.55	-0.3917	0	291.25	470.71
31	1	-241.49	0.2582	0	291.25	470.71
1	32	500.72	-0.1323	0	293.1	367.05
32	1	231.2	-0.9521	0	293.1	367.05
1	33	178.26	1.7971	-0.0030227	130.65	393.35
33	1	137.44	-1.7559	0.0020405	130.65	393.35
1	34	497.24	-0.9034	0	231.94	428.71
34	1	22.42	0.023	0	231.94	428.71
1	35	-498.67	3.6653	0	283.15	393.35
35	1	460.82	-2.1701	0	283.15	393.35
1	36	1465.58	-0.9806	0	298.35	393.07
36	1	157.11	-1.1171	0	298.35	393.07
1	37	-106.73	-0.2841	0	259.05	358.02
37	1	120.32	0.711	0	259.05	358.02
1	38	663.28	-1.8417	-0.00015867	298.14	370.3
38	1	-165.35	-0.3578	0.0015565	298.14	370.3
1	39	-69.75	2.2727	-0.0014881	273.1	425.85
39	1	-211.89	1.5162	-0.0037412	273.1	425.85
1	40	9.24	-0.5011	-0.00016331	243.82	393.31
40	1	137.58	0.4602	0.00019504	243.82	393.31
1	41	980.87	-2.718	0	263.15	407.57
41	1	338.63	-0.3346	0	263.15	407.57
1	42	-183.15	0.9362	-0.0021157	273.15	503.11
42	1	287.64	-1.5321	0.0031384	273.15	503.11
1	43	31.36	0.7889	-0.0020935	250.06	413.21
43	1	213.49	-1.3497	0.002315	250.06	413.21
1	44	-1576.18	6.6648	0	292.98	444.31
44	1	803.79	-2.2809	0	292.98	444.31
1	45	156.66	-0.1689	0	289.15	367.05
45	1	-44.1	-0.0324	0	289.15	367.05
1	46	486.51	-1.6797	0	253.11	463.8
46	1	-108.75	1.483	0	253.11	463.8
1	47	1793.04	0.2714	0	297.1	413.49
47	1	186.18	-0.9358	0	297.1	413.49
1	48	1558.71	-6.2609	0.008895	273.1	333.63
48	1	96.82	-0.2297	-0.0019236	273.1	333.63
1	49	-927.47	7.1798	-0.0086758	297.1	363.15
49	1	243.79	-1.2401	0.00030939	297.1	363.15
1	51	-432.51	0.8544	0	313.34	399.12
51	1	-125.13	0.9312	0	313.34	399.12
1	52	-1254.22	4.741	0	303.15	338.15
52	1	762.23	-3.2159	0	303.15	338.15
1	53	31.15	0.9618	0	300.39	363.15
53	1	435.36	-1.6469	0	300.39	363.15
1	54	1178.99	-1.0258	0	298.14	398.2
54	1	656.12	-1.3615	0	298.14	398.2
1	55	34.57	-0.5165	0.0040991	273.1	440.54
55	1	167.3	-0.4946	-0.0016198	273.1	440.54
1	56	203.22	1.7137	0	288.15	545.11
56	1	663.27	-1.9942	0	288.15	545.11
1	57	309.8	0.7668	0	298.14	439.51
57	1	15.39	0.1534	0	298.14	439.51
1	59	107.57	0	0	288.15	538.16
59	1	-319.3	0	0	288.15	538.16
1	60	110.77	1.251	0	275.73	473
60	1	405.55	-1.4474	0	275.73	473
1	61	989.36	-3.3719	0.0049126	175	413.12
61	1	624.36	-5.2447	0.008056	175	413.12
1	62	17.26	3.1036	0	298.09	423.15
62	1	-1042.35	12.1353	0	298.09	423.15
1	64	-403.33	0	0	293.15	368.23
64	1	4894.4	0	0	293.15	368.23
1	65	926.48	0	0	303.14	323.14
65	1	31.72	0	0	303.14	323.14
1	75	232.17	0	0	293.14	484.16
75	1	-187.75	0	0	293.14	484.16
1	76	385.6	0	0	293.14	472.85
76	1	-51.98	0	0	293.14	472.85
1	77	-17.57	0	0	298.14	403.15
77	1	167.46	0	0	298.14	403.15
1	78	358.68	0	0	283.15	343.15
78	1	-38.18	0	0	283.15	343.15
1	79	-337.56	0	0	298.15	343.15
79	1	-197.25	0	0	298.15	343.15
1	80	-223.3	0	0	253.2	308.13
80	1	84.22	0	0	253.2	308.13
1	81	-980.5	0	0	291.15	443.84
81	1	-15.89	0	0	291.15	443.84
1	82	498.75	0.6562	0	293.14	383.73
82	1	-253.86	1.2476	0	293.14	383.73
1	83	338.61	0	0	294.49	475.87
83	1	312	0	0	294.49	475.87
1	86	58.22	0	0	298.15	393.72
86	1	-61.98	0	0	298.15	393.72
1	92	441.89	-0.1639	0	293.15	403.65
92	1	522.11	0.7502	0	293.15	403.65
1	94	800.97	0	0	298.15	643.51
94	1	-219.04	0	0	298.15	643.51
1	95	91.36	-0.4614	0	293.15	446.61
95	1	48.71	-0.3481	0	293.15	446.61
1	96	-3.79	3.3144	0	298.09	493
96	1	83.83	-1.0238	0	298.09	493
2	3	-116.5	0.2659	0	279.99	363.13
3	2	146.29	-0.3015	0	279.99	363.13
2	4	2032.33	-4.9773	0	249.93	414.6
4	2	0.25	-0.2521	0	249.93	414.6
2	5	2529.96	-5.9572	0.0048653	249.84	421.21
5	2	1433.2	-6.2819	0.0075645	249.84	421.21
2	6	-670.14	16.5414	-0.032479	249.98	373.15
6	2	26.12	-0.2668	-0.00027287	249.98	373.15
2	7	615.44	-1.1646	0	262.15	410.63
7	2	38.11	0.9518	0	262.15	410.63
2	8	4260.72	0.2571	0	289.98	462.25
8	2	1406.01	-2.8678	0	289.98	462.25
2	9	330.13	0.3412	0	273.1	392.75
9	2	221.24	-1.0604	0	273.1	392.75
2	10	496.71	0.4187	0	293.15	373.17
10	2	228.7	0.186	0	293.15	373.17
2	11	284.78	-0.7037	0	278.15	397.22
11	2	77.02	0.1425	0	278.15	397.22
2	12	-29.63	0.8242	0	214.2	363.15
12	2	322.48	-1.0911	0	214.2	363.15
2	13	-42.31	-0.0428	0	273.15	369.31
13	2	193.05	-0.1982	0	273.15	369.31
2	14	1953.46	-7.0768	0.012222	333.12	361.19
14	2	308.74	-6.0972	0.013128	333.12	361.19
2	15	224.8	0	0	300	400
15	2	-124.32	0	0	300	400
2	16	165.3	0	0	300	400
16	2	-131.5	0	0	300	400
2	17	-951.71	14.4763	-0.029467	273	363.15
17	2	1905.79	3.4861	-0.0070926	273	363.15
2	18	38.56	0	0	273.15	298.15
18	2	40.65	0	0	273.15	298.15
2	19	1277.88	0.2094	0	273.1	395.84
19	2	93.34	-1.0537	0	273.1	395.84
2	20	1701.95	19.6463	0	313.2	413.15
20	2	1239.81	-3.9068	0	313.2	413.15
2	21	517.72	-1.2257	0	293.1	387.23
21	2	-377.25	0.9614	0	293.1	387.23
2	22	133.15	-1.0507	0	298.15	363.15
22	2	-290.11	1.8391	0	298.15	363.15
2	23	-187.02	0	0	333.12	333.12
23	2	229.81	0	0	333.12	333.12
2	24	388.4	-1.6075	0	293.1	393.12
24	2	-570.92	2.3215	0	293.1	393.12
2	25	-236.62	-2.6996	0	280	359.98
25	2	1139.93	-3.9021	0	280	359.98
2	26	460.98	-0.6049	0	293.15	363.88
26	2	497.72	-2.0038	0	293.15	363.88
2	27	31138.75	0	0	293.15	393.2
27	2	9513.89	0	0	293.15	393.2
2	28	105.34	1.362	0	298.15	298.19
28	2	53	-1.034	0	298.15	298.19
2	30	171.67	5.288	0	273	366.47
30	2	388.06	-1.9355	0	273	366.47
2	31	-5.53	0	0	293.15	333.15
31	2	402.1	0	0	293.15	333.15
2	33	69.21	0	0	298.15	298.15
33	2	25.67	0	0	298.15	298.15
2	34	423.52	-2.7549	0.0022164	298.15	403.37
34	2	175.82	5.3428	0.0051961	298.15	403.37
2	35	-237.28	2.4268	0	283.15	353.15
35	2	52.88	-1.0493	0	283.15	353.15
2	36	4530.97	-13.9249	0	288.25	344.85
36	2	-1571.53	5.1153	0	288.25	344.85
2	37	-277.98	-0.2458	0	259.05	358.02
37	2	172.57	2.8499	0	259.05	358.02
2	38	141.1	-0.3025	0	300	400
38	2	-139.5	0.9076	0	300	400
2	39	-133.5	1.8647	0	273.1	368.15
39	2	120.21	-0.9548	0	273.1	368.15
2	40	-181.15	0.0138	6.8952E-05	250.99	345.8
40	2	435.82	0.6974	-0.0033228	250.99	345.8
2	41	-50.76	0.4625	0	293.15	383.2
41	2	-65.8	-0.2191	0	293.15	383.2
2	42	-143.93	0.3097	-0.0015527	298.1	413.13
42	2	-32.19	1.5306	-0.0011471	298.1	413.13
2	43	-281.35	-0.1869	0.0027673	250	360.72
43	2	1218.86	-5.2242	0.005373	250	360.72
2	44	1632.01	0	0	292.98	444.31
44	2	-46.47	0	0	292.98	444.31
2	45	308.81	0	0	175.16	333.25
45	2	-191.6	0	0	175.16	333.25
2	46	111.48	-0.1464	0	245.27	416.29
46	2	140.92	-0.1639	0	245.27	416.29
2	47	579.79	2.6531	0	297.1	398.6
47	2	251.43	-1.1265	0	297.1	398.6
2	48	-307.2	10.4628	0	273.1	354.63
48	2	248.05	-1.4533	0	273.1	354.63
2	49	1171.32	3.9213	0	300	400
49	2	90.01	-0.92	0	300	400
2	52	-210.49	0.3125	0	308.11	336.85
52	2	-85.11	0.2172	0	308.11	336.85
2	53	109.69	0	0	273.15	348.18
53	2	-33.59	0	0	273.15	348.18
2	55	-197.46	1.2309	0	273.1	373.15
55	2	277.95	-1.2635	0	273.1	373.15
2	57	12.23	-0.1679	0	298.14	439.51
57	2	70.1	2.7565	0	298.14	439.51
2	60	-1472.58	5.689	0	298.09	384.92
60	2	1104.03	-3.3013	0	298.09	384.92
2	61	597.02	0.905	-0.0071734	298.14	368.15
61	2	122.06	3.4776	-0.0132	298.14	368.15
2	64	522.03	0	0	293.15	368.23
64	2	-191.02	0	0	293.15	368.23
2	65	541.76	0	0	303.14	303.14
65	2	-46.56	0	0	303.14	303.14
2	86	-0.89	-0.1812	0	298.15	394.95
86	2	117.21	-0.1068	0	298.15	394.95
2	95	995.68	2.9005	-0.018504	273.15	388.15
95	2	-65.3	-1.3113	0.0025216	273.15	388.15
3	4	215.61	-0.9343	5.4788E-05	157.17	553.13
4	3	-89.38	0.3561	0.00072826	157.17	553.13
3	5	3851.36	-12.7673	0.012019	266.1	494.25
5	3	2866.4	-14.2748	0.020523	266.1	494.25
3	6	1052.46	1.2728	-0.0048313	248.65	493.06
6	3	-161.98	1.1169	-0.0021209	248.65	493.06
3	7	792	-1.726	0	300	400
7	3	332.3	1.158	0	300	400
3	8	1435.9	-2.4554	0	276.35	482.25
8	3	1358.84	8.8056	0	276.35	482.25
3	9	208.29	-0.891	0.00082427	177.19	577.4
9	3	-225.48	1.4676	-0.00087633	177.19	577.4
3	10	26.89	1.2527	0	298.15	393.12
10	3	-308.79	1.4571	0	298.15	393.12
3	11	-436.58	2.5648	-0.0031523	273.1	439.48
11	3	834.28	-3.3669	0.0030476	273.1	439.48
3	12	113.93	0.3235	0	293.15	412.92
12	3	123.43	-0.525	0	293.15	412.92
3	13	-6.13	-0.2221	0	249.97	413.15
13	3	-125	0.7224	0	249.97	413.15
3	14	2036	-8.729	0.008138	300	400
14	3	-121	-1.901	0.006999	300	400
3	15	-371.5	1.3487	0	293.1	351.53
15	3	796.5	-2.5016	0	293.1	351.53
3	16	1445.18	-3.8918	0	163.13	359.28
16	3	-320.92	0.4892	0	163.13	359.28
3	17	1317.49	-2.6764	0.00054383	273.15	486.16
17	3	2314.19	1.1647	0.0018606	273.15	486.16
3	18	1264.99	-3.8439	0.0036324	212.24	538.35
18	3	-150.54	-1.0618	0.001766	212.24	538.35
3	19	-534.15	2.7758	-0.00054005	177.39	397.83
19	3	715.47	-3.6278	0.0035521	177.39	397.83
3	20	332.11	0.7276	0.0032011	269.85	413.92
20	3	-51.56	2.833	-0.0072836	269.85	413.92
3	21	55.28	-0.1814	0.00079058	219.09	398.17
21	3	-75.94	0.2615	-0.00095427	219.09	398.17
3	22	129.85	-0.5509	0	283.15	408.42
22	3	-151.97	0.5179	0	283.15	408.42
3	23	75.6	0.4128	0	215.21	352.08
23	3	-22.83	-0.4436	0	215.21	352.08
3	24	268.39	-1.8184	0.0028705	227.49	473.11
24	3	-269.59	1.9216	-0.0030871	227.49	473.11
3	25	619.4	-1.2871	-0.028486	211.7	399.53
25	3	1977.16	-8.2115	0.018545	211.7	399.53
3	26	436.78	-3.1285	0.0060325	239.68	373.15
26	3	-138.18	2.0005	-0.0042637	239.68	373.15
3	27	1707.48	-0.0809	0	245.64	462.65
27	3	-336.11	-0.3527	0	245.64	462.65
3	28	2928.92	-18.2982	0.032265	273.1	353.07
28	3	-153.35	0.6702	-0.0027076	273.1	353.07
3	29	-69.08	0.2842	0	283.15	338.15
29	3	137.11	-0.3674	0	283.15	338.15
3	30	310.6	-0.1186	0	278.15	427.85
30	3	-28.19	-0.1636	0	278.15	427.85
3	31	1378.14	-3.5132	0	279.1	398.25
31	3	-544.9	2.0913	0	279.1	398.25
3	32	80.93	0.2894	0	293.1	308.15
32	3	117.69	-0.2878	0	293.1	308.15
3	33	-171.89	0.4463	0.0018848	152.67	396.75
33	3	307.64	-1.5803	0.00079403	152.67	396.75
3	34	73.71	0	0	273.15	407.46
34	3	-59.67	0	0	273.15	407.46
3	35	-17.89	0.7819	0	298.15	373.15
35	3	58.36	-0.6666	0	298.15	373.15
3	36	21.76	2.7885	0	283.45	411.53
36	3	43.53	-0.815	0	283.45	411.53
3	37	-168.39	-0.3422	7.0739E-06	298	359.82
37	3	179	0.8628	0.0013402	298	359.82
3	38	810.39	-5.3251	0.0060932	161.17	383.15
38	3	-1372.21	7.8694	-0.0078096	161.17	383.15
3	39	-81.69	1.1229	-0.00105	300	400
39	3	58.76	-0.6263	0.000668	300	400
3	41	148.86	-0.5673	0	293.15	383.2
41	3	124.37	-0.1629	0	293.15	383.2
3	42	51.48	-1.0128	0.0015377	226.67	492.66
42	3	157.87	0.4908	-0.0011351	226.67	492.66
3	43	-118.44	-0.1188	0	247.17	386.55
43	3	211.91	0.06	0	247.17	386.55
3	44	-1366.87	10.5751	-0.01393	276.95	346.55
44	3	-1113.41	8.4775	-0.015256	276.95	346.55
3	45	391.55	-0.297	0	193.18	392.4
45	3	-204.88	-0.0445	0	193.18	392.4
3	46	441.59	-1.7292	0	215.15	448.45
46	3	-552.89	2.3801	0	215.15	448.45
3	47	1048.12	0.1361	0	303.1	473.36
47	3	75.52	-0.5981	0	303.1	473.36
3	48	85.79	1.0001	0	298.15	434.42
48	3	15.36	-0.1333	0	298.15	434.42
3	49	214.38	0.784	0	298.14	363.15
49	3	2.81	-0.3703	0	298.14	363.15
3	50	38.66	-0.2149	0	293.15	413.15
50	3	8.32	1.2133	0	293.15	413.15
3	51	169.21	0	0	323.09	393.07
51	3	-193.41	0	0	323.09	393.07
3	52	45.85	0.0227	0	298.15	348.15
52	3	-20.59	-0.4106	0	298.15	348.15
3	53	-79.2	0	0	307.79	386.55
53	3	-129.82	0	0	307.79	386.55
3	54	579.42	0	0	355.62	416.37
54	3	-64.83	0	0	355.62	416.37
3	55	-25.42	0.7919	0	283.15	400.75
55	3	42.93	-0.6321	0	283.15	400.75
3	56	-41.15	1.1307	2.0715E-05	288.15	412.62
56	3	46.52	0.324	-0.0015682	288.15	412.62
3	57	0.7	-0.0781	0	298.14	439.51
57	3	941.65	9.3839	0	298.14	439.51
3	58	1490.17	0	0	298.14	476.7
58	3	-632.48	0	0	298.14	476.7
3	59	220.23	-0.5968	-0.0013455	303.14	478.56
59	3	192.36	-2.0119	0.0021535	303.14	478.56
3	60	473.29	-1.2844	0	298.14	442.51
60	3	-349.71	1.626	0	298.14	442.51
3	62	833.09	0	0	303.15	391.22
62	3	411.36	0	0	303.15	391.22
3	63	-210.75	0	0	387.5	442.3
63	3	96.33	0	0	387.5	442.3
3	64	-102.14	0	0	308.96	341.49
64	3	132.5	0	0	308.96	341.49
3	75	370.36	0	0	293.14	484.16
75	3	-237.95	0	0	293.14	484.16
3	76	187.7	0	0	293.14	472.85
76	3	29.67	0	0	293.14	472.85
3	77	277.97	0	0	298.14	403.15
77	3	-136.73	0	0	298.14	403.15
3	78	456.9	0	0	298.15	386.35
78	3	905.52	0	0	298.15	386.35
3	79	-401.18	2.4597	0	298.15	473.11
79	3	141.24	-1.0538	0	298.15	473.11
3	80	-704.41	0	0	291.15	443.84
80	3	1322.84	0	0	291.15	443.84
3	81	-952.63	0	0	291.15	443.84
81	3	58.31	0	0	291.15	443.84
3	82	539.6	0	0	309.06	385.33
82	3	90.86	0	0	309.06	385.33
3	83	-566.02	0	0	294.49	475.87
83	3	114.91	0	0	294.49	475.87
3	86	167	-0.946	0	283.15	385.53
86	3	-170.88	1.1979	0	283.15	385.53
3	92	16.12	0.7628	0	293.15	395.47
92	3	409.2	-0.2468	0	293.15	395.47
3	94	439.18	0	0	298.15	643.51
94	3	94.46	0	0	298.15	643.51
3	95	-1344.2	7.133	-0.010663	273.1	448.01
95	3	1627.36	-8.6813	0.011537	273.1	448.01
4	5	4497.82	-13.0418	0.0094091	266.1	494.25
5	4	2293.54	0.1412	0.00069931	266.1	494.25
4	6	-1534.84	16.8809	-0.028107	248.65	493.06
6	4	134.01	-0.661	0.00061199	248.65	493.06
4	7	1050.2	-1.9939	0	300	400
7	4	24.14	1.6504	0	300	400
4	8	1638.49	-2.567	0	276.35	482.25
8	4	1538.3	12.8486	0	276.35	482.25
4	9	1018.23	0.5233	0.00058944	177.19	577.4
9	4	-57.75	0.4756	-0.0025793	177.19	577.4
4	10	900.31	-1.11	0	298.15	393.12
10	4	5812.91	97.8575	0	298.15	393.12
4	11	-242.5	2.72	-0.003449	300	400
11	4	1624	-9.409	0.01338	300	400
4	12	211.93	-0.3958	0	293.15	412.92
12	4	389.08	2.5602	0	293.15	412.92
4	13	186.2	0.2496	0	249.97	413.15
13	4	49.94	-0.4694	0	249.97	413.15
4	14	2977	-19.16	0.03333	300	400
14	4	-45.44	5.141	-0.0142	300	400
4	15	405.01	0	0	308.14	308.14
15	4	-162.23	0	0	308.14	308.14
4	16	111.56	-0.4605	0.0024753	293.09	333.13
16	4	96.26	2.403	-0.0085058	293.09	333.13
4	17	4206.45	-8.2185	0.027256	273.15	486.16
17	4	3658.82	-3.6557	-0.0074997	273.15	486.16
4	18	-1740.4	6.8801	0.0008683	292.15	353.15
18	4	385.65	-1.2539	-0.0020895	292.15	353.15
4	19	-221.09	1.655	0	293.1	410.65
19	4	358.9	-1.1203	0	293.1	410.65
4	20	2502.9	-4.7676	0	246.36	435.31
20	4	-184.09	1.9727	0	246.36	435.31
4	21	-101.29	0.2088	0.0024868	249.97	427.65
21	4	30.88	0.0366	-0.0021426	249.97	427.65
4	22	295.24	-0.4104	0	154.67	416.45
22	4	-142.13	-0.0782	0	154.67	416.45
4	23	9.59	0.2394	0	298.14	400.72
23	4	89.13	-0.5155	0	298.14	400.72
4	24	-127.11	0.2971	0	198.5	415.12
24	4	166.04	-0.5463	0	198.5	415.12
4	25	-59.53	1.3667	0	298.15	431.69
25	4	-124.41	-0.0975	0	298.15	431.69
4	26	-2624.9	18.3666	-0.030542	240.16	396.64
26	4	4193.9	-27.3522	0.044562	240.16	396.64
4	27	-2.81	6.9475	0	245.64	462.65
27	4	-146.56	1.6491	0	245.64	462.65
4	28	3464.85	81.8361	0.27395	213.2	366.62
28	4	-1820.64	11.0592	-0.020783	213.2	366.62
4	29	376.19	-1.2113	0	283.15	377.84
29	4	-504.97	2.0461	0	283.15	377.84
4	30	424.94	9.3058	0	285.95	431.31
30	4	125.49	-0.7352	0	285.95	431.31
4	31	2604.86	-4.4807	0	279.1	398.25
31	4	886.11	-2.2136	0	279.1	398.25
4	32	176.43	-0.629	0	293.1	363.18
32	4	375.46	-0.681	0	293.1	363.18
4	33	263.79	-0.458	0	290.65	407.2
33	4	-136.59	-0.035	0	290.65	407.2
4	34	309.57	0	0	273.15	407.46
34	4	316.08	0	0	273.15	407.46
4	35	-5.87	0.6284	0	298.15	373.15
35	4	214.73	-0.9658	0	298.15	373.15
4	36	-18.72	0.9911	0	283.45	411.53
36	4	135.35	-1.0181	0	283.45	411.53
4	37	-501.55	0.5371	0	321.34	405.75
37	4	1388.96	-2.6358	0	321.34	405.75
4	38	-98.87	-0.1688	-0.0002455	161.17	383.15
38	4	-95.89	0.5539	-5.0916E-05	161.17	383.15
4	39	417.95	0.2694	0	288.15	425.61
39	4	110.85	-0.8172	0	288.15	425.61
4	41	1115.57	-2.827	0	293.15	383.2
41	4	-350.7	1.4265	0	293.15	383.2
4	42	-39.01	0.496	0	255.4	503.11
42	4	103.11	-0.6489	0	255.4	503.11
4	43	-10.39	-0.0541	0	293.15	421.32
43	4	74.1	0.006	0	293.15	421.32
4	44	945.82	-0.6504	0	278.15	373.15
44	4	-159.94	0.3161	0	278.15	373.15
4	45	248.99	1.6272	0	283	382.33
45	4	-123.68	-0.597	0	283	382.33
4	46	-103.9	0.8075	0	215.15	448.45
46	4	771.88	-1.538	0	215.15	448.45
4	47	-695.64	2.6949	0	303.1	473.36
47	4	-863.48	13.7484	0	303.1	473.36
4	48	573.31	-0.8779	0	298.15	434.42
48	4	-9.15	-0.7743	0	298.15	434.42
4	49	399.84	0.387	0	298.14	353.15
49	4	49.62	-1.42	0	298.14	353.15
4	50	22.66	-0.231	0	205.24	449.21
50	4	-744.58	4.4795	0	205.24	449.21
4	51	354.49	0	0	323.09	393.07
51	4	-177.25	0	0	323.09	393.07
4	52	826.34	-0.3598	0	354.74	381.35
52	4	997.7	-3.5035	0	354.74	381.35
4	53	2997.89	0	0	307.79	386.55
53	4	6076.18	0	0	307.79	386.55
4	54	364.6	0	0	355.62	416.37
54	4	915.55	0	0	355.62	416.37
4	55	256.14	0.9065	0	283.15	400.75
55	4	91.68	-1.1198	0	283.15	400.75
4	56	-43.45	2.0547	-0.0024514	298.15	492.15
56	4	92.68	0.762	-0.00096573	298.15	492.15
4	57	5326.43	-3.9435	0	298.14	439.51
57	4	241.41	-1.4825	0	298.14	439.51
4	58	2123.45	0	0	298.14	476.7
58	4	3032.4	0	0	298.14	476.7
4	59	336.15	-1.3531	7.3995E-05	303.14	478.56
59	4	-319.33	1.475	-0.00050847	303.14	478.56
4	60	185.41	1.6455	0	298.14	442.51
60	4	-14.76	-0.0892	0	298.14	442.51
4	62	3825.85	0	0	303.15	391.22
62	4	13996.46	0	0	303.15	391.22
4	63	573.79	0	0	387.5	442.3
63	4	578.27	0	0	387.5	442.3
4	64	143.84	0	0	308.96	341.49
64	4	-397.69	0	0	308.96	341.49
4	79	2.6	-0.9829	0	298.15	473.11
79	4	283.48	0.8955	0	298.15	473.11
4	83	180.25	0	0	294.49	475.87
83	4	511.87	0	0	294.49	475.87
4	86	87.29	-0.3607	0	298.15	409.15
86	4	-87.5	0.2158	0	298.15	409.15
4	92	73.77	1.5009	0	293.15	395.47
92	4	-373.6	3.3105	0	293.15	395.47
4	94	52.78	0	0	298.15	643.51
94	4	257.56	0	0	298.15	643.51
4	95	-93.87	0	0	273.1	448.01
95	4	155.67	0	0	273.1	448.01
5	6	320.21	-2.7166	0.003497	273.1	488.16
6	5	-1280.09	9.8879	-0.015141	273.1	488.16
5	7	-513.48	1.25	-0.0021501	273.15	548.1
7	5	1651.05	-8.9104	0.014679	273.15	548.1
5	8	849.02	-3.3964	0	273.15	462.05
8	5	-482.18	0.8318	0	273.15	462.05
5	9	-288.13	2.2923	-0.0037772	204.05	422.56
9	5	668.98	-0.7227	-0.0016635	204.05	422.56
5	10	-78.64	1.6703	-0.006133	284.14	387.13
10	5	-1080.74	-7.7991	0.035174	284.14	387.13
5	11	1097.75	-7.8816	0.013497	288.15	493.15
11	5	252.79	2.6565	-0.0079064	288.15	493.15
5	12	292.25	-0.7058	0.00010613	298.14	416.1
12	5	-233.71	5.3056	-0.0099789	298.14	416.1
5	13	816.7	-5.092	0.00607	300	400
13	5	650.9	-0.7132	0.00082	300	400
5	14	-842.7	2.5595	-0.0013147	288.15	390.37
14	5	-149.83	-0.3414	0.0014055	288.15	390.37
5	15	-24.05	-0.8206	0	293.1	428.14
15	5	-758.38	2.2065	0	293.1	428.14
5	16	-468.41	-2.4112	0.005947	283.1	434.6
16	5	-6512.52	-7.7888	0.12112	283.1	434.6
5	17	-1114	5.916	-0.007126	300	400
17	5	1325	-6.263	0.007584	300	400
5	18	-2060.01	-0.872	0.17789	252.57	363.13
18	5	-426.11	1.4293	-0.0027737	252.57	363.13
5	19	164.64	1.1945	-0.0025079	230.58	393.12
19	5	-22.12	4.2721	-0.010224	230.58	393.12
5	20	-1547.97	9.2465	0.0036126	243.76	430.81
20	5	995.65	-8.4974	0.011205	243.76	430.81
5	21	171.81	-0.4551	0	249.84	421.75
21	5	1890.25	-3.6547	0	249.84	421.75
5	22	-210.24	0.3074	0	293.1	425.15
22	5	1289.62	-1.3321	0	293.1	425.15
5	23	1389.82	-2.8459	0	298.15	393.32
23	5	1015.06	-0.2252	0	298.15	393.32
5	24	536.31	-0.8087	0	273.15	390.13
24	5	3468.76	-6.8797	0	273.15	390.13
5	25	-2352.57	16.8828	0	298	447.75
25	5	844.03	27.934	0	298	447.75
5	26	412.41	-3.2486	0.007204	252.15	398.14
26	5	1300.18	-0.8627	-0.0039006	252.15	398.14
5	27	-881.33	71.3066	0	293.1	480.85
27	5	653.72	-0.7702	0	293.1	480.85
5	28	2765.94	0	0	273.47	318.6
28	5	1752.87	0	0	273.47	318.6
5	30	647.64	-1.4821	0	293.15	407.15
30	5	255.16	1.0838	0	293.15	407.15
5	31	427.57	-1.93	0	285.65	469.61
31	5	114.91	1.3616	0	285.65	469.61
5	32	4397.54	0	0	293.1	413.63
32	5	968.74	0	0	293.1	413.63
5	33	394.56	-0.8236	0	278.15	401.8
33	5	1475.39	-1.4806	0	278.15	401.8
5	34	-1234.37	5.1469	0	298.14	412.45
34	5	1220.43	-2.659	0	298.14	412.45
5	35	59.12	-0.5521	0	288.15	458.68
35	5	-350.93	1.2858	0	288.15	458.68
5	36	179.75	0.7807	0	299.15	406.45
36	5	1232.81	-2.3232	0	299.15	406.45
5	37	-3989.26	-6.2089	0.07468	298	419.35
37	5	1983.18	-0.1857	-0.0063147	298	419.35
5	38	1214.9	0	0	288.15	318.15
38	5	1283.1	0	0	288.15	318.15
5	39	1176.72	-6.7434	0.0098261	293.14	444.75
39	5	28.76	-0.0767	0.00012289	293.14	444.75
5	40	90.51	11.4481	0	298.15	328.15
40	5	-164.31	6.6095	0	298.15	328.15
5	41	403.47	-1.8371	0	298.14	422.11
41	5	752.02	-1.0538	0	298.14	422.11
5	42	2896.87	-14.9115	0.020408	273.1	472.25
42	5	2251.89	1.3697	-0.011248	273.1	472.25
5	43	-513.4	20.3899	-0.0067306	283.15	412.72
43	5	321.52	0.3827	-0.002284	283.15	412.72
5	44	-41.16	-1.8128	0	293.15	354.45
44	5	-846.8	4.7834	0	293.15	354.45
5	45	-88.71	0.1776	0	233.18	424.54
45	5	2960.6	-5.8954	0	233.18	424.54
5	46	-561.06	0.4243	0	298.15	468.35
46	5	1770.34	-4.596	0	298.15	468.35
5	47	127.81	0	0	303.08	333.34
47	5	-130.17	0	0	303.08	333.34
5	48	5444.34	-21.9422	0.021668	298.15	363.13
48	5	795.34	-7.5178	0.013326	298.15	363.13
5	49	123.5	-0.2053	0	298.15	333.15
49	5	194.65	-0.1964	0	298.15	333.15
5	52	-2814.22	50.3575	0	308.14	338.15
52	5	-880.27	46.9513	0	308.14	338.15
5	53	578.5	-4.0748	0.0054227	298.15	413.15
53	5	2175.78	-10.1451	0.015396	298.15	413.15
5	54	323.37	-0.3044	0	298.15	313.15
54	5	774.07	-1.48	0	298.15	313.15
5	55	649.99	-1.296	0	288.15	410.19
55	5	1139.46	-1.5289	0	288.15	410.19
5	56	782.07	-1.7646	0	288.15	333.6
56	5	619.02	-1.4359	0	288.15	333.6
5	57	4857.78	0	0	357.78	475.11
57	5	388.45	0	0	357.78	475.11
5	59	-190.98	0	0	288.15	538.16
59	5	296.6	0	0	288.15	538.16
5	60	1179.16	-3.2842	0	298.14	433.85
60	5	-787.24	2.5181	0	298.14	433.85
5	61	280.52	0	0	343.15	358.15
61	5	615.17	0	0	343.15	358.15
5	62	632.23	-3.2063	0	298.15	333.15
62	5	-2727.31	10.3441	0	298.15	333.15
5	64	-801.84	1.3669	0	293.15	368.23
64	5	-1949.97	8.5304	0	293.15	368.23
5	65	3905.97	0	0	288.05	308.23
65	5	278.96	0	0	288.05	308.23
5	78	-182.46	0	0	313.15	333.35
78	5	-328.98	0	0	313.15	333.35
5	83	560.6	0	0	294.49	475.87
83	5	-111.64	0	0	294.49	475.87
5	86	546.21	18.3169	-0.012689	298.15	422.05
86	5	1310.09	4.3165	-0.014617	298.15	422.05
5	92	-7.48	0	0	344.73	432.94
92	5	-242.3	0	0	344.73	432.94
5	94	434.58	0	0	298.15	643.51
94	5	-127.76	0	0	298.15	643.51
5	95	-235.9	9.4806	-0.0026223	293.44	409.71
95	5	-619.38	2.5097	0.0080955	293.44	409.71
5	96	559.52	-1.7673	0	298.09	493
96	5	-635.21	3.7558	0	298.09	493
6	7	-196.91	0.8361	-0.002557	157.77	442.15
7	6	-392.65	1.9092	0.0025363	157.77	442.15
6	8	-677.95	-1.4529	0.030079	298.15	461.15
8	6	372.63	-1.1581	-0.0050035	298.15	461.15
6	9	37.69	-0.5867	0.00060031	281.15	422.56
9	6	384.75	0.2687	-0.0016121	281.15	422.56
6	10	-1798.93	4.0755	0	288.15	337.69
10	6	-9927.31	42.6877	0	288.15	337.69
6	11	161.85	-0.6581	0	291.05	439.45
11	6	569.85	-0.6599	0	291.05	439.45
6	12	218	-0.7755	0	298.14	358.94
12	6	537.61	-0.2171	0	298.14	358.94
6	13	-98.37	-0.4145	0	249.99	417.82
13	6	376.35	0.0763	0	249.99	417.82
6	14	-392.43	1.1325	0	293.15	393.1
14	6	-588.47	0.6302	0	293.15	393.1
6	15	-571.35	1.4152	0	293	398.55
15	6	-731.03	1.1565	0	293	398.55
6	16	-4424.9	17.7321	-0.0087254	283.15	356.22
16	6	3787.91	-25.1485	0.037691	283.15	356.22
6	17	-1689.57	13.7549	-0.022263	293.1	385.12
17	6	61.28	-0.9526	0.0023761	293.1	385.12
6	18	645.69	-2.0751	0.0015218	293.1	413.17
18	6	-35.72	-2.1754	0.0036591	293.1	413.17
6	19	211.7	-0.6737	0	278.15	367.93
19	6	464.8	-0.262	0	278.15	367.93
6	20	-362.79	0.6093	0	242.86	413.15
20	6	1031.26	-2.7619	0	242.86	413.15
6	21	-28.87	-0.2243	0	250.06	354.98
21	6	1673.43	-2.5736	0	250.06	354.98
6	22	-102.19	-0.2109	0	298	398.18
22	6	1909.55	-2.9423	0	298	398.18
6	23	-44.56	0	0	327.15	335.25
23	6	792.56	0	0	327.15	335.25
6	24	-48.62	-0.0192	0	273.15	353.13
24	6	2121.66	-2.8757	0	273.15	353.13
6	25	2881.05	-15.2352	0	293.15	386.72
25	6	2166.83	15.6402	0	293.15	386.72
6	26	96.88	-0.4838	0.00020416	293.1	388.21
26	6	579.66	1.7807	-0.0050101	293.1	388.21
6	27	155.45	0.062	0	243.38	423.15
27	6	1337.48	-2.1071	0	243.38	423.15
6	28	-203.51	3.8794	-0.0072342	199.6	337.13
28	6	4616.87	-2.9639	-0.027759	199.6	337.13
6	29	108.09	-0.5203	0	263.15	313.14
29	6	1311.37	-1.6729	0	263.15	313.14
6	30	-269.47	1.9217	0	298.15	433.84
30	6	583.04	-1.6316	0	298.15	433.84
6	31	-220.31	0.0438	0	285.65	461.75
31	6	697.69	-0.6599	0	285.65	461.75
6	32	205.23	0.2456	0	293.15	383.12
32	6	1881.15	-3.7345	0	293.15	383.12
6	33	-51.29	-0.2269	0	298	337.13
33	6	1055.75	0.0317	0	298	337.13
6	34	53.82	-0.31	0	298.15	374.85
34	6	926.52	-0.8568	0	298.15	374.85
6	35	-222.9	0.1271	0	293.15	442.83
35	6	196.45	-0.7575	0	293.15	442.83
6	36	175.92	0	0	335.93	345.03
36	6	129.61	0	0	335.93	345.03
6	37	-87.81	0	0	253.15	336.52
37	6	2887.56	0	0	253.15	336.52
6	38	36.25	-0.443	0	288.15	328.14
38	6	2145.02	-2.767	0	288.15	328.14
6	39	137.96	-1.7932	0.0016192	293.14	423.08
39	6	-316.91	2.9612	-0.0031149	293.14	423.08
6	41	251.8	-1.1874	0	298.09	369.72
41	6	676.02	-1.3251	0	298.09	369.72
6	42	61.7	-0.3785	0	246.78	370.07
42	6	2834.27	-4.6539	0	246.78	370.07
6	43	-273.42	1.6357	-0.002953	293.14	373.66
43	6	914.38	-3.5201	0.0058013	293.14	373.66
6	45	-377.09	1.4167	-0.0023449	293.15	336.92
45	6	-759.52	13.4902	-0.024205	293.15	336.92
6	46	352.7	0.4129	0	298.09	393.19
46	6	-103.91	-0.5635	0	298.09	393.19
6	47	-118.8	0.504	0	303.15	398.6
47	6	-7.56	-0.5763	0	303.15	398.6
6	48	210.91	-2.4953	0.0048	300	400
48	6	-132.93	0.6584	-0.00208	300	400
6	49	218.42	-1.0945	0	198.75	333.15
49	6	-241.06	1.364	0	198.75	333.15
6	52	-47.58	-0.1061	0	308.14	353.67
52	6	2364.7	-4.5222	0	308.14	353.67
6	53	338.52	-1.9652	0	298.15	413.15
53	6	84.7	2.1806	0	298.15	413.15
6	55	82.48	-0.4605	0	298.15	428.15
55	6	888.78	-1.0623	0	298.15	428.15
6	56	545.5	-1.1936	0	288.15	333.74
56	6	944.17	-2.2776	0	288.15	333.74
6	60	310.13	-1.0805	0	298.15	399.52
60	6	-245.74	0.8364	0	298.15	399.52
6	61	247.69	-0.8701	0	263.15	335.95
61	6	734.54	0.0144	0	263.15	335.95
6	62	12.18	-0.036	0	303.15	333.15
62	6	-334.86	0.9073	0	303.15	333.15
6	64	-588.71	0	0	302.92	313.64
64	6	594.31	0	0	302.92	313.64
6	65	1510.37	0	0	288.15	305.75
65	6	-285.73	0	0	288.15	305.75
6	75	-47.99	0	0	293.14	341.03
75	6	660.55	0	0	293.14	341.03
6	77	-895.41	3.3331	0	298.15	336.42
77	6	527.38	-0.1161	0	298.15	336.42
6	78	-558.93	1.3364	0	298.14	318.14
78	6	-380.15	0.044	0	298.14	318.14
6	86	-21.45	0	0	335.15	390.32
86	6	1306.14	0	0	335.15	390.32
6	92	538.44	-1.5306	0	298.14	392.17
92	6	-920.38	1.719	0	298.14	392.17
6	95	-62.65	0	0	301.47	345.93
95	6	942.52	0	0	301.47	345.93
6	96	107.38	-0.7463	0	298.09	493
96	6	171.29	0.7718	0	298.09	493
7	8	-2747.89	19.2627	-0.023488	273.15	443.64
8	7	151.32	-2.785	0.0020981	273.15	443.64
7	9	206.26	-3.9629	0.009306	278.15	515.37
9	7	867.04	-0.7877	-0.0030305	278.15	515.37
7	10	-397.91	1.183	0.0063247	273.15	419.62
10	7	-119.4	0.4018	-0.0018762	273.15	419.62
7	11	3.28	2.1301	-0.00056037	288.15	429.51
11	7	-12.36	-0.408	-0.00016248	288.15	429.51
7	12	-67.62	-0.0932	-2.5332E-05	272.15	363.75
12	7	1274.05	-0.2557	-0.0030377	272.15	363.75
7	13	-46.96	-0.3124	0.0017411	273.35	393.15
13	7	-44.29	0.5553	0.00096627	273.35	393.15
7	14	2681.11	-15.3399	0.022312	287.04	460.95
14	7	-1159.82	4.7895	-0.0076644	287.04	460.95
7	15	60.64	7.3537	-0.020776	278.1	329.92
15	7	369.65	-7.2717	0.014669	278.1	329.92
7	16	329.91	-1.1284	0.0028117	273.1	372.72
16	7	-594.03	0.1992	7.7003E-05	273.1	372.72
7	17	139.89	0.494	0	284.14	441.09
17	7	-3.54	-0.9412	0	284.14	441.09
7	18	2207.81	-8.1398	0.013788	293.15	448.15
18	7	-450.99	-0.0145	-0.0015056	293.15	448.15
7	19	-615.44	3.5111	0.00087503	269.36	411.08
19	7	484.32	-1.9699	0.00014249	269.36	411.08
7	20	82.33	1.0692	-0.0015475	280.55	516.61
20	7	195.87	-1.9941	0.0024708	280.55	516.61
7	21	264.45	0.8679	0	273.15	423.2
21	7	614.52	-0.9472	0	273.15	423.2
7	22	320.42	1.3941	-0.0041789	273.1	404.63
22	7	555.41	-2.2174	0.0042666	273.1	404.63
7	23	-115.28	2.1193	0	273.15	344.65
23	7	37.75	1.3459	0	273.15	344.65
7	24	1380.75	-2.7429	0	273.15	348.35
24	7	1452.36	-3.3678	0	273.15	348.35
7	25	-1895	9.303	0	273.15	398.95
25	7	591.6	-3.08	0	273.15	398.95
7	26	-568.15	2.634	0	273.15	443.65
26	7	882.44	-2.606	0	273.15	443.65
7	27	133.15	4.3181	0	281.94	379.75
27	7	-606.04	1.2196	0	281.94	379.75
7	28	1731.98	0	0	273.15	322.15
28	7	2675.12	0	0	273.15	322.15
7	29	630.75	0	0	288.15	333.15
29	7	3778.71	0	0	288.15	333.15
7	30	-214.92	4.0084	0	298.14	497.16
30	7	487.8	-1.8616	0	298.14	497.16
7	31	67.45	0.0471	0	285.65	470.71
31	7	-135.86	-0.3313	0	285.65	470.71
7	32	1318	0	0	273.15	303.15
32	7	2809.63	0	0	273.15	303.15
7	33	998.54	-1.799	0	273.15	363.75
33	7	-121.09	0.8834	0	273.15	363.75
7	35	55.26	-0.4555	0	296.08	441.51
35	7	-361.72	0.07	0	296.08	441.51
7	36	-704.1	6.0993	0	263.15	371.82
36	7	371.99	-1.3469	0	263.15	371.82
7	39	-421.74	2.7911	0	289.45	424.27
39	7	-108.97	-0.6835	0	289.45	424.27
7	41	481.37	0	0	293.15	368.85
41	7	-338.91	0	0	293.15	368.85
7	42	274.37	-0.5861	-0.0003001	300	400
42	7	1632.9	-2.8719	0.003455	300	400
7	43	0	0	0	300	400
43	7	0	0	0	300	400
7	44	-122.47	0.5285	0	278.87	417.1
44	7	9.72	-0.3228	0	278.87	417.1
7	45	656.86	-0.6665	0	285.65	403.2
45	7	-563.25	3.0279	0	285.65	403.2
7	46	516.07	-1.6461	0	273.1	471.3
46	7	-602.81	1.0506	0	273.1	471.3
7	47	785.53	-3.5137	0.004955	308.15	478.31
47	7	-540.59	0.7622	-0.00089957	308.15	478.31
7	48	114.17	-0.4265	0	298.15	435.11
48	7	-447.61	0.5565	0	298.15	435.11
7	49	-802.5	6.8837	-0.0078127	235.11	467.91
49	7	-128.92	-0.7165	-0.0003067	235.11	467.91
7	53	-692.46	2.4782	0	278.15	372.15
53	7	821.67	-2.1356	0	278.15	372.15
7	54	308.59	0	0	353.12	353.15
54	7	-438.75	0	0	353.12	353.15
7	55	1672.47	-3.4926	0	273.35	370.13
55	7	-917.49	2.3069	0	273.35	370.13
7	56	24.15	0.1739	0	288.15	454.23
56	7	249.54	-1.0959	0	288.15	454.23
7	60	654.7	-0.4974	0	278.1	433.15
60	7	-294.11	-0.2165	0	278.1	433.15
7	62	-96.68	0	0	295.99	420.96
62	7	-450.55	0	0	295.99	420.96
7	63	39.18	0	0	299.15	437.09
63	7	-368.65	0	0	299.15	437.09
7	77	-299.2	0	0	330.42	333.12
77	7	761.56	0	0	330.42	333.12
7	78	-466.06	0.5407	0	297.15	471.95
78	7	275.43	-1.4619	0	297.15	471.95
7	79	163.44	-1.5602	0	374.13	471.3
79	7	88.43	-1.3624	0	374.13	471.3
7	92	-510.87	5.1961	0	298	403.54
92	7	-502.15	0.0403	0	298	403.54
7	96	-2.84	-0.2372	0.00048427	234.25	555.18
96	7	-143.48	0.2012	-0.0012344	234.25	555.18
8	9	-585.91	0.7256	0	293.15	465.15
9	8	121.34	-1.0716	0	293.15	465.15
8	11	-858.29	1.5063	0	317.53	469.94
11	8	-38.6	-0.3273	0	317.53	469.94
8	12	-135.72	0	0	300	320
12	8	12.79	0	0	300	320
8	13	-329.3	0	0	300	400
13	8	-80.58	0	0	300	400
8	14	-442.15	0	0	288.14	433.15
14	8	-1182.13	0	0	288.14	433.15
8	16	25115.89	0	0	288.14	433.15
16	8	-4888.1	0	0	288.14	433.15
8	17	28.53	-0.3213	0	273.15	458.99
17	8	-469.21	0.4973	0	273.15	458.99
8	18	-2124.74	39.7986	0.035768	273.15	467.96
18	8	-1597.32	4.5517	-0.0077904	273.15	467.96
8	19	71.73	0.1207	0	300	400
19	8	-290.9	0.5037	0	300	400
8	20	169.17	0	0	383.2	403.2
20	8	57.95	0	0	383.2	403.2
8	21	5128.37	0	0	289.97	451.55
21	8	123.06	0	0	289.97	451.55
8	22	-27.07	0	0	323.15	469.85
22	8	326.64	0	0	323.15	469.85
8	24	2521.53	27.3559	0	282.05	373.15
24	8	1585.91	-1.7218	0	282.05	373.15
8	25	2344.78	0	0	372.9	452.5
25	8	13426.9	0	0	372.9	452.5
8	27	136.86	0	0	383.2	480.55
27	8	1009.42	0	0	383.2	480.55
8	28	10119.64	0	0	293.15	323.15
28	8	9281.84	0	0	293.15	323.15
8	31	-981.15	2.7732	0	378.15	473.45
31	8	-1657.62	3.9712	0	378.15	473.45
8	37	5860.39	0	0	359.85	441.15
37	8	1082.84	0	0	359.85	441.15
8	42	101.13	0.426	0	283.14	462.34
42	8	2491.4	-3.2734	0	283.14	462.34
8	43	-160	0	0	293.15	423.84
43	8	-352.94	0	0	293.15	423.84
8	45	855.61	0	0	288.14	323.15
45	8	779.42	0	0	288.14	323.15
8	46	-610.78	0	0	393.52	393.52
46	8	-358.57	0	0	393.52	393.52
8	47	-1312.72	2.6697	0	413.15	413.54
47	8	65.26	-1.6375	0	413.15	413.54
8	53	-631.64	0	0	343.35	371.2
53	8	594.95	0	0	343.35	371.2
8	57	3300.81	0	0	348.68	395.32
57	8	-430.91	0	0	348.68	395.32
8	60	-149.82	0	0	363.15	383.15
60	8	-366.58	0	0	363.15	383.15
8	83	-317.52	0	0	294.49	475.87
83	8	-545.49	0	0	294.49	475.87
8	86	4978.5	0	0	393.65	446.55
86	8	893.36	0	0	393.65	446.55
9	10	170.17	0	0	293.15	388.15
10	9	-46.09	0	0	293.15	388.15
9	11	61.56	-0.8304	0	289.15	410.79
11	9	-19.76	0.96	0	289.15	410.79
9	12	-286.8	0	0	293.15	363.18
12	9	501.24	0	0	293.15	363.18
9	13	3646.91	-26.9306	0.046438	273.15	393.12
13	9	737.4	-0.6434	-0.0027909	273.15	393.12
9	14	-176.67	1.0645	0	300	400
14	9	589.37	-2.145	0	300	400
9	15	49.66	0	0	298.02	398.07
15	9	18.37	0	0	298.02	398.07
9	16	761.35	-5.7144	0.007985	293.15	373.12
16	9	3278.54	1.1782	-0.012675	293.15	373.12
9	17	-287.33	2.9191	-0.005063	277.35	386.64
17	9	389.92	-4.6144	0.0087337	277.35	386.64
9	18	-28.94	0.3597	0	293.14	375.62
18	9	147.96	-1.1734	0	293.14	375.62
9	19	9.42	-0.6185	0	278.15	400.05
19	9	-7.59	0.5892	0	278.15	400.05
9	20	-561.05	3.3419	0	183.62	434.91
20	9	254.62	-1.5161	0	183.62	434.91
9	21	3.37	-0.6086	0	273.15	398.14
21	9	-43.02	0.8131	0	273.15	398.14
9	22	-24.44	-0.5568	0	273.15	402.95
22	9	-217.35	1.1158	0	273.15	402.95
9	23	446.34	-2.2309	0.0018892	293.15	363.15
23	9	323.6	-1.6601	0.0034167	293.15	363.15
9	24	-154.97	0.578	-0.0014213	171.13	423.11
24	9	102.82	1.5665	-0.0018812	171.13	423.11
9	25	32.27	0.514	0	298.15	412.72
25	9	-13.07	-0.6389	0	298.15	412.72
9	26	9.63	-0.2294	0	298.15	397.16
26	9	-79.36	0.1858	0	298.15	397.16
9	27	-108.19	9.9851	0	239.95	420.31
27	9	-1056.4	1.3241	0	239.95	420.31
9	28	1530.39	-2.5859	0	190.74	328.7
28	9	569.31	-1.6986	0	190.74	328.7
9	29	-78.99	0	0	298.15	313.14
29	9	156.53	0	0	298.15	313.14
9	30	145.86	-0.5953	0	331.02	383.12
30	9	389.37	-0.553	0	331.02	383.12
9	31	495.83	-1.7397	0	298.15	343.15
31	9	-133.42	1.2178	0	298.15	343.15
9	32	432.82	-1.3119	0	253.22	326.39
32	9	-339.34	1.6802	0	253.22	326.39
9	33	524.91	-0.8309	0	293.1	351.65
33	9	-241.49	0.2777	0	293.1	351.65
9	34	57.59	-1.3299	0	273.15	328.15
34	9	-284.9	7.8079	0	273.15	328.15
9	35	-1156.26	3.733	0	298.14	449.4
35	9	1179.84	-4.0045	0	298.14	449.4
9	36	115.26	0	0	306.6	323.15
36	9	-185.43	0	0	306.6	323.15
9	37	62.64	-0.8136	0	273.15	408.52
37	9	-291.51	1.8846	0	273.15	408.52
9	39	40.79	-4.3312	0.014433	293.14	416.82
39	9	2153.12	-10.5676	0.010982	293.14	416.82
9	41	-171.82	0	0	331.73	364.83
41	9	-81.01	0	0	331.73	364.83
9	42	110.67	-0.5791	0	201.01	465.55
42	9	606.13	-0.2464	0	201.01	465.55
9	43	314.11	-1.6582	0	288.15	423.15
43	9	-537.32	2.6371	0	288.15	423.15
9	44	-134	0	0	337.93	373.92
44	9	-151.13	0	0	337.93	373.92
9	45	-516.78	2.6048	-0.0045634	273.1	433.11
45	9	750.02	-3.9571	0.0059947	273.1	433.11
9	46	2521.79	-6.5156	0	200.58	459.25
46	9	-340.46	0.6226	0	200.58	459.25
9	47	502.1	0.3401	0	300	400
47	9	141.01	-0.9829	0	300	400
9	48	48.25	0	0	298.15	417.46
48	9	-104.38	0	0	298.15	417.46
9	49	395.05	-0.9231	0	300	400
49	9	-169.4	0.5128	0	300	400
9	53	-148.89	0	0	307.64	348.26
53	9	111.55	0	0	307.64	348.26
9	54	-14.94	-0.1157	0	295.14	392.13
54	9	0.72	0.4894	0	295.14	392.13
9	55	-190.35	0.2514	0	298.15	398.42
55	9	354.23	-0.561	0	298.15	398.42
9	60	103.67	1.7096	0	298.15	433.74
60	9	32.8	-0.7151	0	298.15	433.74
9	64	-848.88	0	0	293.15	368.23
64	9	791.46	0	0	293.15	368.23
9	75	527.13	0	0	293.14	293.14
75	9	-230.49	0	0	293.14	293.14
9	77	-313.75	0	0	337.92	403.15
77	9	2137.39	0	0	337.92	403.15
9	79	2106.02	0	0	320.25	358.25
79	9	-15.86	0	0	320.25	358.25
9	80	-447.32	0	0	253.2	308.13
80	9	2152.54	0	0	253.2	308.13
9	82	22.58	0.6493	0	283.15	368.08
82	9	-1.1	-0.0527	0	283.15	368.08
9	83	-473.72	0	0	294.49	475.87
83	9	-127.68	0	0	294.49	475.87
9	86	108.62	-0.2455	0	273.15	385.33
86	9	373.97	-0.2363	0	273.15	385.33
9	95	260	-1.8627	0	293.15	405.89
95	9	442.73	0.5518	0	293.15	405.89
10	11	-203.44	0	0	294.35	373.15
11	10	364.92	0	0	294.35	373.15
10	12	38.83	0	0	293.82	365.38
12	10	69.28	0	0	293.82	365.38
10	13	205.56	-0.3549	0	292.8	304.29
13	10	256.83	-0.1205	0	292.8	304.29
10	14	174.34	0	0	300	400
14	10	97.69	0	0	300	400
10	20	203.44	0	0	283.09	400.83
20	10	-49.85	0	0	283.09	400.83
10	21	2172.13	-5.2664	0	293.15	360.82
21	10	-504.67	1.6569	0	293.15	360.82
10	22	0.92	0	0	300.14	306.14
22	10	367.11	0	0	300.14	306.14
10	29	-422.25	0	0	313.14	313.14
29	10	-362.25	0	0	313.14	313.14
10	30	66.11	0	0	309.13	422.63
30	10	-803.04	0	0	309.13	422.63
10	32	191.64	0	0	293.1	313.47
32	10	285.69	0	0	293.1	313.47
10	34	986.13	0	0	313.89	361.7
34	10	-163.08	0	0	313.89	361.7
10	37	-644.7	0	0	293.15	293.15
37	10	2924.91	0	0	293.15	293.15
10	39	-133.49	0	0	313.14	333.13
39	10	430.73	0	0	313.14	333.13
10	42	2054.4	-4.9377	0	298.14	318.15
42	10	1055.48	-0.2444	0	298.14	318.15
10	53	26.43	0	0	293.65	348.1
53	10	178.94	0	0	293.65	348.1
10	54	35.66	0	0	423.2	433.2
54	10	-81.93	0	0	423.2	433.2
10	60	3280.02	0	0	313.15	333.15
60	10	-193.12	0	0	313.15	333.15
11	12	-167.65	0	0	327.94	416.52
12	11	101.8	0	0	327.94	416.52
11	13	428.62	-11.4456	0.051758	273.1	414.6
13	11	297.18	-2.7538	0.0034779	273.1	414.6
11	14	870.7	-0.1941	0	273.15	398
14	11	-394.81	0.3107	0	273.15	398
11	15	3787.08	-31.1174	0.062479	273.15	398
15	11	3294.81	-17.9984	0.022402	273.15	398
11	16	-113.96	-0.4394	0	273.15	398
16	11	310.83	5.3833	0	273.15	398
11	17	3956.86	-23.7931	0.037323	292.15	397.86
17	11	-653.02	1.4126	-0.0015804	292.15	397.86
11	18	688.44	-1.8943	0	290.15	423.15
18	11	-273.05	-0.2657	0	290.15	423.15
11	19	-44.56	1.7848	0	293.1	453.1
19	11	97.05	-1.2787	0	293.1	453.1
11	20	565.9	-1.0278	0	253.17	439.12
20	11	-250.76	0.5169	0	253.17	439.12
11	21	-46.34	0.5595	0	293.1	403.05
21	11	110.82	-0.5377	0	293.1	403.05
11	22	633.92	-2.4097	0	276.15	398.14
22	11	-1040.42	3.6728	0	276.15	398.14
11	24	38.89	-0.2833	0	293.1	459.41
24	11	259.15	0.0345	0	293.1	459.41
11	25	29.36	0	0	313.14	403.82
25	11	-303.6	0	0	313.14	403.82
11	26	-65.23	-0.4344	0	298.15	398.14
26	11	79.48	0.2144	0	298.15	398.14
11	27	-5214.61	20.0452	0	293.14	298.15
27	11	436.92	-3.1202	0	293.14	298.15
11	28	2306.48	-2.2155	-0.011756	160.91	327.24
28	11	2313.36	-15.7877	0.02649	160.91	327.24
11	30	161.66	0	0	298.14	432.34
30	11	-166.05	0	0	298.14	432.34
11	31	858.89	-2.7274	0	273.15	462.01
31	11	-461.18	1.963	0	273.15	462.01
11	32	0.79	0	0	293.1	343.88
32	11	121.52	0	0	293.1	343.88
11	33	-349.84	1.3813	0	293.1	371.8
33	11	561.59	-1.7731	0	293.1	371.8
11	34	-73	0.383	0	298.15	404.45
34	11	31.02	-0.4937	0	298.15	404.45
11	35	-49.6	-0.3743	0	298.14	318.14
35	11	149.52	-0.1905	0	298.14	318.14
11	36	315.92	0	0	352.53	387.72
36	11	-235.44	0	0	352.53	387.72
11	37	-1776.98	10.7644	0	298	398.25
37	11	-211.51	0.1827	0	298	398.25
11	39	255.69	0.0019	0	298.15	424.26
39	11	73.22	-0.6766	0	298.15	424.26
11	41	-25.88	0.4538	0	298.2	371.45
41	11	122.59	-1.6415	0	298.2	371.45
11	42	483.2	-2.218	0.0018974	293.1	396.63
42	11	516.11	-0.2411	-0.00021344	293.1	396.63
11	43	-262.33	0	0	311.45	370.5
43	11	525.98	0	0	311.45	370.5
11	44	10.95	0	0	330.25	373.34
44	11	-88.85	0	0	330.25	373.34
11	45	-420.05	0.4774	0	276.15	402.2
45	11	476.27	-0.5866	0	276.15	402.2
11	47	758.13	-0.2593	0	300	400
47	11	32.71	-0.8641	0	300	400
11	48	-3562.43	51.3635	0	298.15	427.55
48	11	5.43	-1.0709	0	298.15	427.55
11	49	2973.58	-5.4555	0	300	400
49	11	81.64	-1.3111	0	300	400
11	53	-44.42	0	0	298.1	348.15
53	11	76.6	0	0	298.1	348.15
11	54	159.69	0	0	313.15	439.09
54	11	-87.36	0	0	313.15	439.09
11	55	275.66	0	0	364.95	403.53
55	11	-219.21	0	0	364.95	403.53
11	60	165.33	-0.2476	0	298.15	406.98
60	11	92.38	-0.2476	0	298.15	406.98
11	75	581.06	0	0	293.14	293.14
75	11	-292.82	0	0	293.14	293.14
11	82	278.88	0	0	298.14	298.14
82	11	-56.26	0	0	298.14	298.14
12	13	15.66	0	0	273.15	353.15
13	12	-81	0	0	273.15	353.15
12	14	166.74	0	0	300	400
14	12	71.88	0	0	300	400
12	18	3372.67	0	0	380.55	386.45
18	12	-342.99	0	0	380.55	386.45
12	19	-62.84	0	0	323.14	326.45
19	12	92.69	0	0	323.14	326.45
12	24	-106.15	0.3475	0	298.15	327.95
24	12	450.76	-0.6088	0	298.15	327.95
12	25	2040.09	0	0	323.14	323.14
25	12	332.85	0	0	323.14	323.14
12	29	117.27	0	0	313.15	313.15
29	12	29.91	0	0	313.15	313.15
12	37	-250.44	0	0	321.65	333.45
37	12	383.08	0	0	321.65	333.45
12	39	-25.11	0	0	264.06	423.53
39	12	4.43	0	0	264.06	423.53
12	42	357.04	-1.2227	0	298.15	353.15
42	12	245.06	0.5452	0	298.15	353.15
12	44	85.56	0	0	306.74	393.12
44	12	-161.36	0	0	306.74	393.12
12	45	236.71	-1.3375	0	298.15	322.65
45	12	-573.55	2.6039	0	298.15	322.65
12	53	-174.88	0	0	323.19	363.18
53	12	122.53	0	0	323.19	363.18
12	60	232.94	0	0	308.15	353.15
60	12	-53.52	0	0	308.15	353.15
13	14	-115.76	0.9716	0	273.15	363.21
14	13	111.63	-0.992	0	273.15	363.21
13	15	21.09	0	0	298.15	323.15
15	13	398.64	0	0	298.15	323.15
13	16	43.69	0	0	293.14	298.15
16	13	-169.43	0	0	293.14	298.15
13	17	1654.94	-3.6944	0	293.14	363.15
17	13	-373.08	-0.398	0	293.14	363.15
13	18	-93.85	0	0	290.15	343.15
18	13	-277.88	0	0	290.15	343.15
13	19	1987	-8.022	0.01065	300	400
19	13	-588.8	1.481	-0.002636	300	400
13	20	-210.79	2.1044	0	243.17	389.83
20	13	115.14	-1.4055	0	243.17	389.83
13	21	-387.22	0.0155	0.0091663	255.69	369.98
21	13	527.3	-3.819	0.003261	255.69	369.98
13	22	-748.34	-5.8018	0.036716	276.15	353.24
22	13	159.48	-2.3995	0.0020583	276.15	353.24
13	23	-558.05	1.1771	0	283.15	353.53
23	13	1266.83	-2.8613	0	283.15	353.53
13	24	-380.21	1.168	0	293.1	386.53
24	13	378.79	-0.9524	0	293.1	386.53
13	25	49.05	-0.4437	0.00026171	298.14	396.65
25	13	-242.58	0.0798	0.0011737	298.14	396.65
13	26	-356.63	0.9557	0	293.64	298.15
26	13	331.65	-1.4815	0	293.64	298.15
13	27	490.39	0	0	293.14	293.14
27	13	-610.9	0	0	293.14	293.14
13	28	-73.99	1.9664	-0.0005049	289.67	308.3
28	13	247.99	-1.5101	2.5228E-05	289.67	308.3
13	29	-51.99	0	0	298.15	313.14
29	13	72.4	0	0	298.15	313.14
13	30	383.74	0	0	368.13	388.15
30	13	-238.83	0	0	368.13	388.15
13	32	-72.46	0	0	308.13	308.13
32	13	685.28	0	0	308.13	308.13
13	33	719.14	0	0	276.15	303.15
33	13	-444.76	0	0	276.15	303.15
13	34	-117.96	0.1874	0	298.14	406.08
34	13	202.99	-0.7018	0	298.14	406.08
13	35	620.88	0	0	298.15	333.15
35	13	-471.41	0	0	298.15	333.15
13	37	-501.1	1.2324	0	276.15	360.22
37	13	-425.22	1.3205	0	276.15	360.22
13	38	219.14	-1.7244	0	283.15	298.15
38	13	-769.64	3.6361	0	283.15	298.15
13	39	4726.7	0	0	340.95	423.99
39	13	-414.64	0	0	340.95	423.99
13	40	27.35	-0.6974	0.00057798	283.12	385.84
40	13	-88.8	-0.6903	0.002435	283.12	385.84
13	41	-498.54	0	0	303.15	343.15
41	13	3596.64	0	0	303.15	343.15
13	42	179.92	-0.0812	0	266.51	443.15
42	13	118.36	-0.353	0	266.51	443.15
13	43	-466.45	1.183	0	250	353.24
43	13	1033.53	-2.8439	0	250	353.24
13	44	-335.44	0	0	342.72	381.43
44	13	345.03	0	0	342.72	381.43
13	45	-139.68	-0.6728	0	273.1	393.2
45	13	614.1	-0.3569	0	273.1	393.2
13	46	-1.19	0	0	219.63	373.15
46	13	-112.87	0	0	219.63	373.15
13	48	1321.52	0	0	300	400
48	13	-361.25	0	0	300	400
13	49	3858.07	-9.278	0	300	400
49	13	-224.78	-0.4106	0	300	400
13	50	48.93	0	0	205.24	457.15
50	13	-67.5	0	0	205.24	457.15
13	53	585.7	0	0	303.14	363.13
53	13	-298.34	0	0	303.14	363.13
13	55	792.41	-2.433	0	293	373
55	13	-698.33	1.9691	0	293	373
59	13	678.23	0	0	288.15	538.16
13	60	346.23	0.0473	0	298.14	400.36
60	13	-66.65	-0.4492	0	298.14	400.36
13	78	198.77	0	0	298.15	343.15
78	13	-96.61	0	0	298.15	343.15
13	95	268.79	0	0	343.71	353
95	13	-134.25	0	0	343.71	353
14	15	1477.73	-12.7877	0.025641	281.15	353.63
15	14	-953.52	9.1815	-0.019353	281.15	353.63
14	16	-632.05	-0.1115	0.01058	223.15	422.65
16	14	1166.33	-5.9524	0.004801	223.15	422.65
14	19	74.91	0	0	301.15	423.13
19	14	74.61	0	0	301.15	423.13
14	21	377.41	0	0	328.15	363.65
21	14	-183.85	0	0	328.15	363.65
14	24	-68.27	-0.3247	0	253.15	363.21
24	14	294.85	0.0152	0	253.15	363.21
14	25	513.7	-7.6298	0	297.99	353.15
25	14	7099.13	-17.3588	0	297.99	353.15
14	29	-220.03	0	0	313.15	313.15
29	14	276.69	0	0	313.15	313.15
14	35	-157.6	0	0	353.13	353.13
35	14	158.76	0	0	353.13	353.13
14	39	-61.38	0	0	318.03	393.45
39	14	-1.07	0	0	318.03	393.45
14	42	22.47	-0.631	0	288.15	373.15
42	14	819.32	-1.0439	0	288.15	373.15
14	43	-96.64	0	0	298.14	347.25
43	14	103.93	0	0	298.14	347.25
14	46	-28.41	0	0	323.1	423.15
46	14	110.19	0	0	323.1	423.15
14	47	413.11	0	0	300	400
47	14	-293.93	0	0	300	400
14	60	-248.19	0	0	333.15	353.15
60	14	9.62	0	0	333.15	353.15
14	78	2321.26	-4.8118	0	298.15	423.15
78	14	298.64	-1.5848	0	298.15	423.15
14	79	-311.53	0	0	298.15	343.15
79	14	397.33	0	0	298.15	343.15
14	96	-2367.71	6.8183	0	293	342.98
96	14	1572.07	-5.5233	0	293	342.98
15	16	-28.43	0.0478	0	287.09	364.22
16	15	37.75	0.0083	0	287.09	364.22
15	18	-1147.4	0	0	300	400
18	15	-326.24	0	0	300	400
15	19	120.4	0.5206	0	297.99	398.3
19	15	296.41	-1.5384	0	297.99	398.3
15	24	111.27	0	0	253.17	313.13
24	15	-42.1	0	0	253.17	313.13
15	25	222.3	4.1534	0	298.15	333.15
25	15	-694.66	1.9226	0	298.15	333.15
15	38	-448.78	0	0	308.14	308.14
38	15	1017.74	0	0	308.14	308.14
15	39	-88.49	0	0	300	400
39	15	-230.55	0	0	300	400
15	42	-286.18	0.6545	0	302.23	343.15
42	15	1172.1	-2.7669	0	302.23	343.15
15	43	-186.98	0	0	300	400
43	15	295.07	0	0	300	400
15	47	716.01	0.0818	0	398.15	398.6
47	15	-73.28	-0.6408	0	398.15	398.6
15	78	29.3	0	0	283.15	343.15
78	15	58.67	0	0	283.15	343.15
16	19	3327.52	0	0	293.1	359.35
19	16	-402.88	0	0	293.1	359.35
16	21	146.94	0	0	293.1	360.46
21	16	-224.18	0	0	293.1	360.46
16	22	-99.14	0	0	283.15	323.15
22	16	-142.32	0	0	283.15	323.15
16	24	-261.18	1.0309	0	253.15	347.08
24	16	-509.33	1.4746	0	253.15	347.08
16	25	333.09	0.0777	0	297.99	363.15
25	16	-473.86	1.043	0	297.99	363.15
16	38	-7.53	-0.8077	0	300	400
38	16	35.16	0.0972	0	300	400
16	39	1071.57	-1.0273	0	298.15	353.13
39	16	103.93	-1.209	0	298.15	353.13
16	42	280.98	-1.4248	0	298.1	343.15
42	16	149.32	0.5156	0	298.1	343.15
16	43	155.98	-1.037	0	298.15	323.15
43	16	-43.48	0.8626	0	298.15	323.15
16	45	231.84	-1.5701	0	283.14	323.15
45	16	-645.45	1.1383	0	283.14	323.15
16	47	-579.15	12.7052	0	398.15	398.6
47	16	364.48	-2.0309	0	398.15	398.6
16	48	2193.66	0	0	323.14	353.13
48	16	-200.45	0	0	323.14	353.13
16	78	95.66	0	0	283.15	343.15
78	16	-38.44	0	0	283.15	343.15
17	18	352.72	-2.6904	0.0034041	298.15	500.36
18	17	-743.54	1.8055	0.0033698	298.15	500.36
17	19	60.38	1.995	-0.0053136	293.15	393.12
19	17	-243.17	0.3714	0.0025352	293.15	393.12
17	20	-512.05	-2.1758	0.0086728	273.15	333.15
20	17	-1464.58	10.3896	-0.016438	273.15	333.15
17	21	141.41	0	0	293.1	333.15
21	17	261.26	0	0	293.1	333.15
17	24	3173.44	20.1634	-0.054557	290.15	343.45
24	17	1344.58	-1.7152	-4.6685E-05	290.15	343.45
17	25	2344.78	0	0	293.15	429.84
25	17	13426.9	0	0	293.15	429.84
17	27	-11.87	1.4611	0	288.03	482.15
27	17	208.89	-1.1125	0	288.03	482.15
17	31	-130.31	0.2599	0	293.15	418.13
31	17	195.34	0.7746	0	293.15	418.13
17	39	-1199.2	3.7778	0	298.15	454.35
39	17	193.31	-0.9866	0	298.15	454.35
17	42	1472.9	-3.8236	0.0015082	275.15	398.23
42	17	1817.22	-2.8872	0.0015293	275.15	398.23
17	43	-384.26	0	0	293.15	308.15
43	17	154.97	0	0	293.15	308.15
17	45	-279.52	7.4954	0	293.1	308.15
45	17	614.6	-1.2737	0	293.1	308.15
17	46	708.28	0	0	423.2	423.2
46	17	1346.95	0	0	423.2	423.2
17	47	9.82	-0.3108	0	333.15	413.54
47	17	-915.52	2.8674	0	333.15	413.54
17	75	488.31	0	0	293.14	484.16
75	17	516.11	0	0	293.14	484.16
17	76	301.8	0	0	293.14	472.85
76	17	53.34	0	0	293.14	472.85
18	19	-660.42	2.0188	0	298.09	386.85
19	18	938.82	-2.8191	0	298.09	386.85
18	20	-961.33	0.8635	0	290.15	411.55
20	18	349.3	-2.0813	0	290.15	411.55
18	21	-40.5	-1.0463	0.0011306	198.16	354.28
21	18	-54.99	0.6059	-0.0031052	198.16	354.28
18	22	-756.71	1.131	0	276.15	303.15
22	18	1652.15	-5.0074	0	276.15	303.15
18	23	-306.97	0	0	298.1	298.1
23	18	229.77	0	0	298.1	298.1
18	24	-159.73	-0.7966	0	292.15	353.15
24	18	723.95	0.1792	0	292.15	353.15
18	33	-80.91	-0.6851	0	298.09	313.15
33	18	-121.11	0.737	0	298.09	313.15
18	37	50.53	-0.798	0	300	400
37	18	-110.08	2.1903	0	300	400
18	38	197.95	-0.3316	-0.0004	300	400
38	18	-1052.5	1.6854	0.0027	300	400
18	39	-205.18	-0.0376	0	308.15	423.87
39	18	290.64	-0.5345	0	308.15	423.87
18	42	672.16	-2.0081	0	223.19	413.21
42	18	-14.03	0.1419	0	223.19	413.21
18	45	-298.68	-0.4906	0	293.15	386.65
45	18	-45.04	1.3453	0	293.15	386.65
18	47	489.93	-0.5591	-0.00102	300	400
47	18	-2250.64	5.4638	-0.00015	300	400
18	54	-248.31	0	0	291.15	407.83
54	18	759.16	0	0	291.15	407.83
18	77	-170.3	0	0	303.15	393.15
77	18	184.8	0	0	303.15	393.15
18	78	366.11	-1.9407	0	283.15	386.35
78	18	-30.75	6.0544	0	283.15	386.35
18	82	-410.93	0	0	298.15	298.15
82	18	44.05	0	0	298.15	298.15
18	86	-174.08	0	0	323.14	373.12
86	18	335.63	0	0	323.14	373.12
18	94	-403.63	0	0	298.15	643.51
94	18	-232.56	0	0	298.15	643.51
19	20	117.33	0.9744	0	298.15	419.95
20	19	368.09	-1.1603	0	298.15	419.95
19	21	67.28	-0.9875	0	293.1	398.15
21	19	-182.16	1.6318	0	293.1	398.15
19	22	-143.84	0	0	293.15	398.1
22	19	106.57	0	0	293.15	398.1
19	23	20.47	0	0	298.15	346.05
23	19	177	0	0	298.15	346.05
19	24	51.9	-0.5853	0	293.1	352.58
24	19	-47.33	2.0651	0	293.1	352.58
19	25	-501.29	15.2279	0	293.15	402.63
25	19	-719.43	44.9234	0	293.15	402.63
19	26	125.93	-0.6946	0	293.15	398.17
26	19	-177.66	0.9418	0	293.15	398.17
19	28	532.89	0	0	293.1	293.65
28	19	364.87	0	0	293.1	293.65
19	29	-127.16	0	0	313.14	313.14
29	19	233.24	0	0	313.14	313.14
19	31	380.1	-1.1223	0	301.13	323.14
31	19	-9.18	1.099	0	301.13	323.14
19	33	-334.7	0	0	293.1	351.97
33	19	920.06	0	0	293.1	351.97
19	34	-26.47	-0.8055	0	273.15	368.89
34	19	629.26	-0.5256	0	273.15	368.89
19	35	325.2	0	0	298.14	439.01
35	19	-67.9	0	0	298.14	439.01
19	36	188.74	0	0	312.83	369.81
36	19	-104.5	0	0	312.83	369.81
19	37	-87.13	-0.1347	0	293.15	373.12
37	19	-132.14	3.0168	0	293.15	373.12
19	39	57.08	-0.7417	0	300	400
39	19	-160.48	1.0644	0	300	400
19	41	-14.1	0	0	354.4	370.74
41	19	-34.75	0	0	354.4	370.74
19	42	179.53	-1.3591	0.0011999	293.1	373.12
42	19	1704.72	-3.3048	0.0016451	293.1	373.12
19	43	130.48	-0.7887	0	298.15	333.15
43	19	-231.01	1.2154	0	298.15	333.15
19	44	-315.9	0	0	355.85	373.75
44	19	247.72	0	0	355.85	373.75
19	45	128.6	-0.9365	0	181.74	333.15
45	19	-492.94	2.3534	0	181.74	333.15
19	49	304.24	-0.71	0	283.15	363.15
49	19	-76.76	0.4413	0	283.15	363.15
19	55	22.87	0	0	313.15	333.15
55	19	4.54	0	0	313.15	333.15
19	60	63.81	0	0	321.34	395.12
60	19	87.94	0	0	321.34	395.12
19	86	-71.33	0	0	298.15	358.15
86	19	528.62	0	0	298.15	358.15
19	95	-73.69	0	0	293.15	333.15
95	19	410.87	0	0	293.15	333.15
20	21	-441.61	1.3453	0	273.15	416.15
21	20	2010.14	-3.6478	0	273.15	416.15
20	22	-168.99	0	0	314.05	373.53
22	20	897.14	0	0	314.05	373.53
20	24	1154.67	-2.7982	0	246.36	416.15
24	20	148.71	2.0335	0	246.36	416.15
20	25	-1276.77	0	0	273.15	417.85
25	20	374.57	0	0	273.15	417.85
20	26	-119.23	0	0	264.26	416.15
26	20	385.08	0	0	264.26	416.15
20	30	235.81	0	0	369.12	422.33
30	20	-38.2	0	0	369.12	422.33
20	31	-242.06	0	0	363.15	363.15
31	20	143.39	0	0	363.15	363.15
20	32	266.02	0	0	293.15	398.12
32	20	657.7	0	0	293.15	398.12
20	33	40.1	0	0	344.73	411.29
33	20	655.86	0	0	344.73	411.29
20	35	-296.06	-0.6339	0	293.14	398.65
35	20	-376.15	0.6168	0	293.14	398.65
20	37	974.75	-2.139	0	281.65	377.92
37	20	709.6	3.176	0	281.65	377.92
20	39	-421.59	0	0	257.15	428.54
39	20	80.66	0	0	257.15	428.54
20	41	-736.41	0	0	373.62	387.12
41	20	3073.19	0	0	373.62	387.12
20	42	2053.05	-5.2317	0	252.15	483.69
42	20	557.46	1.1761	0	252.15	483.69
20	43	215.3	-2.2721	0	165.25	376.55
43	20	-2061.7	9.5658	0	165.25	376.55
20	44	0.6	-0.6722	0	291.15	444.31
44	20	25.68	0.9946	0	291.15	444.31
20	45	2354.76	-6.3516	0	243.96	416.15
45	20	-747.76	3.6849	0	243.96	416.15
20	47	-3997.32	11.6942	0	363.15	475.6
47	20	1555.25	-5.3898	0	363.15	475.6
20	48	-500.73	0	0	363.33	443.91
48	20	-134.69	0	0	363.33	443.91
20	54	69.34	-0.5326	0	298.15	428.15
54	20	235.92	0.8694	0	298.15	428.15
20	60	-350.18	0	0	353.15	373.15
60	20	342.85	0	0	353.15	373.15
20	75	-222.28	0	0	273.15	434.14
75	20	583.58	0	0	273.15	434.14
21	22	311.58	-0.9206	0	293.15	416.35
22	21	-315.89	0.9131	0	293.15	416.35
21	23	44.5	0.0392	-0.00026975	283.15	355.53
23	21	28.59	-0.6151	0.00078305	283.15	355.53
21	24	162.1	-0.886	0	283.15	354.98
24	21	-190.39	1.2997	0	283.15	354.98
21	25	4431.72	-21.1473	0	298.15	398.18
25	21	-78.1	-0.2599	0	298.15	398.18
21	26	-130.96	0.241	0	293.15	398.13
26	21	253.92	-0.6458	0	293.15	398.13
21	27	3396.36	-9.5587	0	273.47	347.15
27	21	385.48	0.526	0	273.47	347.15
21	28	407.36	0	0	293.14	293.15
28	21	-173.59	0	0	293.14	293.15
21	30	576.05	0	0	361.55	427.75
30	21	-370.41	0	0	361.55	427.75
21	33	37.68	0.3187	0	135.1	368.45
33	21	-16.95	-0.4286	0	135.1	368.45
21	35	-87.94	0	0	293.15	436.85
35	21	-245.49	0	0	293.15	436.85
21	36	-87.03	0	0	349.15	354.05
36	21	-12.95	0	0	349.15	354.05
21	37	-73.54	-0.7297	0	293.15	373.12
37	21	-27.68	2.3972	0	293.15	373.12
21	39	-990.49	3.5217	0	293.15	432.25
39	21	761.04	-2.8639	0	293.15	432.25
21	42	20.99	-0.4626	0	279.65	368.43
42	21	292.12	0.023	0	279.65	368.43
21	43	-236.92	0.3828	0	250	405.51
43	21	109.83	-0.2406	0	250	405.51
21	44	481.54	0	0	303.08	363.72
44	21	51.82	0	0	303.08	363.72
21	45	-476.77	1.1818	0	293.1	353.9
45	21	715.73	-1.9129	0	293.1	353.9
21	46	-297.85	0.279	0	293.15	463.65
46	21	421.83	-1.3447	0	293.15	463.65
21	48	-479.54	0.8793	0	298.15	323.15
48	21	1066.84	-2.7528	0	298.15	323.15
21	49	955.83	-1.0001	0	300	400
49	21	-151.04	-0.4588	0	300	400
21	51	178.31	0	0	318.04	353.23
51	21	-309.49	0	0	318.04	353.23
21	53	-80.99	0	0	308.09	368.33
53	21	29.8	0	0	308.09	368.33
21	86	173.89	-1.0337	0	298.15	390.92
86	21	-130.61	1.2076	0	298.15	390.92
21	95	-191.82	0	0	293.15	356.78
95	21	-43.84	0	0	293.15	356.78
22	23	-36.87	0.2392	0	298.15	432.4
23	22	46.95	-0.4153	0	298.15	432.4
22	24	49.99	-0.1517	0	283.15	348.28
24	22	50.86	-0.0487	0	283.15	348.28
22	25	3396.56	-18.1752	0	230.68	398.07
25	22	435.72	-1.96	0	230.68	398.07
22	26	472.69	-0.9976	0	293.15	398.1
26	22	-246.73	0.2628	0	293.15	398.1
22	28	-231.48	2.245	0	283.15	308.14
28	22	285.62	-1.7941	0	283.15	308.14
22	30	-109.88	0	0	317.95	427.05
30	22	6.8	0	0	317.95	427.05
22	32	169.98	-0.3465	0	283.15	303.15
32	22	-21.39	0.0065	0	283.15	303.15
22	33	-116.44	1.4565	0	293.15	409.85
33	22	53.13	-0.9666	0	293.15	409.85
22	35	102.17	-0.3202	0	298.14	454.55
35	22	-482.48	0.7006	0	298.14	454.55
22	36	-227.03	0	0	350.75	410.45
36	22	263.25	0	0	350.75	410.45
22	37	-179.97	0	0	298.15	414.1
37	22	315.26	0	0	298.15	414.1
22	39	-234.09	0	0	298.15	422.85
39	22	160.11	0	0	298.15	422.85
22	42	3.91	-0.1671	0	283.15	415.12
42	22	183.27	-0.2172	0	283.15	415.12
22	43	617.37	-2.317	0	283.15	406.55
43	22	-979.06	2.746	0	283.15	406.55
22	45	-21.54	0.9162	0	297.85	408.4
45	22	12.95	-0.6695	0	297.85	408.4
22	46	367.1	0	0	310	469.35
46	22	-391.04	0	0	310	469.35
22	48	102.8	-0.0879	0	300	400
48	22	-446.86	0.4276	0	300	400
22	49	-1017.26	3.0909	0	300	400
49	22	894.51	-2.9316	0	300	400
22	60	-207.31	0	0	303.15	418.62
60	22	484.36	0	0	303.15	418.62
22	77	40.16	-0.9151	0	298.15	318.15
77	22	-76.45	0.9335	0	298.15	318.15
22	86	-101.68	0	0	298.15	417.43
86	22	150.38	0	0	298.15	417.43
23	24	-250.5	0.6042	0	298.14	328.15
24	23	402.09	-1.0991	0	298.14	328.15
23	33	460.9	0	0	333.13	367.85
33	23	-308.83	0	0	333.13	367.85
23	35	22.32	0	0	298.14	428.15
35	23	-118.33	0	0	298.14	428.15
23	37	227.69	0	0	321.74	346.23
37	23	-93.92	0	0	321.74	346.23
23	42	-119.92	-0.0055	0	298.14	349.95
42	23	341.46	-0.5895	0	298.14	349.95
23	43	1416.43	-4.2597	0	298.14	344.95
43	23	-803.43	2.2731	0	298.14	344.95
23	46	-82.7	0	0	298.15	439.35
46	23	30.05	0	0	298.15	439.35
23	56	370.58	0	0	338.15	338.15
56	23	-10.47	0	0	338.15	338.15
24	25	-185.41	6.0447	-0.039905	293.15	400.05
25	24	933.74	-6.6625	0.011186	293.15	400.05
24	26	438.45	-0.5617	0	293.1	349.08
26	24	-66.7	0.1141	0	293.1	349.08
24	27	3442.51	0	0	293.1	298.14
27	24	-290.82	0	0	293.1	298.14
24	28	21.02	1.157	0	283.15	348.05
28	24	51.11	-0.9574	0	283.15	348.05
24	30	886.96	0.3486	0	300.15	397.63
30	24	118.8	-0.8707	0	300.15	397.63
24	32	219.36	0.358	0	293.1	323.12
32	24	60.5	-0.4736	0	293.1	323.12
24	33	214.56	-1.3077	0	283.15	388.15
33	24	-1328.49	6.6931	0	283.15	388.15
24	35	317.97	0.7498	0	249.26	313.15
35	24	-41.82	-0.7709	0	249.26	313.15
24	36	933.26	0	0	303.14	323.14
36	24	-187.86	0	0	303.14	323.14
24	37	-269.86	0.0641	0	293.15	359.35
37	24	759.32	-0.9355	0	293.15	359.35
24	38	207.96	-0.6049	0	278.68	323.06
38	24	-109.44	0.0824	0	278.68	323.06
24	39	535.71	0.0719	0	298.15	333.12
39	24	-159.06	-0.1839	0	298.15	333.12
24	42	-59.04	0.653	0	193.95	373.35
42	24	49.24	-0.5087	0	193.95	373.35
24	43	282.83	0.7084	0	283.15	323.14
43	24	-131.02	-0.4775	0	283.15	323.14
24	45	62.41	-0.2215	0.00057988	283.15	347.82
45	24	3.12	-0.0306	-0.00025497	283.15	347.82
24	46	-143.01	0	0	310	328.15
46	24	957.44	0	0	310	328.15
24	49	461.42	-0.2226	0.0025038	298.14	328.09
49	24	-191.7	0.4532	-0.0013078	298.14	328.09
24	51	-258.99	0	0	311.84	343.08
51	24	358.5	0	0	311.84	343.08
24	52	15.78	0.084	0	298.14	343.15
52	24	51.96	-0.6646	0	298.14	343.15
24	53	-158.67	0.917	0	283.15	319.99
53	24	234.35	-0.9326	0	283.15	319.99
24	54	622.78	0	0	313.81	398.42
54	24	119.82	0	0	313.81	398.42
24	55	-794.1	2.9082	0	298.14	298.64
55	24	724.17	-2.6004	0	298.14	298.64
24	56	515.1	0.0284	0	303.15	345.55
56	24	-74.63	0.1344	0	303.15	345.55
24	60	158.23	0.8419	0	298.14	394.32
60	24	69.56	-0.3408	0	298.14	394.32
24	61	-145.37	0.9883	0	278.15	298.15
61	24	5.96	-0.5825	0	278.15	298.15
24	76	792.7	-1.7069	0	298.14	323.14
76	24	-218.87	0.579	0	298.14	323.14
24	77	111.96	0.8538	0	283.15	303.14
77	24	7.3	-0.8306	0	283.15	303.14
24	80	-299.41	0	0	291.15	443.84
80	24	1865.3	0	0	291.15	443.84
24	81	-1144.73	0	0	291.15	443.84
81	24	321.14	0	0	291.15	443.84
24	82	1057.53	0	0	298.15	303.13
82	24	-49.49	0	0	298.15	303.13
24	86	27.91	0.386	0	283.15	393.11
86	24	-9.88	-0.3857	0	283.15	393.11
24	95	-9.1	-0.3517	0	298.14	356.03
95	24	-12.28	-0.0371	0	298.14	356.03
25	26	1248.93	-2.6419	0	298.15	398.26
26	25	5034.67	-20.754	0	298.15	398.26
25	27	626.97	0	0	352.98	475.61
27	25	110.1	0	0	352.98	475.61
25	33	57.72	0	0	290.65	373.12
33	25	1032.92	0	0	290.65	373.12
25	35	916.67	-2.2551	0	298.15	457.39
35	25	253.49	-1.3071	0	298.15	457.39
25	36	112.5	0	0	350.15	384.55
36	25	181.25	0	0	350.15	384.55
25	37	-323.22	0	0	298	401.52
37	25	-2115.25	0	0	298	401.52
25	38	604.73	0	0	298.15	371.8
38	25	1262	0	0	298.15	371.8
25	39	-287.39	1.1365	0	194.32	419.45
39	25	36.53	-3.659	0	194.32	419.45
25	42	1751.31	-4.0879	-0.0026182	293.15	404.02
42	25	2685.61	-16.7755	0.0011707	293.15	404.02
25	43	-549.69	0.7018	0	293.15	402.34
43	25	3705.15	-10.9242	0	293.15	402.34
25	45	2396.96	-5.6261	0	290.65	432.6
45	25	3082.14	-17.6127	0	290.65	432.6
25	49	240.7	0.8653	0	300	400
49	25	4118.74	-15.161	0	300	400
25	51	237.5	0	0	323.14	393.07
51	25	100	0	0	323.14	393.07
25	60	13426.9	0	0	391.32	401.42
60	25	2344.78	0	0	391.32	401.42
26	27	363.26	0	0	298.15	459.15
27	26	-369.29	0	0	298.15	459.15
26	28	158.07	3.1843	0	293.15	318.6
28	26	657.39	-2.2633	0	293.15	318.6
26	32	415.37	0.2842	0	284.15	338.15
32	26	2017.76	-6.3766	0	284.15	338.15
26	33	1097.58	-3.0246	0	293.1	393.08
33	26	-1140.77	3.4676	0	293.1	393.08
26	34	-100.51	0	0	298.14	343.12
34	26	197.84	0	0	298.14	343.12
26	37	-96.07	0	0	353.42	369.42
37	26	1385.39	0	0	353.42	369.42
26	39	611.97	0	0	298.15	313.2
39	26	-343.93	0	0	298.15	313.2
26	42	139.99	-0.6953	0	291.15	413.21
42	26	579.1	-0.3192	0	291.15	413.21
26	43	53.75	0	0	300	400
43	26	-47.09	0	0	300	400
26	47	324.62	-1.1828	0	300	400
47	26	11.44	0.7866	0	300	400
26	52	7.62	0	0	318.14	318.15
52	26	136.02	0	0	318.14	318.15
26	60	656.36	0	0	298.15	353.1
60	26	-230.85	0	0	298.15	353.1
26	86	30.56	0	0	290.05	293.15
86	26	274.19	0	0	290.05	293.15
27	32	3337.57	0	0	293.1	293.15
32	27	422.5	0	0	293.1	293.15
27	33	-548.15	0	0	293.1	478.25
33	27	1024.68	0	0	293.1	478.25
27	35	177.27	0	0	458.15	479.05
35	27	-172.24	0	0	458.15	479.05
27	36	-423.04	0	0	350.45	423.15
36	27	902.29	0	0	350.45	423.15
27	42	3871.31	-11.5364	0	292.85	367.15
42	27	13569.05	-32.7188	0	292.85	367.15
28	32	242.9	-0.5617	0	283.15	318.93
32	28	222.24	-0.2435	0	283.15	318.93
28	37	-93.31	-0.1286	0	300	400
37	28	319.4	0.0342	0	300	400
28	42	27.18	-0.89	0	288.15	308.14
42	28	96.46	1.131	0	288.15	308.14
28	43	166.56	-1.0407	0	300	400
43	28	1.09	1.5927	0	300	400
28	45	29.11	-0.7328	0	273.15	353.15
45	28	220.69	0.3944	0	273.15	353.15
28	86	-145.93	0	0	298.14	318.14
86	28	318.1	0	0	298.14	318.14
29	35	581.79	0	0	313.14	313.14
35	29	-391.38	0	0	313.14	313.14
29	39	362.17	0	0	313.14	313.14
39	29	-250.27	0	0	313.14	313.14
29	42	12.47	-0.4564	0	283.15	343.15
42	29	407.08	-0.2156	0	283.15	343.15
29	46	34.49	0	0	293.1	323.09
46	29	80.63	0	0	293.1	323.09
29	61	1226.89	-2.919	0	263.15	373.15
61	29	-677.06	1.4184	0	263.15	373.15
30	37	-144.58	0	0	360.33	431.61
37	30	1543.72	0	0	360.33	431.61
30	42	109.8	-0.7671	0	293.15	421.05
42	30	867.4	0.1618	0	293.15	421.05
30	44	778.78	0	0	300	400
44	30	-384.29	0	0	300	400
30	45	72.26	0	0	336.02	424.33
45	30	-87.32	0	0	336.02	424.33
30	77	-271.09	0	0	293.14	403.15
77	30	2555.83	0	0	293.14	403.15
30	86	-203.84	0	0	393.85	431.85
86	30	817.18	0	0	393.85	431.85
31	35	-100.86	0.092	0	308.15	373.12
35	31	-108.5	0.1069	0	308.15	373.12
31	39	485.08	0	0	373.12	373.12
39	31	-292.57	0	0	373.12	373.12
31	47	11.14	0.8931	0	405.65	413.15
47	31	99.44	-0.9771	0	405.65	413.15
31	60	-2434.21	7.1502	0	334.65	458.55
60	31	1174.12	-3.647	0	334.65	458.55
31	75	-975.5	2.4197	0	368.12	418.13
75	31	1964.99	5.1674	0	368.12	418.13
31	76	60.15	0.3575	0	338.12	418.13
76	31	-515.06	1.7993	0	338.12	418.13
32	33	-37.87	-0.4366	0	217.14	303.15
33	32	298.62	0.0727	0	217.14	303.15
32	42	631.27	-1.6164	0	298.14	298.15
42	32	221.32	0.1997	0	298.14	298.15
32	45	-516.09	1.7838	0	298.09	308.13
45	32	554.33	-1.6052	0	298.09	308.13
32	54	289.95	0	0	313.14	413.12
54	32	323.21	0	0	313.14	413.12
33	35	-105.44	0.2154	0	233.46	308.14
35	33	-106.52	-0.1308	0	233.46	308.14
33	37	-364.06	0	0	361.15	371.45
37	33	572.17	0	0	361.15	371.45
33	41	549.91	-1.7055	0	303.15	370.82
41	33	60.62	-0.7018	0	303.15	370.82
33	42	25.78	-0.4237	0	249.77	352.5
42	33	214.43	0.2738	0	249.77	352.5
33	43	-186.4	0	0	300	400
43	33	265.42	0	0	300	400
33	45	43.09	-0.4089	0	298.15	400.8
45	33	-79.14	0.594	0	298.15	400.8
34	39	-336.86	9.6962	0	283.15	343.12
39	34	-3.25	-1.24	0	283.15	343.12
35	37	856.1	-3.4752	0	298	445.85
37	35	-2214.44	8.5047	0	298	445.85
35	39	-135.75	0.0841	0	298.15	373.15
39	35	230.69	-0.4981	0	298.15	373.15
35	45	-281.08	-0.088	0	293.15	333.15
45	35	-35.79	0.3782	0	293.15	333.15
35	49	203.2	0	0	323.14	323.14
49	35	-177.48	0	0	323.14	323.14
35	82	-1301.69	4.431	0	323.14	323.14
82	35	62.35	-0.9957	0	323.14	323.14
35	86	-364.64	1.3459	0	298	444.95
86	35	415.61	-1.385	0	298	444.95
36	37	-309.25	0	0	288.24	344.83
37	36	4283.26	0	0	288.24	344.83
36	39	-198.85	0	0	350.77	418.16
39	36	178.21	0	0	350.77	418.16
36	86	-97.16	0	0	303.14	323.14
86	36	696.94	0	0	303.14	323.14
37	39	-1116.2	5.7463	0	298	415.5
39	37	-584.44	0.7055	0	298	415.5
37	41	-211.1	0	0	300	400
41	37	516.5	0	0	300	400
37	42	93.18	-1.0623	0.0027695	298	359.62
42	37	-3.2	0.3238	-0.0011202	298	359.62
37	43	-2460.67	8.1707	0	298.15	356.55
43	37	2318.16	-7.9936	0	298.15	356.55
37	45	185.82	0	0	300	400
45	37	-139	0	0	300	400
37	46	256.19	-1.7037	0	263.15	458.55
46	37	-235.96	1.8651	0	263.15	458.55
37	60	803.54	-0.6225	0	298.15	357.98
60	37	-203.28	0.2437	0	298.15	357.98
37	86	-911.04	4.8273	0	298.15	392.73
86	37	-106.41	-0.5523	0	298.15	392.73
38	39	-31.45	0	0	360.95	416.95
39	38	12.79	0	0	360.95	416.95
38	40	-57.38	0	0	300	400
40	38	110.4	0	0	300	400
38	42	-86.47	0.1388	0	283.1	371.89
42	38	206	-0.6056	0	283.1	371.89
38	43	-178.31	0.2229	0	288.15	333.13
43	38	242.57	-0.4865	0	288.15	333.13
38	46	-16.92	0	0	360.75	425.15
46	38	4217.65	0	0	360.75	425.15
39	42	127.33	-0.7975	0	283.15	423.5
42	39	312.53	0.831	0	283.15	423.5
39	43	-186.5	0.447	0	294.15	387.45
43	39	195.05	-0.3646	0	294.15	387.45
39	44	759.86	-3.0047	0	298.14	436.35
44	39	-896.46	1.5408	0	298.14	436.35
39	45	-318.65	0	0	298.15	408.9
45	39	733.32	0	0	298.15	408.9
39	49	-18.38	-0.4503	0	300	400
49	39	-2.28	0.6011	0	300	400
39	52	136.36	-1.4648	0	358.83	406.85
52	39	32576.11	-49.7076	0	358.83	406.85
39	57	-130.99	0	0	378.07	398.07
57	39	503.19	0	0	378.07	398.07
39	92	295.76	0	0	373.12	393.07
92	39	137.1	0	0	373.12	393.07
40	42	-28.73	-0.1121	0	297.6	357
42	40	53.87	0.3669	0	297.6	357
41	42	-1389.68	5.3983	0	298.15	413.72
42	41	1663.51	-4.8623	0	298.15	413.72
41	55	-4120.61	17.519	0	298.15	428.65
55	41	181.24	-1.397	0	298.15	428.65
42	43	119.59	0.1237	0.00022023	262.16	382.14
43	42	90.32	-0.4718	-1.4371E-06	262.16	382.14
42	45	167.84	-0.1349	0	198.2	347.05
45	42	-52.81	-0.0505	0	198.2	347.05
42	46	171.22	0.1324	0	253.11	463.8
46	42	407.87	-1.2285	0	253.11	463.8
42	47	3008.8	-2.5544	0	298.15	398.15
47	42	190.65	-1.0042	0	298.15	398.15
42	48	501.05	0.4831	0	298.1	375.45
48	42	194.82	-1.1672	0	298.1	375.45
42	49	-263.6	2.3746	0	298.1	338.08
49	42	155.16	-0.8647	0	298.1	338.08
42	52	277.22	0.4697	0	318.14	348.15
52	42	-37.34	-0.8395	0	318.14	348.15
42	54	835.79	0	0	300.04	374.62
54	42	116.48	0	0	300.04	374.62
42	55	110.7	0.9656	0	283.15	398.09
55	42	131.93	-0.9816	0	283.15	398.09
42	56	1219.92	-0.9706	0	288.15	545.11
56	42	328.01	-1.1028	0	288.15	545.11
42	60	-126.54	2.1436	0	293.15	421.13
60	42	366.36	-1.3157	0	293.15	421.13
42	62	3971.74	6.1859	0	298.09	423.15
62	42	-690.28	2.5175	0	298.09	423.15
42	63	-691.82	0	0	387.5	442.3
63	42	1422.27	0	0	387.5	442.3
42	76	211.29	0.4534	0	298.34	331.15
76	42	273.75	-1.0527	0	298.34	331.15
42	77	175.99	0	0	298.14	403.15
77	42	112.49	0	0	298.14	403.15
42	78	943.99	-1.4037	0	283.15	333.15
78	42	128.59	-0.562	0	283.15	333.15
42	79	130.39	-1.9708	0	283.15	298.14
79	42	246.51	-0.4133	0	283.15	298.14
42	80	861.08	0	0	291.15	443.84
80	42	-745.6	0	0	291.15	443.84
42	81	-799.48	0	0	291.15	443.84
81	42	-136.75	0	0	291.15	443.84
42	82	685.21	0	0	298.15	298.15
82	42	133.35	0	0	298.15	298.15
42	86	407.4	-1.1845	0	283.15	323.15
86	42	-312.73	0.912	0	283.15	323.15
42	92	212.68	0.5145	0	293.15	403.65
92	42	390.9	1.6847	0	293.15	403.65
42	95	139.07	-0.4767	0	293.15	446.61
95	42	9.65	-0.1997	0	293.15	446.61
43	45	-523.16	0.4594	0	293.15	337.28
45	43	1438.91	-2.988	0	293.15	337.28
43	56	372.56	0	0	303.1	353.15
56	43	-206.03	0	0	303.1	353.15
43	63	1077.55	0	0	340.23	451.27
63	43	363.77	0	0	340.23	451.27
43	76	-158.47	0	0	308.15	308.15
76	43	-208	0	0	308.15	308.15
43	77	-210.09	0	0	298.14	403.15
77	43	74.05	0	0	298.14	403.15
43	78	283.2	-1.194	0	293.14	343.15
78	43	726.19	-0.1283	0	293.14	343.15
43	86	24.23	-0.3527	0	283.15	378.65
86	43	22.06	0.4177	0	283.15	378.65
44	45	-44.96	0	0	332.22	352.62
45	44	669.63	0	0	332.22	352.62
45	46	-256.02	0	0	310	423.15
46	45	-21.62	0	0	310	423.15
45	53	60.27	0	0	288.15	313.15
53	45	-191.26	0	0	288.15	313.15
45	60	-166.42	0	0	303.15	303.15
60	45	344.01	0	0	303.15	303.15
45	61	-886.67	4.5194	0	278.15	339.75
61	45	-9.82	-1.2456	0	278.15	339.75
45	78	-66.44	0	0	298.15	333.15
78	45	-223.41	0	0	298.15	333.15
45	79	185.96	0	0	323.14	373.12
79	45	-499.79	0	0	323.14	373.12
46	47	-1423.7	3.9162	0	300	400
47	46	1738.5	-3.9729	0	300	400
46	60	32.16	0	0	353.15	373.15
60	46	-234.83	0	0	353.15	373.15
46	86	243.79	-1.1452	0	298.15	451.55
86	46	-31.44	1.3003	0	298.15	451.55
46	95	130.17	0	0	293.15	363.57
95	46	4050.35	0	0	293.15	363.57
47	48	-91.65	-0.3411	0	300	400
48	47	117.57	0.7114	0	300	400
47	49	56.63	0	0	469.61	477.61
49	47	83.66	0	0	469.61	477.61
48	96	-317	0	0	360.58	421.26
96	48	545.75	0	0	360.58	421.26
50	58	1163.16	0	0	423.11	473.11
58	50	1254.82	0	0	423.11	473.11
53	83	-261.1	0	0	300	305.15
83	53	4262.66	0	0	300	305.15
55	60	693.38	-1.6033	0	298.15	400.16
60	55	-198.57	0.7227	0	298.15	400.16
56	60	-315.58	0	0	296.94	376.92
60	56	1108.43	0	0	296.94	376.92
57	58	45750.33	0	0	428.05	509
58	57	15084.19	0	0	428.05	509
57	59	435.7	0	0	360.08	516.96
59	57	-195.74	0	0	360.08	516.96
60	86	185.35	-0.6259	0	298.15	405.12
86	60	426.43	0.1011	0	298.15	405.12
75	76	89.91	-0.3901	0	293.14	487.76
76	75	176.33	0.0061	0	293.14	487.76
80	81	1554.69	0	0	291.15	443.84
81	80	-678.13	0	0	291.15	443.84
