CAS	Chemical	C1	C2	C3	C4	Tmin	Tmax
75-07-0	Acetaldehyde  	1.222E-07	0.787	77	0	150.15	1000
60-35-5	Acetamide  	1.423E-07	0.7574	272.14	0	353.33	1000
64-19-7	Acetic acid  	2.7449E-08	1.0123	7.4948	0	289.81	1000
108-24-7	Acetic anhydride  	1.2E-07	0.7915	105.3	0	200.15	1000
67-64-1	Acetone  	3.1005E-08	0.9762	23.139	0	178.45	1000
75-05-8	Acetonitrile  	5.1964E-08	0.8857	38.805	0	229.32	1000
74-86-2	Acetylene  	1.2025E-06	0.4952	291.4	0	192.4	600
107-02-8	Acrolein  	6.523E-07	0.579	410.8	0	185.45	1000
79-10-7	Acrylic acid  	1.7154E-07	0.7418	138.4	0	286.15	1000
107-13-1	Acrylonitrile  	4.302E-08	0.9114	54.3	0	189.63	1000
132259-10-0	Air  	1.425E-06	0.5039	108.3	0	80	2000
7664-41-7	Ammonia  	4.1855E-08	0.9806	30.8	0	195.41	1000
100-66-3	Anisole  	1.7531E-07	0.72	176.17	0	235.65	1000
7440-37-1	Argon  	9.2121E-07	0.60529	83.24	0	83.78	3273.1
55-21-0	Benzamide  	2.5082E-08	0.96663	0	0	403	1000
71-43-2	Benzene  	3.134E-08	0.9676	7.9	0	278.68	1000
108-98-5	Benzenethiol  	1.1184E-07	0.8002	152.43	0	442.29	1000
65-85-0	Benzoic acid  	7.4266E-08	0.8289	91.197	0	395.45	1000
100-47-0	Benzonitrile  	4.2137E-08	0.92271	45.387	0	260.4	1000
119-61-9	Benzophenone  	3.779E-07	0.6005	409	0	321.35	1000
100-51-6	Benzyl alcohol  	6.9022E-08	0.84014	74.746	0	257.85	1000
539-30-0	Benzyl ethyl ether 	1.56E-07	0.7181	180	0	458.15	1000
100-53-8	Benzyl mercaptan 	4.0138E-08	0.90735	34.714	0	243.95	1000
92-52-4	Biphenyl  	1.3874E-06	0.4434	678.22	0	342.2	1000
7726-95-6	Bromine  	7.3534E-08	0.93798	0	0	265.85	600
108-86-1	Bromobenzene  	2.232E-07	0.7146	184.9	0	429.24	1000
74-96-4	Bromoethane  	5.29E-07	0.632	226	0	154.55	1000
74-83-9	Bromomethane  	7.8796E-08	0.90476	0	0	179.47	1000
590-19-2	1,2-Butadiene  	6.0259E-07	0.5309	199.64	0	136.95	1000
106-99-0	1,3-Butadiene  	2.696E-07	0.6715	134.7	0	164.25	1000
106-97-8	Butane  	3.4387E-08	0.94604	0	0	134.86	1000
584-03-2	1,2-Butanediol  	7.5626E-08	0.83521	71.798	0	220	1000
107-88-0	1,3-Butanediol  	7.0728E-08	0.84383	64.391	0	196.15	1000
71-36-3	1-Butanol  	1.4031E-06	0.4611	537	0	183.85	1000
78-92-2	2-Butanol  	1.2114E-07	0.76972	92.661	0	158.45	1000
106-98-9	1-Butene  	6.9744E-07	0.5462	305.25	0	87.8	1000
590-18-1	cis-2-Butene  	4.2898E-08	0.91349	0	0	134.26	1000
624-64-6	trans-2-Butene  	1.05E-06	0.4867	358.7	0	167.62	1000
123-86-4	Butyl acetate  	1.006E-07	0.77881	95.108	0	199.65	1000
104-51-8	Butylbenzene  	3.4205E-07	0.59764	234.21	0	185.3	1000
109-79-5	Butyl mercaptan  	5.4539E-08	0.88896	43.687	0	157.46	1000
513-53-1	sec-Butyl mercaptan 	3.1378E-08	0.96513	0	0	133.02	1000
107-00-6	1-Butyne  	2.7856E-06	0.377	663.14	0	147.43	800
123-72-8	Butyraldehyde  	8.0079E-08	0.8178	65.855	0	176.75	1000
107-92-6	Butyric acid  	2.128E-06	0.4273	886	-41400	267.95	1000
109-74-0	Butyronitrile  	8.0223E-08	0.80561	75.207	0	161.25	1000
124-38-9	Carbon dioxide  	2.148E-06	0.46	290	0	194.67	1500
75-15-0	Carbon disulfide  	5.8204E-08	0.9262	44.581	0	161.11	800
630-08-0	Carbon monoxide 	1.1127E-06	0.5338	94.7	0	68.15	1250
56-23-5	Carbon tetrachloride 	3.137E-06	0.3742	491.5	0	250.33	1000
75-73-0	Carbon tetrafluoride 	2.1709E-06	0.45853	208	0	89.56	1000
7782-50-5	Chlorine  	2.6E-07	0.7423	98.3	0	200	1000
108-90-7	Chlorobenzene  	1.065E-07	0.7942	94.7	0	227.95	1000
75-00-3	Chloroethane  	3.12E-07	0.6711	139	0	134.8	1000
67-66-3	Chloroform  	1.696E-07	0.7693	96.6	0	209.63	1000
74-87-3	Chloromethane  	8.6E-08	0.8706	35.8	0	230	700
540-54-5	1-Chloropropane  	3.638E-07	0.6417	208.3	0	150.35	1000
75-29-6	2-Chloropropane  	3.8802E-07	0.6367	205.08	0	155.97	1000
108-39-4	m-Cresol  	1.4427E-07	0.7438	166.15	0	285.39	1000
95-48-7	o-Cresol  	8.7371E-08	0.80775	98.538	0	304.19	1000
106-44-5	p-Cresol  	1.4305E-07	0.7451	159.8	0	307.93	1000
98-82-8	Cumene  	3.3699E-07	0.60751	221.17	0	177.14	1000
460-19-5	Cyanogen  	4.0854E-08	0.97182	6.6762	0	245.25	600
287-23-0	Cyclobutane  	1.0881E-06	0.48359	330.86	0	182.48	1000
110-82-7	Cyclohexane  	6.77E-08	0.8367	36.7	0	279.69	900
108-93-0	Cyclohexanol  	7.9581E-08	0.8376	104.97	0	296.6	1000
108-94-1	Cyclohexanone  	5.2312E-08	0.89422	58.008	0	242	1000
110-83-8	Cyclohexene  	1.3326E-06	0.4537	445	0	169.67	1000
287-92-3	Cyclopentane  	2.3619E-07	0.67465	139	0	179.28	1000
142-29-0	Cyclopentene  	3.026E-07	0.64991	167.14	0	138.13	1000
75-19-4	Cyclopropane  	1.7578E-06	0.4265	370.34	0	145.59	1000
1569-69-3	Cyclohexyl mercaptan  	3.915E-08	0.91427	22.264	0	189.64	1000
112-31-2	Decanal  	1.2638E-07	0.7248	176.88	0	267.15	1000
124-18-5	Decane  	2.64E-08	0.9487	71	0	243.51	1000
334-48-5	Decanoic acid  	7.1748E-08	0.7982	109.38	0	304.55	1000
112-30-1	1-Decanol  	5.5065E-08	0.8341	79.56	0	280.05	1000
872-05-9	1-Decene  	6.1192E-08	0.82546	77.434	0	206.89	1000
143-10-2	Decyl mercaptan  	3.272E-08	0.9302	39.13	0	247.56	1000
764-93-2	1-Decyne  	5.6914E-07	0.50744	273.3	0	229.15	1000
7782-39-0	Deuterium  	2.4999E-07	0.6878	0.5962	0	60	480
557-91-5	1,1-Dibromoethane  	1.4125E-07	0.8097	83.243	0	210.15	1000
106-93-4	1,2-Dibromoethane  	1.1379E-07	0.8502	93.816	0	282.85	1000
74-95-3	Dibromomethane  	2.9444E-07	0.728	154.74	0	370.1	1000
142-96-1	Dibutyl ether  	7.7147E-08	0.79906	80.765	0	175.3	1000
541-73-1	m-Dichlorobenzene  	2.334E-07	0.714	260	0	248.39	1000
95-50-1	o-Dichlorobenzene  	1.603E-07	0.763	205	0	256.15	1000
106-46-7	p-Dichlorobenzene  	1.5913E-07	0.7639	193.14	0	326.14	1000
75-34-3	1,1-Dichloroethane  	2.0135E-07	0.73421	111.98	0	176.19	1000
107-06-2	1,2-Dichloroethane  	1.4321E-07	0.7785	98.159	0	237.49	1000
75-09-2	Dichloromethane  	7.6787E-07	0.5741	276.16	0	178.01	1000
78-99-9	1,1-Dichloropropane  	1.4906E-07	0.7617	105.9	0	200	1000
78-87-5	1,2-Dichloropropane  	1.1989E-07	0.79108	84.37	0	172.71	1000
111-42-2	Diethanol amine  	3.3628E-08	0.9426	39.587	0	301.15	1000
109-89-7	Diethyl amine  	4.3184E-07	0.6035	247	0	223.35	1000
60-29-7	Diethyl ether  	1.948E-06	0.41	495.8	0	156.85	1000
352-93-2	Diethyl sulfide  	6.5492E-08	0.86232	59.455	0	169.2	1000
75-37-6	1,1-Difluoroethane  	2.7228E-06	0.39531	445.07	0	154.56	1000
624-72-6	1,2-Difluoroethane  	4.3934E-07	0.64867	169.64	0	215	1000
75-10-5	Difluoromethane  	7.7484E-07	0.57978	198.7	0	136.95	1000
108-18-9	Di-isopropyl amine  	4.138E-07	0.5999	269.5	0	357.05	1000
108-20-3	Di-isopropyl ether  	1.691E-07	0.7114	124	0	187.65	1000
565-80-0	Di-isopropyl ketone  	9.2797E-08	0.7819	93.399	0	204.81	1000
534-15-6	1,1-Dimethoxyethane  	4.4172E-08	0.91098	0	0	159.95	1000
7778-85-0	1,2-Dimethoxypropane  	3.9833E-08	0.91566	0	0	226.1	1000
503-17-3	Dimethyl acetylene  	1.9377E-06	0.4093	492.69	0	240.91	1000
124-40-3	Dimethyl amine  	2.757E-07	0.6841	133.2	0	180.96	1000
79-29-8	2,3-Dimethylbutane  	6.8567E-07	0.52542	278.82	0	145.19	1000
590-66-9	1,1-Dimethylcyclohexane  	7.822E-07	0.4994	371.6	0	392.7	1000
2207-01-4	cis-1,2-Dimethylcyclohexane  	8.4576E-07	0.487	398	0	402.94	1000
6876-23-9	trans-1,2-Dimethylcyclohexane 	9.9104E-07	0.4723	436.89	0	396.58	1000
624-92-0	Dimethyl disulfide  	3.2282E-08	0.97742	0	0	188.44	1000
115-10-6	Dimethyl ether  	2.68E-06	0.3975	534	0	131.65	1000
68-12-2	N,N-Dimethyl formamide  	3.5538E-06	0.3766	1176.1	0	212.72	1000
565-59-3	2,3-Dimethylpentane  	5.0372E-07	0.54462	227.44	0	160	1000
131-11-3	Dimethyl phthalate  	5.2195E-08	0.85584	69.036	0	274.18	1000
1111-74-6	Dimethylsilane  	4.7238E-08	0.90849	0	0	122.93	1000
75-18-3	Dimethyl sulfide  	5.2854E-07	0.6112	302.85	0	174.88	1000
67-68-5	Dimethyl sulfoxide  	8.6101E-08	0.8345	167.86	0	291.67	1000
120-61-6	Dimethyl terephthalate 	4.8739E-08	0.8749	51.885	0	413.8	1000
123-91-1	1,4-Dioxane 	2.7334E-07	0.7393	129.93	0	284.95	1000
101-84-8	Diphenyl ether 	2.8451E-08	0.93622	0	0	300.03	1000
142-84-7	Dipropyl amine 	1.29E-07	0.744	117.03	0	210.15	1000
112-40-3	Dodecane 	6.344E-08	0.8287	219.5	0	263.57	1000
112-95-8	Eicosane 	2.9236E-07	0.62458	702.84	0	309.58	1000
74-84-0	Ethane 	2.5906E-07	0.67988	98.902	0	90.35	1000
64-17-5	Ethanol 	1.0613E-07	0.8066	52.7	0	200	1000
141-78-6	Ethyl acetate 	3.214E-06	0.3572	667	0	189.6	1000
75-04-7	Ethyl amine 	4.934E-07	0.5924	239.17	0	192.15	1000
100-41-4	Ethylbenzene 	4.2231E-07	0.58154	239.21	0	178.2	1000
93-89-0	Ethyl benzoate 	6.3441E-08	0.8369	73.63	0	238.45	1000
88-09-5	2-Ethyl butanoic acid 	9.2371E-08	0.7908	102.32	0	258.15	1000
105-54-4	Ethyl butyrate 	1.6175E-07	0.7163	142.27	3590	175.15	1000
1678-91-7	Ethylcyclohexane 	4.107E-07	0.57143	230.06	0	161.84	1000
1640-89-7	Ethylcyclopentane 	2.1696E-06	0.3812	577.77	0	134.71	1000
74-85-1	Ethylene 	2.0789E-06	0.4163	352.7	0	169.41	1000
107-15-3	Ethylenediamine 	1.3744E-07	0.7557	122.8	0	284.29	1000
107-21-1	Ethylene glycol 	8.6706E-08	0.83923	75.512	0	260.15	1000
151-56-4	Ethyleneimine 	2.8132E-07	0.6792	238.46	0	329	1000
75-21-8	Ethylene oxide 	4.3403E-08	0.94806	0	0	160.65	1000
109-94-4	Ethyl formate 	6.761E-07	0.5804	354.9	0	193.55	1000
149-57-5	2-Ethyl hexanoic acid 	2.5704E-08	0.94738	0	0	235	1000
5756-43-4	Ethylhexyl ether 	7.9129E-08	0.79565	83.193	0	180	1000
625-54-7	Ethylisopropyl ether 	1.3974E-07	0.74266	98.58	0	140	1000
565-69-5	Ethylisopropyl ketone 	1.0498E-07	0.76988	100.41	0	204.15	1000
75-08-1	Ethyl mercaptan 	8.5992E-08	0.8427	58.148	0	125.26	1000
105-37-3	Ethyl propionate 	5.53E-07	0.6061	273.66	0	199.25	1000
628-32-0	Ethylpropyl ether 	5.1539E-07	0.5726	288.76	0	145.65	1000
115-21-9	Ethyltrichlorosilane 	3.2769E-08	0.9729	0	0	167.55	1000
7782-41-4	Fluorine 	6.36E-07	0.6638	61.6	0	53.48	1000
462-06-6	Fluorobenzene 	2.1174E-07	0.7087	157.42	0	357.88	1000
353-36-6	Fluoroethane 	8.8742E-07	0.5404	251.82	0	129.95	1000
593-53-3	Fluoromethane 	1.2269E-07	0.82167	0	0	131.35	1000
50-00-0	Formaldehyde 	4.758E-07	0.6405	161.7	0	181.15	1000
75-12-7	Formamide 	6.829E-08	0.8774	54.864	0	275.6	1000
64-18-6	Formic acid 	2.8608E-07	0.6958	184.25	0	281.45	1000
110-00-9	Furan 	6.432E-07	0.5854	325.3	0	187.55	1000
7440-59-7	Helium-4 	3.253E-07	0.7162	-9.6	107	20	2000
629-78-7	Heptadecane 	3.1338E-07	0.6238	692.2	0	295.13	1000
111-71-7	Heptanal 	8.4633E-08	0.79185	94.487	0	229.8	1000
142-82-5	Heptane 	6.672E-08	0.82837	85.752	0	182.57	1000
111-14-8	Heptanoic acid 	7.2834E-08	0.81279	89.874	0	265.83	1000
111-70-6	1-Heptanol 	2.572E-07	0.6502	248.6	0	239.15	1000
543-49-7	2-Heptanol 	9.1526E-08	0.78346	100.28	0	230	1000
106-35-4	3-Heptanone 	8.9656E-08	0.78236	100.14	0	234.15	1000
110-43-0	2-Heptanone 	8.8629E-08	0.78376	100.18	0	238.15	1000
592-76-7	1-Heptene 	7.7509E-08	0.81089	69.927	0	154.12	1000
1639-09-4	Heptyl mercaptan 	4.697E-08	0.8932	57.6	0	229.92	1000
628-71-7	1-Heptyne 	5.9501E-07	0.52758	274.02	0	192.22	1000
544-76-3	Hexadecane 	1.2463E-07	0.7322	395	6000	291.31	1000
66-25-1	Hexanal 	9.6724E-08	0.78044	97.798	0	217.15	1000
110-54-3	Hexane 	1.7514E-07	0.70737	157.14	0	177.83	1000
142-62-1	Hexanoic acid 	8.4032E-08	0.80073	96.779	0	269.25	1000
111-27-3	1-Hexanol 	1.5773E-07	0.7189	163.3	0	228.55	1000
626-93-7	2-Hexanol 	1.0652E-07	0.77022	105.85	0	223	1000
591-78-6	2-Hexanone 	9.782E-08	0.7772	99.53	0	217.35	1000
589-38-8	3-Hexanone 	9.8882E-08	0.7755	99.825	0	217.5	1000
592-41-6	1-Hexene 	8.006E-08	0.81293	65.274	0	133.39	1000
928-49-4	3-Hexyne 	5.2127E-07	0.5444	237.01	0	170.05	1000
111-31-9	Hexyl mercaptan 	4.3636E-08	0.90747	42.32	0	192.62	1000
693-02-7	1-Hexyne 	2.9986E-07	0.62647	178.17	0	141.25	1000
764-35-2	2-Hexyne 	5.5562E-07	0.5337	244.38	0	183.65	1000
302-01-2	Hydrazine  	2.3489E-07	0.7151	205.05	0	274.69	1673.15
1333-74-0	Hydrogen  	1.797E-07	0.685	-0.59	140	13.95	3000
10035-10-6	Hydrogen bromide  	9.17E-08	0.9273	0	0	206.45	800
7647-01-0	Hydrogen chloride  	4.924E-07	0.6702	157.7	0	200	1000
74-90-8	Hydrogen cyanide  	1.278E-08	1.0631	340	0	300	425
7664-39-3	Hydrogen fluoride  	4.5101E-14	3.0005	-521.83	76111	285.5	472.68
7783-06-4	Hydrogen sulfide  	3.9314E-08	1.0134	0	0	250	480
79-31-2	Isobutyric acid  	1.1202E-07	0.7822	100.3	0	227.15	1000
75-31-0	Isopropyl amine  	5.2542E-08	0.88063	0	0	177.95	1000
141-82-2	Malonic acid  	8.4213E-08	0.82573	102.08	0	407.95	1000
79-41-4	Methacrylic acid  	9.113E-08	0.8222	93.57	0	288.15	1000
74-82-8	Methane  	5.2546E-07	0.59006	105.67	0	90.69	1000
67-56-1	Methanol  	3.0663E-07	0.69655	205	0	240	1000
79-16-3	N-Methyl acetamide  	8.0599E-08	0.8392	77.332	0	301.15	1000
79-20-9	Methyl acetate  	1.3226E-06	0.4885	504.3	0	250	800
74-99-7	Methyl acetylene  	1.163E-06	0.4787	316	0	170.45	800
96-33-3	Methyl acrylate  	1.648E-06	0.4444	510.66	0	196.32	1000
74-89-5	Methyl amine  	5.6409E-07	0.5863	231.9	0	179.69	1000
93-58-3	Methyl benzoate  	7.4106E-08	0.82436	83.086	0	260.75	1000
598-25-4	3-Methyl-1,2-butadiene  	4.0824E-07	0.5923	208.22	0	159.53	1000
78-78-4	2-Methylbutane  	2.4344E-08	0.97376	-91.597	18720	150	1000
116-53-0	2-Methylbutanoic acid  	1.869E-07	0.7096	192	0	450.15	1000
123-51-3	3-Methyl-1-butanol  	8.8783E-08	0.80279	77.075	0	155.95	1000
563-46-2	2-Methyl-1-butene  	5.0602E-07	0.55258	199.82	0	135.58	1000
513-35-9	2-Methyl-2-butene  	8.5423E-07	0.47389	239.34	0	139.39	1000
78-80-8	2-Methyl-1-butene-3-yne  	5.6844E-07	0.553	227.18	0	160.15	1000
628-28-4	Methylbutyl ether  	3.9342E-08	0.91086	0	0	157.48	1000
628-29-5	Methylbutyl sulfide  	4.995E-08	0.89479	44.662	0	175.3	1000
598-23-2	3-Methyl-1-butyne  	4.0748E-08	0.92709	0	0	183.45	1000
623-42-7	Methyl butyrate  	3.733E-07	0.6177	256.5	0	187.35	1000
993-00-0	Methylchlorosilane  	4.8806E-08	0.92549	0	0	139.05	1000
108-87-2	Methylcyclohexane  	6.5281E-07	0.5294	310.59	0	146.58	1000
590-67-0	1-Methylcyclohexanol  	8.5736E-08	0.80277	100.77	0	299.15	1000
7443-70-1	cis-2-Methylcyclohexanol  	2.4E-07	0.68	210	0	280.15	1000
7443-52-9	trans-2-Methylcyclohexanol 	2E-07	0.704	187	0	269.15	1000
96-37-7	Methylcyclopentane  	9.0798E-07	0.495	355.89	0	130.73	1000
693-89-0	1-Methylcyclopentene  	3.7026E-08	0.92849	0	0	146.62	1000
1120-62-3	3-Methylcyclopentene  	3.9771E-08	0.92242	0	0	115	1000
75-54-7	Methyldichlorosilane  	1.977E-07	0.7453	131.22	0	182.55	1000
540-67-0	Methylethyl ether  	2.6098E-07	0.68276	133.4	0	160	1000
78-93-3	Methylethyl ketone  	2.6552E-08	0.98316	0	0	186.48	1000
624-89-5	Methylethyl sulfide  	8.6219E-08	0.83591	72.564	0	167.23	1000
107-31-3	Methyl formate  	6.9755E-06	0.3154	1034.5	0	174.15	1000
625-44-5	Methylisobutyl ether  	1.5035E-07	0.7338	108.5	0	150	1000
108-10-1	Methylisobutyl ketone  	9.4257E-08	0.7845	90.183	0	189.15	1000
624-83-9	Methyl Isocyanate  	3.1573E-07	0.66404	173.59	0	256.15	1000
598-53-8	Methylisopropyl ether  	1.925E-07	0.7091	109	0	127.93	1000
563-80-4	Methylisopropyl ketone  	1.0826E-07	0.77382	93.349	0	180.15	1000
1551-21-9	Methylisopropyl sulfide  	8.6077E-08	0.81669	71.294	0	171.64	1000
74-93-1	Methyl mercaptan  	1.637E-07	0.76706	107.97	0	150.18	1000
80-62-6	Methyl methacrylate  	4.889E-07	0.6096	342.23	0	224.95	1000
3004-93-1	2-Methyloctanoic acid  	7.2131E-08	0.80319	99.437	0	240	1000
107-83-5	2-Methylpentane  	1.1164E-06	0.4537	374.74	0	119.55	1000
628-80-8	Methyl pentyl ether  	1.0546E-07	0.77106	93.745	0	176	1000
75-28-5	2-Methylpropane  	1.0871E-07	0.78135	70.639	0	150	1000
75-65-0	2-Methyl-2-propanol  	9.605E-07	0.4856	381	0	298.97	600
115-11-7	2-Methyl propene  	9.0981E-07	0.49288	260.08	0	132.81	1000
554-12-1	Methyl propionate  	3.5642E-07	0.6327	232.2	0	185.65	1000
557-17-5	Methylpropyl ether  	4.4941E-08	0.90199	0	0	133.97	1000
3877-15-4	 Methylpropyl sulfide  	5.8223E-08	0.88057	48.298	0	160.17	1000
992-94-9	 Methylsilane  	3.8926E-07	0.63159	169.45	0	116.34	1000
98-83-9	 alpha-Methyl styrene  	7.1455E-07	0.49832	303.31	0	249.95	1000
1634-04-4	 Methyl tert-butyl ether  	1.571E-07	0.733	111.578	0	164.55	1000
107-25-5	 Methyl vinyl ether  	7.646E-07	0.5476	284	0	278.65	1000
91-20-3	 Naphthalene  	6.4318E-07	0.5389	400.16	0	353.43	1000
7440-01-9	 Neon  	7.19E-07	0.6659	5.3	0	30	3273.1
79-24-3	 Nitroethane  	2.4391E-07	0.702	280	0	183.63	1000
7727-37-9	 Nitrogen  	6.5592E-07	0.6081	54.714	0	63.15	1970
7783-54-2	 Nitrogen trifluoride  	8.2005E-07	0.61423	114.58	0	66.46	1000
75-52-5	 Nitromethane  	4.07E-07	0.6485	367.5	0	244.6	1000
10024-97-2	 Nitrous oxide  	2.115E-06	0.4642	305.7	0	182.3	1000
10102-43-9	 Nitric oxide  	1.467E-06	0.5123	125.4	0	110	1500
629-92-5	 Nonadecane  	3.0465E-07	0.62218	705.34	0	305.04	1000
124-19-6	 Nonanal  	7.1902E-08	0.8013	92.051	0	255.15	1000
111-84-2	 Nonane  	1.0344E-07	0.77301	220.47	0	219.66	1000
112-05-0	 Nonanoic acid  	7.0165E-08	0.8062	100.36	0	285.65	1000
143-08-8	 1-Nonanol  	1.2E-07	0.74	180	0	268.15	1000
628-99-9	 2-Nonanol  	7.0111E-08	0.80701	89.582	0	238.15	1000
124-11-8	 1-Nonene  	6.6329E-08	0.82027	76.204	0	191.91	1000
1455-21-6	 Nonyl mercaptan  	3.8673E-08	0.91142	50.646	0	253.05	1000
3452-09-3	 1-Nonyne  	6.1447E-07	0.50705	287.19	0	223.15	1000
593-45-3	 Octadecane  	3.2095E-07	0.61839	709.09	0	301.31	1000
124-13-0	 Octanal  	1.0321E-07	0.7589	121.26	0	246	1000
111-65-9	 Octane  	3.1191E-08	0.92925	55.092	0	216.38	1000
124-07-2	 Octanoic acid  	7.9611E-08	0.7948	106.6	0	289.65	1000
111-87-5	 1-Octanol  	1.752E-07	0.6941	206.8	0	257.65	1000
123-96-6	 2-Octanol  	8.1701E-08	0.79241	97.709	0	241.55	1000
111-13-7	 2-Octanone  	8.0901E-08	0.79062	99.338	0	252.85	1000
106-68-3	 3-Octanone  	6.1515E-11	1.8808	0	0	255.55	1000
111-66-0	 1-Octene  	5.0324E-05	0.077611	3604.6	0	171.45	1000
111-88-6	 Octyl mercaptan  	3.3253E-08	0.9351	32.426	0	223.95	1000
629-05-0	 1-Octyne  	5.7084E-07	0.52446	271.76	0	193.55	1000
144-62-7	 Oxalic acid  	1.1453E-07	0.7968	126.34	0	462.65	1000
7782-44-7	 Oxygen  	1.101E-06	0.5634	96.3	0	54.35	1500
10028-15-6	 Ozone  	1.196E-07	0.84797	0	0	80.15	1000
629-62-9	 Pentadecane  	4.0828E-08	0.8766	212.68	0	283.07	1000
110-62-3	 Pentanal  	2.27E-07	0.6767	191.74	0	182	1000
109-66-0	 Pentane  	6.3412E-08	0.84758	41.718	0	143.42	1000
109-52-4	 Pentanoic acid  	9.4314E-08	0.7932	98.279	0	239.15	1000
71-41-0	 1-Pentanol  	1.8903E-07	0.7031	175.9	0	410.95	1000
6032-29-7	 2-Pentanol  	1.1749E-07	0.7649	103.78	0	200	1000
107-87-9	 2-Pentanone  	2.463E-07	0.6653	208.7	0	196.29	1000
96-22-0	 3-Pentanone  	1.164E-07	0.7615	107.94	0	234.18	1000
109-67-1	 1-Pentene  	1.6378E-06	0.44337	636.11	-26218	108.02	1000
2084-19-7	 2-Pentyl mercaptan  	8.8646E-08	0.81492	85.198	0	160.75	1000
110-66-7	 Pentyl mercaptan  	2.7467E-08	0.97555	0	0	197.45	1000
627-19-0	 1-Pentyne  	4.1022E-08	0.90585	0	0	167.45	1000
627-21-4	 2-Pentyne  	5.765E-07	0.53498	235.2	0	163.83	1000
85-01-8	 Phenanthrene  	4.3478E-07	0.5272	238.27	0	372.38	1000
108-95-2	 Phenol  	1.0094E-07	0.799	103.1	0	314.06	1000
103-71-9	 Phenyl isocyanate  	8.536E-08	0.80872	88.273	0	243.15	1000
85-44-9	 Phthalic anhydride  	4.3511E-08	0.908	102.73	0	404.15	1000
463-49-0	 Propadiene  	6.0758E-07	0.53845	173.45	0	136.87	1000
74-98-6	 Propane  	4.9054E-08	0.90125	0	0	85.47	1000
71-23-8	 1-Propanol  	7.942E-07	0.5491	415.8	0	200	1000
67-63-0	 2-Propanol  	1.2003E-06	0.494	479.78	0	187.35	1000
13511-13-2	 Propenylcyclohexene  	5.4749E-07	0.53893	283.52	0	199	1000
123-38-6	 Propionaldehyde  	1.7526E-07	0.72691	119.93	0	170	1000
79-09-4	 Propionic acid  	1.61E-07	0.7457	159.3	0	252.45	1000
107-12-0	 Propionitrile  	1.0111E-07	0.7821	89.5	0	180.26	1000
109-60-4	 Propyl acetate  	2.1372E-07	0.6894	178.57	0	178.15	1000
107-10-8	 Propyl amine  	1.62E-07	0.7285	117	0	188.36	1000
103-65-1	Propylbenzene  	3.0387E-07	0.61945	210.35	0	173.55	1000
115-07-1	Propylene  	7.3919E-07	0.5423	263.73	0	87.89	1000
110-74-7	Propyl formate  	6.0741E-07	0.5863	367.29	0	180.25	1000
75-33-2	2-Propyl mercaptan  	3.5532E-08	0.95654	0	0	142.61	1000
107-03-9	Propyl mercaptan  	7.9457E-08	0.84656	65.878	0	159.95	1000
57-55-6	1,2-Propylene glycol  	4.543E-08	0.9173	61	0	213.15	1000
106-51-4	Quinone  	1.1085E-07	0.8008	152.51	0	388.85	1000
7783-61-1	Silicon tetrafluoride  	2.1671E-07	0.76757	16.28	0	250	500
100-42-5	Styrene  	6.3863E-07	0.5254	295.1	0	242.54	1000
110-15-6	Succinic acid  	2.273E-07	0.6845	229.8	0	460.65	1000
7446-09-5	Sulfur dioxide  	6.863E-07	0.6112	217	0	197.67	1000
2551-62-4	Sulfur hexafluoride  	5.3986E-07	0.6349	34.5	19000	205.15	5000
7446-11-9	Sulfur trioxide  	3.9067E-06	0.3845	470.1	0	297.93	694.19
100-21-0	Terephthalic acid  	2.2452E-08	0.97631	0	0	700.15	1000
84-15-1	o-Terphenyl  	7.0859E-07	0.51971	652.24	0	329.35	1000
629-59-4	Tetradecane  	5.1567E-09	1.1561	0	0	279.01	1000
109-99-9	Tetrahydrofuran  	3.778E-07	0.6533	271.01	0	164.65	1000
119-64-2	1,2,3,4-Tetrahydronaphthalene 	5.0784E-07	0.5614	328.55	0	237.38	1000
110-01-0	Tetrahydrothiophene  	8.5988E-08	0.82841	68.172	0	176.99	1000
594-82-1	2,2,3,3-Tetramethylbutane  	8.1458E-07	0.50257	380.29	0	373.96	1000
110-02-1	Thiophene  	1.03E-06	0.5497	569.4	0	234.94	1000
108-88-3	Toluene  	8.7268E-07	0.49397	323.79	0	178.18	1000
79-00-5	1,1,2-Trichloroethane  	2.7081E-07	0.6955	187.93	0	236.5	1000
629-50-5	Tridecane  	3.5585E-08	0.8987	165.3	0	267.76	1000
121-44-8	Triethyl amine  	2.411E-07	0.6845	223	0	158.45	1000
75-50-3	Trimethyl amine  	1.2434E-06	0.4832	447.7	0	156.08	1000
526-73-8	1,2,3-Trimethylbenzene  	7.8498E-07	0.49855	362.79	0	247.79	1000
95-63-6	1,2,4-Trimethylbenzene  	6.8812E-07	0.51063	330.88	0	229.33	1000
540-84-1	2,2,4-Trimethylpentane  	1.107E-07	0.746	72.4	0	165.78	1000
560-21-4	2,3,3-Trimethylpentane  	8.2418E-07	0.4931	371.44	0	387.91	1000
99-35-4	1,3,5-Trinitrobenzene  	3.4066E-08	0.95252	43.528	0	398.4	1000
118-96-7	2,4,6-Trinitrotoluene  	2.8471E-08	0.96571	30.83	0	354	1000
1120-21-4	Undecane  	3.594E-08	0.9052	125	0	247.57	1000
112-42-5	1-Undecanol  	5.9537E-08	0.81842	90.245	0	288.45	1000
108-05-4	Vinyl acetate  	1.388E-07	0.7599	98	0	180.35	1000
689-97-4	Vinyl acetylene  	6.7484E-07	0.5304	230.17	0	173.15	1000
75-01-4	Vinyl chloride  	2.379E-07	0.71517	102.84	0	119.36	1000
75-94-5	Vinyl trichlorosilane  	3.6429E-08	0.95924	0	0	178.35	1000
7732-18-5	Water  	1.7096E-08	1.1146	0	0	273.16	1073.15
108-38-3	m-Xylene  	6.8293E-07	0.52199	324.17	0	225.3	1000
95-47-6	o-Xylene  	8.3436E-07	0.49713	365.86	0	247.98	1000
106-42-3	p-Xylene  	9.3485E-07	0.47683	371.96	0	286.41	1000
