CAS	Chemical	Tc	Tc_error	Pc	Pc_error	Vc	Vc_error
75-07-0	Acetaldehyde	462	8	7500000	1000000	0.000154	0.000005
64-19-7	Acetic acid	593	2	5790000	30000	0.000171	0.000002
108-24-7	Acetic anhydride	606	1	4000000	80000	0.000294	0.000012
67-64-1	Acetone	508.1	0.2	4700000	100000	0.000221	0.00002
75-05-8	Acetonitrile	545.47	0.07	4880000	50000	0.000173	0.000059
98-86-2	Acetophenone	709.5	0.7	4010000	50000	0.000373	0.00004
74-86-2	Acetylene	308.4	0.4	6240000	40000	0.000119	0.000011
107-13-1	Acrylonitrile	540	2	4600000	100000	0.000211	0.00001
463-49-0	Allene	394	4	6500000	700000	0.000167	0.000008
107-18-6	Allyl alcohol	539.8	0.6	5760000	40000	0.000222	0.000009
107-11-9	Allylamine	540	0.7	4830000	30000	0.000217	0.000011
557-31-3	Allyl ethyl ether	518	10			0.00032	0.00001
90-41-5	2-Aminobiphenyl	838	2	3520000	30000	0.000548	0.000099
929-06-6	2-(2-Aminoethoxy)ethanol	721	4	4880000	100000	0.000333	0.000019
111-41-1	N-(2-Aminoethyl)ethanolamine	739	2	4530000	90000	0.00034	0.000017
62-53-3	Aniline	704	7	5300000	100000	0.000291	0.000003
100-66-3	Anisole	646.1	0.2	4200000	100000	0.000355	0.000012
71-43-2	Benzene	562	0.1	4900000	20000	0.000257	0.000011
103-82-2	Benzeneacetic acid	766	8	3900000	300000	0.000372	0.000016
1821-12-1	Benzenebutanoic acid	783	8	3200000	200000	0.000493	0.000018
3360-41-6	Benzenebutanol	746	14	3100000	200000	0.000493	0.000019
60-12-8	Benzeneethanol	724	4	4000000	200000	0.00039	0.000015
40228-90-8	Benzeneheptanoic acid	798	8	2500000	300000	0.000662	0.000021
5581-75-9	Benzenehexanoic acid	794	8	2600000	300000	0.000611	0.00002
2270-20-4	Benzenepentanoic acid	790	8	3100000	200000	0.000526	0.000019
501-52-0	Benzenepropanoic acid	776	8	3500000	200000	0.00044	0.000017
122-97-4	Benzenepropanol	732	14	3400000	500000	0.00045	0.000014
100-47-0	Benzonitrile	691	9	4220000	40000	0.000348	0.000007
119-61-9	Benzophenone	830	2	3000000	100000	0.000568	0.000044
95-15-8	Benzo[b]thiophene	764	2	4680000	40000	0.000359	0.000059
100-51-6	Benzyl alcohol	715	3	4300000	200000	0.000333	0.000013
90-42-6	[1,1'-Bicyclohexyl]-2-one	787	70			0.000584	0.00002
1636-39-1	1,1'-Bicyclopentyl	690	2	3270000	30000	0.000497	0.000041
92-52-4	Biphenyl	773	5	3430000	60000	0.000481	0.000069
111-40-0	Bis(2-aminoethyl)amine	710	2	4430000	70000	0.00035	0.000021
267901-02-0	1,1-Bis(difluoromethoxy)-1,2,2,2-tetrafluoroethane	450	1	2400000	80000	0.00041	0.000004
1691-17-4	Bis(difluoromethyl) ether	420.2	0.1	4160000	60000	0.000223	0.000013
117-81-7	Bis(2-ethylhexyl) phthalate	835	9	1100000	200000	0.001495	0.000027
105-59-9	Bis(2-hydroxyethyl)methylamine	742	4	4200000	400000	0.000404	0.000017
333-36-8	Bis(2,2,2-trifluoroethyl) ether	476.31	0.09	2780000	50000	0.000365	0.000005
2117-28-4	Bis(trimethylsilyl)methane	573.9	0.3				
353-59-3	Bromochlorodifluoromethane	428	12	4310000	50000	0.000229	0.000016
1511-62-2	Bromodifluoromethane	412	0.3	5200000	100000	0.000173	0.000018
74-96-4	Bromoethane	503.9	0.4	6200000	100000	0.000214	0.00001
1072-85-1	1-Bromo-2-fluorobenzene	669.6	0.6	4300000	600000	0.000342	0.000018
1073-06-9	1-Bromo-3-fluorobenzene	652	0.4	4200000	600000	0.000337	0.000018
460-00-4	1-Bromo-4-fluorobenzene	654.8	0.4	4200000	200000	0.000338	0.000018
106-94-5	1-Bromopropane	536.9	0.1	4330000	60000	0.000271	0.000006
75-63-8	Bromotrifluoromethane	340.06	0.05	3960000	10000	0.000199	0.000006
392-83-6	1-Bromo-2-(trifluoromethyl)benzene	656.5	0.4	3300000	800000	0.000415	0.000024
401-78-5	1-Bromo-3-(trifluoromethyl)benzene	627.1	0.4	3200000	700000	0.000413	0.000024
402-43-7	1-Bromo-4-(trifluoromethyl)benzene	629.8	0.4	3200000	800000	0.000413	0.000024
106-99-0	1,3-Butadiene	425	1	4350000	70000	0.000221	0.000023
123-72-8	Butanal	537	2			0.000258	0.000009
106-97-8	Butane	425.2	0.1	3790000	10000	0.000257	0.000004
110-60-1	1,4-Butanediamine	651	7	4500000	500000	0.000317	0.000014
26171-83-5	1,2-Butanediol, (±)-	680	2	5400000	100000	0.000298	0.000012
107-88-0	1,3-Butanediol	679	17	4700000	100000	0.000302	0.000067
110-63-4	1,4-Butanediol	724	4	5500000	200000	0.000307	0.000014
109-74-0	Butanenitrile	585.4	0.07	3820000	50000	0.000265	0.000006
109-79-5	1-Butanethiol	570.1	0.6	4010000	20000	0.000324	0.000012
107-92-6	Butanoic acid	623	6	4000000	300000	0.000292	0.00001
71-36-3	1-Butanol	563	0.4	4430000	70000	0.00028	0.000014
78-92-2	2-Butanol	535	4	4200000	100000	0.000269	0.000004
78-93-3	2-Butanone	537	1	4180000	20000	0.000274	0.00003
106-98-9	1-Butene	419.3	0.1	4000000	50000	0.000236	0.000014
590-18-1	cis-2-Butene	435.7	0.2	4230000	20000	0.000235	0.000004
624-64-6	trans-2-Butene	428.6	0.1	4030000	20000	0.000238	0.000004
111-76-2	2-Butoxyethanol	633.9	1	3300000	100000	0.000424	0.000015
51422-54-9	1-tert-Butoxy-2-ethoxyethane	585	3	2500000	400000	0.000546	0.000014
112-07-2	2-Butoxyethyl acetate	640	2	2700000	200000	0.000551	0.000021
66728-50-5	1-tert-Butoxy-2-methoxyethane	574	1	2800000	700000	0.00048	0.000013
5131-66-8	1-Butoxy-2-propanol	625	1	2700000	100000	0.000479	0.00002
123-86-4	Butyl acetate	578	10	3160000	60000	0.000403	0.000006
105-46-4	sec-Butyl acetate	571.1	0.5	3010000	100000	0.000398	0.000014
540-88-5	tert-Butyl acetate	541	4	3000000	100000	0.000399	0.000007
141-32-2	Butyl acrylate	597.4	0.6	2760000	30000	0.000445	0.000007
109-73-9	Butylamine	531.9	0.2	4200000	40000	0.000291	0.000013
33966-50-6	sec-Butylamine	514.3	0.2	4000000	200000	0.000284	0.000011
75-64-9	tert-Butylamine	483.7	0.6	3850000	60000	0.000293	0.000023
104-51-8	Butylbenzene	660.5	0.1	2890000	30000	0.000498	0.000018
36383-15-0	sec-Butylbenzene, (±)-	652	1	2940000	30000	0.000488	0.000039
98-06-6	tert-Butylbenzene	648	1	3000000	30000	0.000474	0.00003
136-60-7	Butyl benzoate	725	14	2400000	300000	0.000594	0.00001
109-21-7	Butyl butanoate	612	3	2400000	200000	0.00055	0.000009
1678-93-9	Butylcyclohexane	653.1	0.4	2570000	70000	0.000547	0.000014
3178-22-1	tert-Butylcyclohexane	652	0.4	2820000	90000	0.000537	0.000015
637-92-3	tert-Butyl ethyl ether	509	2	3000000	200000	0.000394	0.000004
628-28-4	Butyl methyl ether	512.7	0.1	3370000	20000	0.00034	0.000002
590-01-2	Butyl propanoate	594	1	2800000	200000	0.000464	0.00001
4766-57-8	Butyl silicate	682	14				
111-34-2	Butyl vinyl ether	540	1	3120000	50000	0.000379	0.00001
96-48-0	γ-Butyrolactone	731	1	5000000	1000000	0.000246	0.000018
108-90-7	Chlorobenzene	632.4	0.1	4500000	100000		
109-69-3	1-Chlorobutane	539.2	0.6	4100000	200000	0.000303	0.000011
53178-20-4	2-Chlorobutane	518.6	0.6	3400000	200000	0.000307	0.000014
1435-44-5	1-Chloro-2,4-difluorobenzene	609.6	0.4	4000000	700000	0.000333	0.000016
2367-91-1	1-Chloro-2,5-difluorobenzene	612.5	0.4	4000000	700000	0.000333	0.000016
696-02-6	1-Chloro-3,4-difluorobenzene	609.2	0.4	4000000	600000	0.000333	0.000016
1435-43-4	1-Chloro-3,5-difluorobenzene	592	0.4	3900000	700000	0.000327	0.000016
75-68-3	1-Chloro-1,1-difluoroethane	410.31	0.05	4060000	30000	0.00023	0.000006
359-10-4	1-Chloro-2,2-difluoroethene	400.5	0.7	4540000	70000	0.000197	0.000006
75-45-6	Chlorodifluoromethane	369.3	0.05	4980000	10000	0.000165	0.000002
26675-46-7	2-Chloro-2-(difluoromethoxy)-1,1,1-trifluoroethane	467.8	0.6	3050000	30000	0.000316	0.000024
75-00-3	Chloroethane	460.3	0.4	5240000	40000	0.000198	0.000011
75-01-4	Chloroethene	425	5	5600000	30000	0.000171	0.000009
348-51-6	1-Chloro-2-fluorobenzene	633.8	0.4	4300000	600000	0.000319	0.000021
625-98-9	1-Chloro-3-fluorobenzene	615.9	0.4	4200000	600000	0.000324	0.000021
352-33-0	1-Chloro-4-fluorobenzene	620.1	0.4	4200000	400000	0.000322	0.000018
629-06-1	1-Chloroheptane	614	8	3100000	600000	0.000492	0.000014
544-10-5	1-Chlorohexane	599	3	3300000	300000	0.000422	0.000012
74-87-3	Chloromethane	416.24	0.04	6720000	30000	0.000136	0.000002
594-36-5	2-Chloro-2-methylbutane	509.1	0.6	3200000	500000	0.000397	0.000015
918-84-3	3-Chloro-3-methylpentane	528	3			0.000414	0.000014
507-20-0	2-Chloro-2-methylpropane	497.8	0.1	3700000	400000	0.000308	0.000013
111-85-3	1-Chlorooctane	643	2	2500000	400000	0.000543	0.000013
79-53-8	Chloropentafluoroacetone	410.6	0.1	2890000	10000	0.000277	0.000021
344-07-0	Chloropentafluorobenzene	570	1	3200000	200000	0.000367	0.000025
76-15-3	Chloropentafluoroethane	353	0.2	3141000	10000	0.000255	0.000004
543-59-9	1-Chloropentane	571.2	0.4	3300000	200000	0.000361	0.000012
540-54-5	1-Chloropropane	503.3	0.4	4560000	40000	0.000268	0.000024
75-29-6	2-Chloropropane	482.4	0.4	4250000	40000	0.000245	0.000016
2837-89-0	1-Chloro-1,2,2,2-tetrafluoroethane	395.43	0.06	3620000	10000	0.000244	0.000004
106-43-4	4-Chlorotoluene	615.9	0.5	2330000	90000	0.000377	0.000016
75-88-7	2-Chloro-1,1,1-trifluoroethane	425	0.2	4020000	20000	0.000232	0.000006
79-38-9	Chlorotrifluoroethene	380.1	0.1	3950000	30000	0.000214	0.000012
13838-16-9	2-Chloro-1,1,2-trifluoroethyl difluoromethyl ether	475	0.6	2980000	30000	0.000343	0.000025
75-72-9	Chlorotrifluoromethane	301.9	0.2	3890000	10000	0.0001803	0.000001
95-48-7	o-Cresol	697.6	0.2	4200000	200000	0.000336	0.000012
108-39-4	m-Cresol	705.8	0.4	4400000	200000	0.000337	0.000012
106-44-5	p-Cresol	704.6	0.3	4100000	200000	0.000349	0.000013
460-19-5	Cyanogen	397	3	6200000	400000	0.000149	0.000008
291-64-5	Cycloheptane	604.2	0.1	3850000	40000	0.000361	0.000012
110-82-7	Cyclohexane	553.4	0.3	4070000	10000	0.000307	0.000012
108-93-0	Cyclohexanol	647.1	0.3	4300000	100000	0.000334	0.000033
108-94-1	Cyclohexanone	665	1	4610000	90000	0.000354	0.000012
110-83-8	Cyclohexene	560.45	0.05	4430000	80000	0.00029	0.00002
108-91-8	Cyclohexylamine	626.8	0.9	3900000	600000	0.000349	0.000015
292-64-8	Cyclooctane	647.2	0.4	3550000	60000	0.000417	0.000028
287-92-3	Cyclopentane	511.7	0.2	4510000	70000	0.000264	0.00001
96-41-3	Cyclopentanol	619	1	4900000	100000	0.000288	0.000019
120-92-3	Cyclopentanone	624	2	4590000	50000	0.000276	0.000017
142-29-0	Cyclopentene	506.1	0.2	4780000	50000	0.000252	0.000016
75-19-4	Cyclopropane	398.2	0.4	5580000	20000	0.000164	0.000009
434-90-2	2,2',3,3',4,4',5,5',6,6'-Decafluoro-1,1'-biphenyl	640	4	2300000	300000	0.000641	0.00004
493-01-6	cis-Decahydronaphthalene	702	1	3200000	300000	0.000492	0.000019
493-02-7	trans-Decahydronaphthalene	687	1	3100000	100000	0.000499	0.000019
541-02-6	Decamethylcyclopentasiloxane	617.4	0.3	1040000	20000	0.001201	0.000008
112-31-2	Decanal	674	1	2600000	300000	0.000601	0.000014
124-18-5	Decane	618.1	0.9	2100000	30000	0.000621	0.000035
646-25-3	1,10-Decanediamine	736	8	2400000	300000	0.000654	0.000028
111-20-6	Decanedioic acid	845	13	2500000	100000	0.000724	0.000021
334-48-5	Decanoic acid	724	5			0.000638	0.000024
112-30-1	1-Decanol	690	10	2300000	100000	0.000624	0.000087
74742-10-2	2-Decanol	668.5	0.3	2300000	500000	0.000646	0.000013
1565-81-7	3-Decanol	666.1	0.3	2300000	300000	0.000643	0.000013
2051-31-2	4-Decanol	663.7	0.3	2300000	100000	0.000643	0.000013
5205-34-5	5-Decanol	663.2	0.4	2300000	400000	0.000646	0.000013
693-54-9	2-Decanone	671.8	0.5	2200000	300000	0.000625	0.000025
928-80-3	3-Decanone	668	1	2200000	200000	0.000628	0.000015
624-16-8	4-Decanone	662.9	0.5	2200000	200000	0.000636	0.000018
820-29-1	5-Decanone	661	0.4	2200000	200000	0.000628	0.000025
872-05-9	1-Decene	616	0.3	2160000	50000	0.000594	0.000003
104-72-3	Decylbenzene	752	8	1720000	100000	0.000879	0.000029
18845-54-0	Decyl silicate	849	16				
132-64-9	Dibenzofuran	824	2	3370000	30000	0.000494	0.000032
132-65-0	Dibenzothiophene	897	2	3900000	200000		
354-51-8	1,2-Dibromo-1-chloro-1,2,2-trifluoroethane	560.6	0.2	3610000	20000	0.000368	0.000004
335-48-8	1,4-Dibromooctafluorobutane	532	2	2400000	300000	0.000452	0.000029
111-92-2	Dibutylamine	607.5	0.2	3110000	30000	0.000532	0.000021
1012-72-2	1,4-Di-tert-butylbenzene	708	2	2230000	10000	0.000732	0.00007
142-96-1	Dibutyl ether	584.1	0.2	2400000	200000	0.000521	0.000012
84-74-2	Dibutyl phthalate	797	9	1600000	300000	0.000954	0.000018
541-73-1	m-Dichlorobenzene	685.7	0.4	4200000	200000	0.000366	0.000022
106-46-7	p-Dichlorobenzene	669	5	3540000	70000	0.000364	0.000022
1719-53-5	Dichlorodiethylsilane	595.7	0.6	3060000	30000	0.000455	0.000004
75-71-8	Dichlorodifluoromethane	384.9	0.2	4120000	10000	0.000218	0.000036
75-78-5	Dichlorodimethylsilane	520.3	0.6	3490000	30000	0.00035	0.000005
75-34-3	1,1-Dichloroethane	523.4	0.1	5100000	500000	0.000248	0.000012
107-06-2	1,2-Dichloroethane	561.5	0.4	5400000	100000	0.000225	0.000008
156-59-2	cis-1,2-Dichloroethene	535.8	0.4	5400000	300000	0.00022	0.000015
156-60-5	trans-1,2-Dichloroethene	515.5	0.2	5300000	200000	0.000216	0.000014
1717-00-6	1,1-Dichloro-1-fluoroethane	477.3	0.1	4200000	20000	0.0002537	0.0000006
75-43-4	Dichlorofluoromethane	451.6	0.4	5200000	10000	0.000196	0.000001
661-97-2	1,2-Dichloro-1,1,2,3,3,3-hexafluoropropane	451.8	0.1	2630000	70000	0.000365	0.000048
75-09-2	Dichloromethane	508	0.2	6350000	50000	0.000177	0.000013
26198-63-0	1,2-Dichloropropane, (±)-	578	2	4630000	60000	0.000292	0.000006
142-28-9	1,3-Dichloropropane	615	3	4700000	500000	0.000299	0.000016
374-07-2	1,1-Dichloro-1,2,2,2-tetrafluoroethane	418.6	0.8	3310000	30000	0.000294	0.000008
76-14-2	1,2-Dichloro-1,1,2,2-tetrafluoroethane	418.74	0.06	3250000	20000	0.000295	0.000003
354-23-4	1,2-Dichloro-1,1,2-trifluoroethane	461.6	0.1	3770000	80000	0.0002832	0.0000005
306-83-2	2,2-Dichloro-1,1,1-trifluoroethane	456.8	0.2	3670000	10000	0.000278	0.000002
84-77-5	Didecyl phthalate	870	10	940000	50000	0.001807	0.000027
105-57-7	1,1-Diethoxyethane	539.7	0.4	3220000	80000	0.000426	0.000012
629-14-1	1,2-Diethoxyethane	542	3	2140000	20000	0.000432	0.000011
462-95-3	Diethoxymethane	532	1	3400000	500000	0.00037	0.00001
109-89-7	Diethylamine	499.5	0.4	3750000	20000	0.000304	0.000032
105-05-5	p-Diethylbenzene	657.9	0.05	2800000	80000	0.000494	0.000012
111-46-6	Diethylene glycol	753	4	4800000	200000	0.000325	0.000019
112-36-7	Diethylene glycol diethyl ether	612	10	2400000	700000	0.000587	0.000018
111-96-6	Diethylene glycol dimethyl ether	617	4	3000000	600000	0.00045	0.000016
112-34-5	Diethylene glycol monobutyl ether	692	3	2800000	600000	0.000546	0.000026
124-17-4	Diethylene glycol monobutyl ether acetate	694	2	2150000	50000	0.000627	0.00002
111-90-0	Diethylene glycol monoethyl ether	670	4	3200000	100000	0.000427	0.000023
112-15-2	Diethylene glycol monoethyl ether acetate	670	12	2500000	60000	0.000524	0.000018
111-77-3	Diethylene glycol monomethyl ether	672	2	3700000	200000	0.000378	0.000025
6881-94-3	Diethylene glycol monopropyl ether	680	2	3050000	70000	0.000495	0.000018
60-29-7	Diethyl ether	466.8	0.3	3640000	10000	0.00028	0.000005
95-92-1	Diethyl oxalate	618	2	2140000	20000	0.000464	0.000037
84-66-2	Diethyl phthalate	776	9	2200000	200000	0.000687	0.000015
123-25-1	Diethyl succinate	663	30	2260000	20000	0.000567	0.000044
352-93-2	Diethyl sulfide	557.5	1	4000000	100000	0.000322	0.000008
367-11-3	o-Difluorobenzene	566	0.4	4280000	70000	0.00029	0.000021
372-18-9	m-Difluorobenzene	548.4	0.4	4200000	70000	0.000289	0.000021
540-36-3	p-Difluorobenzene	556.9	0.4	4280000	70000	0.000297	0.000022
75-37-6	1,1-Difluoroethane	386.4	0.1	4520000	10000	0.000178	0.000002
75-38-7	1,1-Difluoroethene	302.9	0.6	4480000	50000	0.000155	0.000004
176674-31-0	2,2-Difluoroethylbis(trifluoromethyl)amine	460.2	0.09	2640000	10000	0.000375	0.000001
75-10-5	Difluoromethane	351.28	0.03	5790000	10000	0.000121	0.000004
56860-81-2	3-Difluoromethoxy-1,1,1,2,2-pentafluoropropane	455.1	0.1	2770000	20000	0.000363	0.000001
1885-48-9	2-(Difluoromethoxy)-1,1,1-trifluoroethane	444.9	0.3	3430000	10000	0.000291	0.000019
452-76-6	2,4-Difluorotoluene	581.4	0.4	3700000	400000	0.00034	0.000021
452-67-5	2,5-Difluorotoluene	587.8	0.4	3800000	500000	0.000341	0.000021
443-84-5	2,6-Difluorotoluene	581.8	0.4	3700000	400000	0.000341	0.000021
2927-34-6	3,4-Difluorotoluene	598.5	0.5	3800000	600000	0.000342	0.000022
3648-21-3	Diheptyl phthalate	830	9	1240000	80000	0.001153	0.000022
84-75-3	Dihexyl phthalate	817	9	1300000	100000	0.001061	0.000022
110-87-2	3,4-Dihydro-2H-pyran	561	2	4630000	80000	0.000268	0.000034
110-96-3	Diisobutylamine	584.4	0.2	3200000	60000	0.000518	0.000022
108-18-9	Diisopropylamine	523.1	0.2	3020000	20000	0.000407	0.000018
100-18-5	1,4-Diisopropylbenzene	675	1	2300000	40000	0.00061	0.000065
108-20-3	Diisopropyl ether	500.2	0.7	2850000	40000	0.000386	0.000005
110-71-4	1,2-Dimethoxyethane	539	4	3910000	50000	0.000305	0.000009
109-87-5	Dimethoxymethane	488	11	4000000	200000	0.000259	0.00001
7778-85-0	1,2-Dimethoxypropane	543	1	3400000	600000	0.000356	0.000012
77-76-9	2,2-Dimethoxypropane	510	3			0.00036	0.000013
124-40-3	Dimethylamine	437.5	0.4	5340000	50000	0.000188	0.000013
121-69-7	N,N-Dimethylaniline	687.7	0.6	3630000	90000	0.000407	0.000015
75-83-2	2,2-Dimethylbutane	489.1	0.5	3100000	10000	0.000364	0.000001
79-29-8	2,3-Dimethylbutane	500.2	0.3	3130000	10000	0.000358	0.000001
75-97-8	3,3-Dimethyl-2-butanone	570.9	0.3	3670000	30000	0.000383	0.000006
563-78-0	2,3-Dimethyl-1-butene	497.7	0.9	3310000	10000	0.000346	0.000009
558-37-2	3,3-Dimethyl-1-butene	477.4	0.9	3180000	20000	0.000348	0.00001
563-79-1	2,3-Dimethyl-2-butene	521	0.9	3400000	100000	0.000344	0.000007
616-38-6	Dimethyl carbonate	557	1	4800000	200000		
638-04-0	cis-1,3-Dimethylcyclohexane	587.7	0.5	2880000	10000	0.000429	0.00001
624-29-3	cis-1,4-Dimethylcyclohexane	603.2	0.3	3440000	20000	0.000434	0.000007
2207-04-7	trans-1,4-Dimethylcyclohexane	588	2	3040000	10000	0.000439	0.000018
624-92-0	Dimethyl disulfide	608	4	5100000	100000	0.000266	0.000008
115-10-6	Dimethyl ether	400.1	0.8	5310000	30000	0.000171	0.000003
68-12-2	N,N-Dimethylformamide	649.6	0.8	4400000	100000	0.000262	0.000009
1119-40-0	Dimethyl glutarate	682	14	2800000	400000	0.000488	0.000014
1071-26-7	2,2-Dimethylheptane	576.7	0.5	2350000	70000	0.000546	0.000012
1732-08-7	Dimethyl heptanedioate	711	14	2400000	100000	0.000608	0.000014
590-73-8	2,2-Dimethylhexane	549.9	0.4	2530000	30000	0.000481	0.00001
584-94-1	2,3-Dimethylhexane	563.5	0.4	2630000	20000	0.000466	0.000016
589-43-5	2,4-Dimethylhexane	553	3	2550000	20000	0.00048	0.000039
592-13-2	2,5-Dimethylhexane	550	0.3	2490000	20000	0.000485	0.00002
563-16-6	3,3-Dimethylhexane	562	0.4	2650000	20000	0.00045	0.000017
583-48-2	3,4-Dimethylhexane	568.8	0.4	2690000	20000	0.000467	0.000021
627-93-0	Dimethyl 1,6-hexanedioate	692	14	2500000	500000	0.000561	0.000013
108-59-8	Dimethyl malonate	647	1	3500000	100000	0.000368	0.000013
582-16-1	2,7-Dimethylnaphthalene	775	2	3020000	30000	0.000515	0.000045
1732-09-8	Dimethyl octanedioate	723	14	2300000	300000	0.000672	0.000014
553-90-2	Dimethyl oxalate	632	14	4000000	300000	0.000315	0.000012
558-30-5	2,2-Dimethyloxirane	500	4	4400000	100000	0.000327	0.000031
590-35-2	2,2-Dimethylpentane	520.6	0.6	2770000	40000	0.000409	0.000012
565-59-3	2,3-Dimethylpentane	537.5	0.6	2920000	80000	0.000394	0.000023
108-08-7	2,4-Dimethylpentane	520	0.7	2740000	60000	0.000415	0.000019
562-49-2	3,3-Dimethylpentane	536.4	0.4	2940000	20000	0.000413	0.000024
3404-72-6	2,3-Dimethyl-1-pentene	534	4	2900000	800000	0.0004	0.000011
762-62-9	4,4-Dimethyl-1-pentene	516	4	2910000	10000	0.000406	0.000011
131-11-3	Dimethyl phthalate	772	9	2760000	80000	0.000557	0.000017
583-61-9	2,3-Dimethylpyridine	655.5	0.3	4030000	10000	0.000337	0.000028
108-47-4	2,4-Dimethylpyridine	647.1	0.9	3830000	20000	0.000363	0.000034
589-93-5	2,5-Dimethylpyridine	644.2	0.3	4110000	40000	0.000371	0.000045
108-48-5	2,6-Dimethylpyridine	623.8	0.2	3800000	40000	0.000353	0.000043
583-58-4	3,4-Dimethylpyridine	683.8	0.4	4060000	10000	0.000353	0.000013
591-22-0	3,5-Dimethylpyridine	667.3	0.3	3840000	20000	0.000369	0.000012
877-43-0	2,6-Dimethylquinoline	786	2	3270000	20000	0.000505	0.000024
106-79-6	Dimethyl sebacate	742	14	2100000	200000	0.000695	0.000014
106-65-0	Dimethyl succinate	662	14	3500000	200000	0.000426	0.000016
75-18-3	Dimethyl sulfide	503	0.3	5400000	60000	0.000201	0.000009
67-68-5	Dimethyl sulfoxide	707	1	4600000	700000	0.000228	0.000007
807-28-3	1,3-Dimethyl-1,1,3,3-tetraphenyldisiloxane	893	9	1380000	100000	0.0013	0.000089
702-79-4	1,3-Dimethyltricyclo[3.3.1.13,7]decane	708	2	2860000	10000	0.000595	0.000115
84-76-4	Dinonyl phthalate	858	9	1000000	300000	0.001652	0.000026
117-84-0	Dioctyl phthalate	840	9	1100000	100000	0.00151	0.000022
123-91-1	1,4-Dioxane	587.3	0.1	5200000	200000	0.000251	0.000005
131-18-0	Dipentyl phthalate	811	9			0.000957	0.000021
101-84-8	Diphenyl ether	766.9	0.8	3100000	40000	0.000526	0.000023
101-81-5	Diphenylmethane	776	9	3020000	70000		
142-84-7	Dipropylamine	555.8	0.1	3600000	100000	0.000414	0.000015
25265-71-8	Dipropylene glycol	705	4	3400000	100000	0.000444	0.000018
111-43-3	Dipropyl ether	531	2	2920000	50000	0.000402	0.000008
131-16-8	Dipropyl phthalate	784	9	1900000	100000	0.000816	0.00002
3648-20-2	Diundecyl phthalate	886	10	890000	100000	0.00159	0.000025
629-97-0	Docosane	786	6	1000000	100000	0.001434	0.00005
112-85-6	Docosanoic acid	837	8	1110000	80000	0.001485	0.000029
661-19-8	1-Docosanol	827	8			0.001243	0.00002
98057-27-3	1,2,2,3,3,4,4,5,5,6,6,7-Dodecafluoro-1-heptanol	589	5	2000000	200000	0.00062	0.000034
112-40-3	Dodecane	658.8	0.9	1800000	90000	0.000747	0.000018
2783-17-7	1,12-Dodecanediamine	767	8	2000000	300000	0.000765	0.000037
693-23-2	Dodecanedioic acid	859	13	2100000	200000	0.00073	0.000019
112-55-0	1-Dodecanethiol	734	4	1810000	100000	0.000726	0.000025
143-07-7	Dodecanoic acid	743	7	1900000	200000	0.000787	0.000019
112-53-8	1-Dodecanol	719.4	0.6	2020000	50000	0.000805	0.000015
6175-49-1	2-Dodecanone	702	4			0.000742	0.00002
1534-27-6	3-Dodecanone	701	2	1900000	200000	0.00068	0.000019
6137-26-4	4-Dodecanone	697	2	1900000	400000	0.000672	0.000019
19780-10-0	5-Dodecanone	695	5	1900000	400000	0.000678	0.000019
6064-27-3	6-Dodecanone	694	2	1900000	300000	0.000677	0.000019
112-41-4	1-Dodecene	657.6	0.6	1880000	10000	0.00071	0.000015
112-95-8	Eicosane	768	6	1080000	50000	0.001325	0.000048
506-30-9	Eicosanoic acid	820	8	1200000	100000	0.001346	0.000027
629-96-9	1-Eicosanol	808	8	1100000	200000	0.00113	0.000018
3452-07-1	1-Eicosene	772	15	1100000	300000	0.001213	0.000036
74-84-0	Ethane	305.36	0.04	4880000	10000	0.000146	0.000003
107-15-3	1,2-Ethanediamine	613.1	0.3	6710000	40000	0.000204	0.000013
107-21-1	1,2-Ethanediol	719	5	8100000	400000	0.00018	0.000011
542-10-9	1,1-Ethanediol, diacetate	618	4	2900000	100000	0.000457	0.000013
75-08-1	Ethanethiol	498.7	0.3	5530000	80000	0.000208	0.00001
64-17-5	Ethanol	515	1	6250000	40000	0.000169	0.000004
141-43-5	Ethanolamine	671	3	8000000	500000	0.000207	0.000013
103-73-1	Ethoxybenzene	647	2	3450000	50000	0.000407	0.000016
111-15-9	2-Ethoxyethyl acetate	609	2	3070000	30000	0.000443	0.000038
919-94-8	2-Ethoxy-2-methylbutane	546	2	2830000	90000	0.000448	0.000029
163702-05-4	1-Ethoxy-1,1,2,2,3,3,4,4,4-nonafluorobutane	482	0.1	1980000	10000	0.000518	0.000002
141-78-6	Ethyl acetate	523.27	0.07	3880000	20000	0.000288	0.000019
75-04-7	Ethylamine	456.5	0.9	5600000	100000	0.000183	0.000022
100-41-4	Ethylbenzene	617.1	0.1	3610000	10000	0.000365	0.000061
93-89-0	Ethyl benzoate	700	14	3010000	50000	0.00047	0.000012
105-54-4	Ethyl butanoate	566.1	0.1	3200000	300000	0.000421	0.00003
623-70-1	Ethyl trans-2-butenoate	599	10			0.000382	0.000007
1678-91-7	Ethylcyclohexane	606.9	0.4	3270000	40000	0.000431	0.000012
1640-89-7	Ethylcyclopentane	569.48	0.05	3400000	70000	0.000377	0.000003
3938-95-2	Ethyl 2,2-dimethylpropanoate	566	2	2880000	20000	0.000461	0.000008
74-85-1	Ethylene	282.35	0.03	5060000	10000	0.0001309	0.0000002
763-69-9	Ethyl 3-ethoxypropanoate	621	3	2700000	100000	0.000478	0.000019
109-94-4	Ethyl formate	508.5	0.5	4780000	30000		
106-30-9	Ethyl heptanoate	634	1	2300000	200000	0.000587	0.000008
619-99-8	3-Ethylhexane	565.5	0.4	2610000	20000	0.00045	0.000015
123-66-0	Ethyl hexanoate	615	1	2600000	200000	0.000528	0.000008
149-57-5	2-Ethylhexanoic acid	674	1	2750000	60000	0.000543	0.000008
104-76-7	2-Ethyl-1-hexanol	640.2	0.3	3000000	200000	0.000508	0.000029
103-09-3	2-Ethylhexyl acetate	642	2	2020000	10000	0.000644	0.00001
108-64-5	Ethyl 3-methylbutanoate	584	6			0.000463	0.000009
540-67-0	Ethyl methyl ether	437.8	0.2	4390000	60000	0.000219	0.000005
609-26-7	3-Ethyl-2-methylpentane	567.1	0.4	2700000	20000	0.000442	0.000022
1067-08-9	3-Ethyl-3-methylpentane	576.5	0.4	2770000	10000	0.000463	0.000013
97-62-1	Ethyl 2-methylpropanoate	554	4	3100000	300000	0.000421	0.000076
624-89-5	Ethyl methyl sulfide	533	10	4620000	30000	0.00026	0.000006
123-29-5	Ethyl nonanoate	664	1	2000000	400000	0.000715	0.000008
106-32-1	Ethyl octanoate	652	12			0.000657	0.000008
617-78-7	3-Ethylpentane	540.7	0.4	2900000	30000	0.000412	0.000014
539-82-2	Ethyl pentanoate	593	1	2800000	400000	0.000466	0.00001
90-00-6	2-Ethylphenol	703	1	3700000	300000	0.000388	0.000015
620-17-7	3-Ethylphenol	716	1	3800000	300000	0.000393	0.000015
123-07-9	4-Ethylphenol	716	1	3100000	600000	0.000395	0.000015
105-37-3	Ethyl propanoate	547	1	3370000	50000	0.000343	0.000023
628-32-0	Ethyl propyl ether	500.2	0.4	3370000	10000	0.000343	0.000044
78-10-4	Ethyl silicate	587	12	2000000	400000	0.0007013	0.0000002
625-60-5	S-Ethyl thioacetate	590.5	0.2	4100000	100000	0.00032	0.00001
622-96-8	4-Ethyltoluene	640.2	0.5	3230000	40000	0.000446	0.000012
109-92-2	Ethyl vinyl ether	475	2	4060000	40000	0.000262	0.000008
462-06-6	Fluorobenzene	560.1	0.07	4550000	10000	0.000272	0.000009
353-36-6	Fluoroethane	375.2	0.2	5020000	10000	0.000164	0.000003
593-53-3	Fluoromethane	317.42	0.01	5880000	10000	0.0001124	0.0000001
95-52-3	2-Fluorotoluene	591.2	0.4	3900000	300000	0.000323	0.000047
352-70-5	3-Fluorotoluene	591.8	0.4	3900000	300000	0.000332	0.000017
352-32-9	4-Fluorotoluene	592.1	0.8	3850000	10000	0.000332	0.000017
64-18-6	Formic acid	588	10			0.0001159	0.0000001
110-00-9	Furan	490.2	0.2	5430000	80000	0.000218	0.000003
56-81-5	Glycerol	850	9	7600000	800000	0.000251	0.000015
629-94-7	Heneicosane	778	8	1000000	100000	0.001366	0.000048
629-78-7	Heptadecane	736	1	1330000	70000	0.001081	0.000028
506-12-7	Heptadecanoic acid	792	8	1400000	100000	0.00113	0.000024
1454-85-9	1-Heptadecanol	780	8	1400000	100000	0.001097	0.000018
6765-39-5	1-Heptadecene	734	7	1340000	80000	0.001053	0.000035
34118-18-8	2,2,3,3,5,5,6-Heptafluoro-1,4-dioxane	453	1	2860000	60000	0.000359	0.000004
355-17-9	1,1,1,2,2,3,3-Heptafluoropentan-4-one	476.55	0.08	2570000	10000	0.0003942	0.0000007
431-89-0	1,1,1,2,3,3,3-Heptafluoropropane	375	0.1	2930000	10000	0.000299	0.000007
347148-74-7	1,1,1,2,4,4,4-Heptafluoro-2-trifluoromethoxybutane	447	1	2150000	60000	0.000465	0.000005
59426-77-6	1,1,1,2,2,3,3-Heptafluoro-3-(trifluoromethoxy)propane	391.7	0.7	1890000	50000	0.000431	0.000031
4390-04-9	2,2,4,4,6,8,8-Heptamethylnonane	692	4	1530000	10000	0.000957	0.000027
1873-88-7	1,1,1,3,5,5,5-Heptamethyltrisiloxane	553.4	0.6	1480000	20000	0.000828	0.000003
111-71-7	Heptanal	616.8	0.4	3200000	200000	0.000434	0.000007
123-82-0	2-Heptanamine	598	2	2900000	300000	0.000455	0.000018
142-82-5	Heptane	540.1	0.2	2740000	10000	0.000428	0.000015
111-16-0	Heptanedioic acid	842	13	3300000	200000	0.000463	0.000015
111-14-8	Heptanoic acid	678	2	3000000	300000	0.000476	0.000005
111-70-6	1-Heptanol	632.4	0.6	3100000	200000	0.00043	0.000009
52390-72-4	2-Heptanol, (±)-	608.4	0.6	3000000	100000	0.000442	0.000002
26549-25-7	3-Heptanol, (S)-	605.4	0.3	3100000	400000	0.000451	0.000003
589-55-9	4-Heptanol	602.6	0.3	3100000	600000	0.000455	0.000004
110-43-0	2-Heptanone	611.4	0.2	2980000	40000	0.000436	0.000004
106-35-4	3-Heptanone	606.6	0.2	3000000	100000	0.000433	0.000005
123-19-3	4-Heptanone	602	0.2	3000000	300000	0.000434	0.000005
592-76-7	1-Heptene	537.3	0.3	2850000	20000	0.000409	0.000002
6443-92-1	cis-2-Heptene	548.5	0.6	3000000	300000	0.00041	0.000007
14686-13-6	trans-2-Heptene	542.8	0.4	3000000	200000	0.00041	0.000007
14686-14-7	trans-3-Heptene	538.6	0.7	3000000	200000	0.000411	0.000007
1078-71-3	Heptylbenzene	708	7	2100000	200000	0.00068	0.000016
18759-42-7	Heptyl silicate	778	16				
630-01-3	Hexacosane	816	8	800000	200000	0.00174	0.000059
544-76-3	Hexadecane	722.2	0.8	1400000	200000	0.001009	0.000053
57-10-3	Hexadecanoic acid	785	8	1500000	200000	0.001059	0.000023
36653-82-4	1-Hexadecanol	770	8	1470000	100000	0.001019	0.000017
629-73-2	1-Hexadecene	718	7	1400000	200000	0.000986	0.000033
994-49-0	Hexaethyldisiloxane	692.9	0.1			0.000955	0.000002
1522-22-1	Hexafluoroacetylacetone	485.1	0.5	2900000	200000	0.000313	0.000049
392-56-3	Hexafluorobenzene	516.4	0.5	3280000	10000	0.000337	0.000004
21297-65-4	2,2,4,4,5,5-Hexafluoro-1,3-dioxolane	368.1	0.7	2720000	40000	0.000293	0.00003
76-16-4	Hexafluoroethane	292.9	0.2	3030000	10000	0.000223	0.000003
1000-28-8	1,1,1,2,3,3-Hexafluoro-3-(2,2,3,3,3-pentafluoropropoxy)propane	486.48	0.07	1950000	10000	0.000529	0.000002
431-63-0	1,1,1,2,3,3-Hexafluoropropane	412.4	0.06	3420000	10000	0.00027	0.000005
690-39-1	1,1,1,3,3,3-Hexafluoropropane	398.07	0.06	3180000	10000	0.000262	0.000018
65064-78-0	1,1,1,2,3,3-Hexafluoro-3-(2,2,3,3-tetrafluoropropoxy)propane	516.2	0.3	2200000	200000	0.000543	0.000034
993-95-3	1,1,1,2,3,3-Hexafluoro-3-(2,2,2-trifluoroethoxy)propane	475.74	0.09	2230000	20000	0.000455	0.000002
66670-22-2	1,1,1,3,3,3-Hexafluoro-2-trifluoromethyl-2-methoxypropane	463	1	2370000	70000	0.000448	0.000005
87-85-4	Hexamethylbenzene	758	2	2600000	400000	0.000581	0.000015
3555-47-3	1,1,1,5,5,5-Hexamethyl-3,3-bis[(trimethylsilyl)oxy]trisiloxane	622.6	0.2	1030000	20000	0.001323	0.00009
107-46-0	Hexamethyldisiloxane	518.7	0.6	1950000	20000	0.000629	0.000015
111-01-3	2,6,10,15,19,23-Hexamethyltetracosane	796	2	600000	40000	0.00206	0.00007
66-25-1	Hexanal	592	3	3400000	200000	0.000378	0.000007
110-54-3	Hexane	507.5	0.1	3030000	10000	0.000366	0.0000008
124-09-4	1,6-Hexanediamine	685	7	3600000	500000	0.000446	0.000017
124-04-9	1,6-Hexanedioic acid	841	13	3800000	300000	0.000449	0.000017
629-11-8	1,6-Hexanediol	741	10	4100000	100000	0.000404	0.000013
628-73-9	Hexanenitrile	633.8	0.2	2990000	60000	0.000378	0.000008
142-62-1	Hexanoic acid	661	7			0.000413	0.000015
111-27-3	1-Hexanol	611	0.4	3400000	90000	0.000381	0.00003
20281-86-1	2-Hexanol	585.9	0.5	3300000	300000	0.000406	0.000008
17015-11-1	3-Hexanol	582.4	0.4	3300000	100000	0.000378	0.000014
591-78-6	2-Hexanone	586.7	0.5	3310000	40000	0.000377	0.000004
589-38-8	3-Hexanone	583.1	0.5	3320000	10000	0.000378	0.000004
630-06-8	Hexatriacontane	872	9	470000	70000	0.002711	0.000002
592-41-6	1-Hexene	504.1	0.9	3200000	30000	0.000381	0.000009
7688-21-3	cis-2-Hexene	513.4	0.9	3340000	60000	0.000347	0.000007
4050-45-7	trans-2-Hexene	509	0.7	3160000	10000	0.000353	0.000007
7642-09-3	cis-3-Hexene	510	1	3290000	10000	0.000351	0.000007
13269-52-8	trans-3-Hexene	507	2	3180000	10000	0.000352	0.000007
109-49-9	5-Hexen-2-one	593.5	0.6	3510000	40000	0.000359	0.00001
142-92-7	Hexyl acetate	618	1	2500000	100000	0.000526	0.000008
111-26-2	Hexylamine	592.3	0.7	3400000	300000	0.000402	0.000015
1077-16-3	Hexylbenzene	695	7	2400000	200000	0.00062	0.000014
6789-88-4	Hexyl benzoate	748	14	2000000	300000	0.000658	0.000014
7425-86-7	Hexyl silicate	757	16				
496-11-7	Indan	684.8	0.4	3950000	30000	0.000385	0.000022
78-84-2	Isobutanal	543.6	0.6	5120000	80000	0.000283	0.00001
75-28-5	Isobutane	407.84	0.07	3640000	20000	0.000256	0.000007
115-11-7	Isobutene	418	0.3	4000000	40000	0.00024	0.000003
110-19-0	Isobutyl acetate	562	2	2970000	60000	0.000369	0.000037
538-93-2	Isobutylbenzene	650	3	3000000	200000	0.000493	0.000015
539-90-2	Isobutyl butanoate	611	6	2500000	300000	0.000524	0.000009
1678-98-4	Isobutylcyclohexane	642.1	0.6	2610000	70000	0.00055	0.000014
542-55-2	Isobutyl formate	551	4	3900000	400000	0.000359	0.000025
97-85-8	Isobutyl isobutanoate	602	6			0.00053	0.000009
589-59-3	Isobutyl 3-methylbutanoate	621	6			0.000581	0.000009
540-42-1	Isobutyl propanoate	586	8			0.000462	0.000009
78-78-4	Isopentane	460.37	0.09	3350000	60000	0.000313	0.000017
123-92-2	Isopentyl acetate	586.1	0.4	2760000	70000	0.000464	0.000009
106-27-4	Isopentyl butanoate	619	6			0.000595	0.00001
110-46-3	Isopentyl nitrite	626	16	5070000	40000	0.0003862	0.0000001
105-68-0	Isopentyl propanoate	611	6			0.000523	0.000009
108-21-4	Isopropyl acetate	531.1	0.6	3310000	40000	0.000343	0.000004
75-31-0	Isopropylamine	472.2	0.9	4550000	70000	0.000231	0.000005
98-82-8	Isopropylbenzene	631	1	3200000	100000	0.000423	0.000005
696-29-7	Isopropylcyclohexane	632.2	0.4	3100000	200000	0.000484	0.000014
625-55-8	Isopropyl formate	534.6	0.5	3950000	30000	0.000294	0.000011
99-87-6	1-Isopropyl-4-methylbenzene	654	8	2800000	100000	0.000495	0.000016
15356-60-2	2-Isopropyl-5-methylcyclohexanol, [1S-(1α,2β,5α)]-	694	5	2700000	600000	0.000539	0.000014
598-53-8	Isopropyl methyl ether	464.4	0.2	3760000	10000	0.000287	0.000011
119-65-3	Isoquinoline	803	8	5070000	30000	0.00038	0.000017
5989-27-5	d-Limonene	653	2	2810000	20000	0.000498	0.000011
141-79-7	Mesityl oxide	605	2	3850000	20000	0.000353	0.000027
74-82-8	Methane	190.56	0.02	4600000	10000	0.000099	0.000003
558-20-3	Methane-d4	189.2	0.6			0.000098	0.000003
74-93-1	Methanethiol	469.9	0.3	7240000	90000	0.000148	0.000004
67-56-1	Methanol	512.7	0.6	8010000	30000	0.000117	0.000004
6738-23-4	1-Methoxy-2,4-dimethylbenzene	682	4	3200000	700000	0.000451	0.000018
1706-11-2	2-Methoxy-1,4-dimethylbenzene	677	1	3200000	700000	0.000451	0.000015
109-86-4	2-Methoxyethanol	598	1	5280000	80000	0.000263	0.000006
110-49-6	2-Methoxyethyl acetate	603	3	3600000	500000	0.000368	0.000015
376-98-7	4-Methoxy-1,1,1,2,2,3,3-heptafluorobutane	481.5	0.2	2380000	10000	0.000431	0.000002
160620-20-2	1-Methoxy-1,1,2,2,3,3-hexafluoropropane	487	0.3	2900000	100000	0.00037	0.000025
994-05-8	2-Methoxy-2-methylbutane	536	2	3230000	90000	0.000372	0.000019
77527-96-9	5-Methoxy-1,1,2,2,3,3,4,4-octafluoropentane	546.1	0.3	2400000	70000	0.000493	0.00003
107-98-2	1-Methoxy-2-propanol	579.8	0.3	4110000	40000	0.000304	0.000012
116-11-0	2-Methoxy-1-propene	478.5	0.6	4200000	300000	0.000257	0.000013
79-20-9	Methyl acetate	506.7	0.4	4730000	70000	0.000227	0.000022
74-89-5	Methylamine	430.6	0.6	7610000	90000	0.000139	0.000001
95-53-4	2-Methylaniline	710	1	3600000	100000	0.000377	0.000052
108-44-1	3-Methylaniline	709	10	4600000	500000	0.000346	0.000017
106-49-0	4-Methylaniline	667	10	3300000	700000	0.000334	0.000016
100-61-8	N-Methylaniline	702	5	5200000	600000	0.000347	0.000016
578-58-5	2-Methylanisole	662	1	3600000	300000	0.000397	0.000018
100-84-5	3-Methylanisole	665	1	3600000	300000	0.000449	0.000022
104-93-8	4-Methylanisole	667	1	3600000	400000	0.000396	0.000015
98-85-1	α-Methylbenzenemethanol	699	5	3800000	700000	0.000399	0.000016
93-58-3	Methyl benzoate	702	1	3800000	100000	0.000408	0.000011
57456-98-1	2-Methylbutanal, (±)-	531.6	0.1	4040000	30000	0.000318	0.00001
623-42-7	Methyl butanoate	554.4	0.1	3490000	80000	0.000341	0.00002
503-74-2	3-Methylbutanoic acid	629	1	3400000	200000	0.000355	0.00001
34713-94-5	2-Methyl-1-butanol, (±)-	575.4	0.5	3900000	100000	0.000342	0.000008
123-51-3	3-Methyl-1-butanol	579	2	3900000	300000	0.000335	0.000007
75-85-4	2-Methyl-2-butanol	544	1	3710000	50000	0.000326	0.000009
70116-68-6	3-Methyl-2-butanol, (±)-	556.1	0.5	3900000	400000	0.000336	0.000009
563-80-4	3-Methyl-2-butanone	553.1	0.3	3830000	100000	0.000321	0.000033
563-45-1	3-Methyl-1-butene	452.7	0.5	3510000	40000	0.000305	0.000008
513-35-9	2-Methyl-2-butene	470	1	3400000	100000	0.000299	0.000007
1634-04-4	Methyl tert-butyl ether	497	0.6	3410000	50000	0.000335	0.00001
108-87-2	Methylcyclohexane	572.3	0.2	3480000	90000	0.000368	0.000003
96-37-7	Methylcyclopentane	532.78	0.05	3790000	50000	0.000322	0.000002
1120-72-5	2-Methylcyclopentanone	631	2	4000000	600000	0.000328	0.000017
609-72-3	2-Methyl-N,N-dimethylaniline	668	0.7	3120000	80000	0.000466	0.000015
111-82-0	Methyl dodecanoate	712	5	1400000	400000	0.000842	0.000009
25566-92-1	1,1'-Methylenebis[(1-methylethyl)benzene]	795	8	1600000	100000	0.000871	0.00003
107-31-3	Methyl formate	487.16	0.1	6010000	10000	0.000172	0.000006
534-22-5	2-Methylfuran	528	3	4770000	80000	0.000252	0.000003
592-27-8	2-Methylheptane	559.6	0.1	2500000	20000	0.000487	0.000012
589-81-1	3-Methylheptane	563.7	0.4	2540000	20000	0.000463	0.000012
589-53-7	4-Methylheptane	561.7	0.4	2540000	20000	0.00048	0.000014
106-73-0	Methyl heptanoate	628	2	2600000	400000	0.000521	0.000008
14979-39-6	4-Methyl-3-heptanol	623.5	0.7	2800000	400000	0.000505	0.000013
18720-65-5	5-Methyl-3-heptanol	621.2	0.3	2800000	300000	0.000493	0.000013
13019-20-0	2-Methyl-3-heptanone	615	1	2700000	300000	0.000487	0.000011
541-85-5	5-Methyl-3-heptanone	619	4	2700000	700000	0.000484	0.000011
15870-10-7	2-Methyl-1-heptene	567.5	0.9	2600000	200000	0.000466	0.00001
627-97-4	2-Methyl-2-heptene	569	1	2600000	400000	0.000465	0.000011
591-76-4	2-Methylhexane	530.4	0.1	2730000	30000	0.00042	0.000015
78918-91-9	3-Methylhexane	535.4	0.5	2820000	60000	0.000405	0.000019
110-12-3	5-Methyl-2-hexanone	604	1	2900000	300000	0.000434	0.000013
7379-12-6	2-Methyl-3-hexanone	593	1	2900000	400000	0.000428	0.000013
6094-02-6	2-Methyl-1-hexene	542	1	2900000	300000	0.000407	0.000008
3524-73-0	5-Methyl-1-hexene	528.7	0.4	2900000	200000	0.00041	0.000009
35161-70-7	N-Methylhexylamine	592	1	2800000	800000	0.000458	0.00002
547-63-7	Methyl isobutanoate	540.7	0.5	3430000	10000	0.000341	0.000042
80-62-6	Methyl methacrylate	540.3	0.6	2970000	60000	0.00032	0.000006
90-12-0	1-Methylnaphthalene	771	5	3560000	70000	0.000479	0.000022
91-57-6	2-Methylnaphthalene	761	3	3370000	60000	0.000464	0.00002
3221-61-2	2-Methyloctane	582.8	0.2	2300000	20000	0.000547	0.000017
16033-71-9	Methyloxirane	488.11	0.08	5440000	20000		
22410-44-2	Methyl pentafluoroethyl ether	406.81	0.05	2890000	10000	0.000301	0.000005
107-83-5	2-Methylpentane	497.9	0.2	3030000	10000	0.000371	0.000002
96-14-0	3-Methylpentane	504.6	0.2	3120000	10000	0.0003687	0.0000003
624-24-8	Methyl pentanoate	588.9	0.3	3200000	50000	0.000398	0.000006
105-30-6	2-Methyl-1-pentanol	604.4	0.5	3400000	200000	0.00041	0.000008
626-89-1	4-Methyl-1-pentanol	603.5	0.7	3400000	400000	0.000406	0.000007
590-36-3	2-Methyl-2-pentanol	559.5	0.7	3600000	400000	0.00041	0.000011
108-11-2	4-Methyl-2-pentanol	574.4	0.5			0.000389	0.000009
565-67-3	2-Methyl-3-pentanol	576	1	3500000	100000	0.00038	0.000009
77-74-7	3-Methyl-3-pentanol	575.6	0.6	3500000	200000	0.000376	0.00001
108-10-1	4-Methyl-2-pentanone	575.4	1	3400000	100000	0.000378	0.000012
691-37-2	4-Methyl-1-pentene	493.1	0.5	3180000	70000		
625-27-4	2-Methyl-2-pentene	509.3	0.5	3260000	10000	0.000348	0.000007
691-38-3	4-Methyl-cis-2-pentene	496.3	0.7	3240000	10000	0.00035	0.000007
628-80-8	Methyl pentyl ether	546.5	0.2	3040000	100000	0.000395	0.000014
2163-42-0	2-Methyl-1,3-propanediol	708	2	5400000	400000	0.0003	0.000012
554-12-1	Methyl propanoate	530.57	0.1	4000000	200000		
79-31-2	2-Methylpropanoic acid	605	2	3700000	300000	0.000296	0.00001
78-83-1	2-Methyl-1-propanol	548	2	4300000	40000	0.000274	0.000017
75-65-0	2-Methyl-2-propanol	506.2	0.1	3980000	70000	0.000283	0.000004
557-17-5	Methyl propyl ether	476.2	0.2	3800000	10000	0.000281	0.000007
109-06-8	2-Methylpyridine	622	1	4620000	40000		
108-99-6	3-Methylpyridine	644.8	0.6	4630000	30000		
108-89-4	4-Methylpyridine	645.8	0.5	4680000	40000		
872-50-4	N-Methyl-2-pyrrolidinone	721.7	0.4	4500000	400000	0.00033	0.000012
91-63-4	2-Methylquinoline	778	2	3910000	20000	0.000447	0.000049
611-32-5	8-Methylquinoline	787	2	4220000	20000		
119-36-8	Methyl salicylate	709	30	4400000	700000	0.000436	0.000017
681-84-5	Methyl silicate	558	12	2800000	600000	0.000464	0.000022
96-47-9	2-Methyltetrahydrofuran	537	2	3740000	60000	0.000292	0.000004
100-68-5	(Methylthio)benzene	706	4	4100000	100000	0.000374	0.000013
421-14-7	Methyl trifluoromethyl ether	377.92	0.06	3640000	30000	0.000219	0.000002
17928-28-8	Methyltris(trimethylsiloxy)silane	597.4	0.2	1230000	20000	0.001089	0.000074
4394-85-8	4-Morpholinecarboxaldehyde	779	4	5000000	400000	0.000326	0.000014
91-20-3	Naphthalene	748.3	0.4	4060000	40000	0.000408	0.000021
463-82-1	Neopentane	433.71	0.01	3200000	10000	0.0003116	0.0000007
75-52-5	Nitromethane	588	3	6000000	200000	0.000175	0.000002
629-92-5	Nonadecane	756	5	1160000	70000	0.001216	0.000043
18435-45-5	1-Nonadecene	755	8	1200000	200000	0.001196	0.000036
678-18-2	1,1,1,2,2,3,3,4,4-Nonafluorohexan-5-one	498.97	0.08	2200000	20000	0.000504	0.000002
124-19-6	Nonanal	658	2	2700000	100000	0.000546	0.00001
111-84-2	Nonane	594.2	0.5	2290000	50000	0.000547	0.000023
646-24-2	1,9-Nonanediamine	726	7	2600000	300000	0.0006	0.000023
123-99-9	Nonanedioic acid	844	13	2700000	200000	0.000586	0.000017
112-05-0	Nonanoic acid	712	3			0.000592	0.000016
143-08-8	1-Nonanol	670.6	0.5	2540000	70000	0.000555	0.000075
74683-66-2	2-Nonanol, (±)-	649	1	2530000	100000	0.000575	0.000011
74742-08-8	3-Nonanol, (±)-	648	0.3	2500000	300000	0.000577	0.000012
52708-03-9	4-Nonanol	645.1	0.3	2500000	300000	0.000577	0.000012
821-55-6	2-Nonanone	652.1	0.7	2500000	100000	0.00056	0.000008
925-78-0	3-Nonanone	648	4	2400000	600000	0.00056	0.000007
4485-09-0	4-Nonanone	643.7	0.3	2400000	300000	0.00056	0.000007
502-56-7	5-Nonanone	641.4	0.3	2350000	20000	0.00056	0.000007
124-11-8	1-Nonene	594	1	2380000	10000	0.000529	0.000002
18817-76-0	Nonyl silicate	830	16				
630-02-4	Octacosane	824	8	800000	100000	0.001916	0.000065
593-45-3	Octadecane	748	1	1300000	100000	0.001167	0.000041
112-92-5	1-Octadecanol	790	8	1280000	100000	0.001157	0.000018
112-88-9	1-Octadecene	748	8	1300000	100000	0.001119	0.000034
662-35-1	1,1,1,2,2,3,3,4-Octafluorobutane	432	0.1	2800000	20000	0.00036	0.000022
1513-96-8	1,2,2,3,3,4,4,5-Octafluoro-1-pentanol	571	1	2900000	100000	0.00044	0.000024
773-14-8	Octafluorotetrahydrofuran	399.6	0.7	2680000	90000	0.00035	0.00003
556-67-2	Octamethylcyclotetrasiloxane	585.8	0.9	1330000	10000	0.001006	0.000067
107-51-7	Octamethyltrisiloxane	564.1	0.2	1420000	10000	0.000882	0.000016
124-13-0	Octanal	639.3	0.3	3000000	300000	0.000489	0.000007
111-65-9	Octane	568.7	0.1	2480000	10000	0.00049	0.000022
373-44-4	1,8-Octanediamine	712	7	2800000	300000	0.000547	0.00002
505-48-6	Octanedioic acid	843	13	3000000	200000	0.00052	0.000016
124-12-9	Octanenitrile	674.4	0.4	2850000	30000	0.000494	0.00001
124-07-2	Octanoic acid	694	1	2900000	300000	0.000522	0.000019
111-87-5	1-Octanol	651	2	2800000	70000	0.00049	0.000047
4128-31-8	2-Octanol	629.5	0.9	2750000	40000	0.000519	0.00001
589-98-0	3-Octanol	628.4	0.3	2800000	400000	0.000515	0.00001
74778-22-6	4-Octanol	625.1	0.3	2800000	300000	0.000516	0.00001
111-13-7	2-Octanone	632.7	0.2	2700000	500000	0.000497	0.000006
106-68-3	3-Octanone	627.7	0.2	2700000	300000	0.000497	0.000006
589-63-9	4-Octanone	623.8	0.2	2700000	300000	0.000497	0.000006
111-66-0	1-Octene	566.58	0.05	2680000	20000	0.000464	0.000002
13389-42-9	trans-2-Octene	569.8	0.4	2580000	90000	0.000471	0.000009
14850-23-8	trans-4-Octene	566	1	2550000	60000	0.000472	0.000009
111-86-4	Octylamine	641	1	2820000	30000	0.000494	0.000041
2189-60-8	Octylbenzene	725	7	2000000	200000	0.000746	0.000017
78-14-8	Octyl silicate	812	16				
288-42-6	Oxazole	551	4	6800000	200000	0.000185	0.000023
75-21-8	Oxirane	469	1	7200000	200000	0.000138	0.000004
123-63-7	Paraldehyde	563	10			0.00041	0.000015
135-48-8	Pentacene	1115	47			0.000806	0.000023
375-83-7	1H-Pentadecafluoroheptane	495.8	0.7	1700000	500000	0.000644	0.000038
629-62-9	Pentadecane	707	2	1540000	90000	0.000938	0.000036
1002-84-2	Pentadecanoic acid	777	8	1600000	200000	0.001002	0.000022
629-76-5	1-Pentadecanol	757	8	1600000	200000	0.000961	0.000016
13360-61-7	1-Pentadecene	705	7	1560000	50000	0.000933	0.00003
363-72-4	Pentafluorobenzene	530.93	0.05	3530000	10000	0.000322	0.000022
374-41-4	3,3,4,4,4-Pentafluorobutan-2-one	453	1	2900000	60000	0.000333	0.000004
354-33-6	Pentafluoroethane	339.2	0.2	3630000	10000	0.00021	0.000003
378-72-3	1,1,1,2,2-Pentafluoropentan-3-one	475.5	0.1	2640000	10000	0.000356	0.000001
1814-88-6	1,1,1,2,2-Pentafluoropropane	380.1	0.4	3140000	20000	0.000273	0.000003
460-73-1	1,1,1,3,3-Pentafluoropropane	427.2	0.07	3660000	20000	0.000262	0.000014
679-86-7	1,1,2,2,3-Pentafluoropropane	447.57	0.06	3960000	20000	0.000258	0.000013
50807-74-4	1,1,1,2,2-Pentafluoro-3-(1,1,2,2-tetrafluoroethoxy)propane	473	0.1	2240000	10000	0.000457	0.000002
665-16-7	Pentafluoro(trifluoromethoxy)ethane	356.8	0.1	2400000	500000	0.000319	0.000005
110-62-3	Pentanal	567	3	3100000	300000	0.000313	0.000011
109-66-0	Pentane	469.7	0.1	3370000	10000	0.00031	0.000001
110-94-1	Pentanedioic acid	840	13	4300000	500000	0.000343	0.000013
110-59-8	Pentanenitrile	610.3	0.2	3580000	50000	0.00032	0.000008
109-52-4	Pentanoic acid	639	2	3600000	100000	0.000347	0.000015
71-41-0	1-Pentanol	587.9	0.4	3900000	300000	0.000331	0.000009
6032-29-7	2-Pentanol	560.4	0.2	4200000	400000	0.00034	0.000003
584-02-1	3-Pentanol	559.6	0.3	4900000	900000	0.000325	0.000002
107-87-9	2-Pentanone	561	0.2	3700000	60000	0.000324	0.000004
96-22-0	3-Pentanone	561.4	0.2	3730000	70000	0.000319	0.000011
109-67-1	1-Pentene	464.74	0.05	3550000	20000	0.000301	0.0000001
627-20-3	cis-2-Pentene	474.9	0.4	3690000	20000	0.000301	0.000007
628-63-7	Pentyl acetate	600	2	2790000	30000		
538-68-1	Pentylbenzene	675	7	2600000	300000	0.000559	0.000012
2049-96-9	Pentyl benzoate	736	14	2200000	200000	0.000661	0.000014
638-49-3	Pentyl formate	576	4	3500000	800000	0.000453	0.000035
6382-12-3	Pentyl silicate	714	14				
684-16-2	Perfluoroacetone	357.2	0.1	2850000	10000	0.000329	0.000007
355-25-9	Perfluorobutane	386.3	0.2	2330000	20000	0.00038	0.000018
115-25-3	Perfluorocyclobutane	388.4	0.1	2780000	10000	0.000316	0.000008
355-68-0	Perfluorocyclohexane	457.1	0.5	2240000	30000	0.000424	0.000032
355-75-9	Perfluorocyclohexene	461.7	0.7	2600000	100000	0.000434	0.000028
307-45-9	Perfluorodecane	542.4	0.4	1450000	30000	0.000892	0.000007
53772-78-4	Perfluorodimethoxymethane	372.4	0.2	2340000	10000	0.00037	0.00003
354-96-1	Perfluoro-2,3-dimethylbutane	463	0.1	1950000	30000	0.000523	0.000018
22052-81-9	Perfluoroethyl ethyl ether	431.23	0.08	2530000	10000	0.000366	0.000003
156053-88-2	Perfluoroethyl 2,2,2-trifluoroethyl ether	421.68	0.08	2330000	10000	0.000409	0.000003
335-57-9	Perfluoroheptane	477	3	1630000	10000	0.000603	0.000014
355-63-5	Perfluoro-1-heptene	478.2	0.7	1700000	300000	0.000555	0.000034
355-42-0	Perfluorohexane	451	3	1880000	20000	0.000552	0.000077
355-37-3	1H-Perfluorohexane	471.8	0.7	2000000	300000	0.000504	0.000032
755-25-9	Perfluoro-1-hexene	454.3	0.7			0.000462	0.000031
354-92-7	Perfluoroisobutane	395.4	0.7			0.000396	0.000022
22052-84-2	Perfluoroisopropyl methyl ether	433.3	0.08	2550000	10000	0.000369	0.000003
355-02-2	Perfluoromethylcyclohexane	486.5	1	2020000	10000	0.000561	0.000004
1805-22-7	Perfluoromethylcyclopentane	451.43	0.05	2170000	10000	0.000419	0.000037
355-04-4	Perfluoro-2-methylpentane	454.6	0.2	1870000	20000	0.000585	0.00001
865-71-4	Perfluoro-3-methylpentane	450	1	1690000	10000	0.000511	0.000036
313-72-4	Perfluoronaphthalene	673	1	2900000	600000	0.000464	0.000029
375-96-2	Perfluorononane	524	0.1	1560000	40000	0.000846	0.000048
307-34-6	Perfluorooctane	502.3	0.1	1660000	20000	0.000738	0.000017
425-82-1	Perfluorooxetane	361.8	0.5	3100000	20000	0.000274	0.000024
678-26-2	Perfluoropentane	421.8	0.1	2040000	20000	0.000463	0.000007
375-61-1	1H-Perfluoropentane	443.9	0.7	2200000	300000	0.000413	0.000028
76-19-7	Perfluoropropane	345.03	0.08	2670000	10000	0.000301	0.000012
375-03-1	Perfluoropropyl methyl ether	437.7	0.1	2480000	10000	0.000382	0.000003
434-64-0	Perfluorotoluene	534.4	0.2	2700000	20000	0.000423	0.000026
2706-90-3	Perfluorovaleric acid	545.5	0.2	2100000	50000	0.000496	0.000029
108-95-2	Phenol	694.3	0.1	5500000	200000	0.000283	0.00001
122-79-2	Phenyl acetate	686	2	3600000	60000	0.000407	0.000012
103-71-9	Phenyl isocyanate	657	10	3600000	100000	0.000342	0.000015
7785-26-4	α-Pinene, (-)	644	2	3400000	200000	0.000472	0.00001
110-85-0	Piperazine	660	5	5400000	400000	0.000283	0.000016
110-89-4	Piperidine	594.14	0.05	4700000	100000	0.000294	0.00001
123-38-6	Propanal	503.7	0.8	5040000	30000	0.000218	0.000009
74-98-6	Propane	369.9	0.1	4250000	10000	0.000199	0.000006
109-76-2	1,3-Propanediamine	632	7	5700000	600000	0.000257	0.000013
57-55-6	1,2-Propanediol	676	1	5900000	200000	0.000237	0.00001
504-63-2	1,3-Propanediol	718	2	6700000	200000	0.000255	0.000012
107-12-0	Propanenitrile	561.3	0.2	4260000	70000	0.000211	0.000007
107-03-9	1-Propanethiol	536.6	0.6	4700000	100000	0.000286	0.000011
79-09-4	Propanoic acid	603	3	4500000	700000	0.000232	0.000012
71-23-8	1-Propanol	536.8	0.2	5100000	100000	0.00022	0.000022
67-63-0	2-Propanol	508.3	0.2	4700000	100000	0.000226	0.000001
115-07-1	Propene	364.9	0.5	4590000	20000	0.000184	0.000011
2807-30-9	2-Propoxyethanol	614.7	0.7	3650000	90000	0.000364	0.000013
1569-01-3	1-Propoxy-2-propanol	605	1	3100000	100000	0.000417	0.000016
109-60-4	Propyl acetate	549.69	0.08	3370000	70000	0.000346	0.000024
107-10-8	Propylamine	499.2	0.4	4770000	60000	0.00023	0.000012
103-65-1	Propylbenzene	638.3	0.1	3200000	20000	0.000441	0.000006
2315-68-6	Propyl benzoate	710	14	2600000	300000	0.00053	0.00001
105-66-8	Propyl butanoate	593	1	2720000	60000	0.000463	0.00001
1678-92-8	Propylcyclohexane	630.8	0.9	2870000	40000	0.000489	0.000013
108-32-7	Propylene carbonate	763	2	4100000	200000	0.0002565	0.0000005
57018-52-7	1,2-Propylene glycol 1-tert-butyl ether	601	4	2700000	100000	0.000468	0.000015
108-65-6	1,2-Propylene glycol monomethyl ether acetate	598	1	3100000	200000	0.000432	0.000016
110-74-7	Propyl formate	538.1	0.1	4070000	20000	0.000281	0.000031
644-49-5	Propyl isobutanoate	582	11			0.000463	0.000009
557-00-6	Propyl 3-methylbutanoate	609	6			0.000523	0.000009
106-36-5	Propyl propanoate	569	3	3100000	100000	0.000403	0.000006
682-01-9	Propyl silicate	649	12				
74-99-7	Propyne	402	2	5630000	60000	0.00016	0.00001
290-37-9	Pyrazine	627	1	6490000	30000	0.000225	0.000016
110-86-1	Pyridine	619	2	5630000	70000	0.000248	0.000012
109-97-7	Pyrrole	639.7	0.2	8000000	200000	0.000222	0.000015
123-75-1	Pyrrolidine	568.6	0.2	5690000	80000	0.000259	0.000003
91-22-5	Quinoline	782	3	4750000	100000	0.000382	0.000017
108-46-3	Resorcinol	836	10	6300000	300000	0.000292	0.00001
57-11-4	Stearic acid	803	8	1300000	200000	0.001251	0.000027
100-42-5	Styrene	635	2	3900000	200000	0.000357	0.000015
110-15-6	Succinic acid	851	20			0.000308	0.000021
84-15-1	o-Terphenyl	857	6	2900000	100000	0.000737	0.000037
92-06-8	m-Terphenyl	883	7	2200000	200000	0.000747	0.000037
92-94-4	p-Terphenyl	913	22	2500000	500000	0.000713	0.000037
56-23-5	Tetrachloromethane	556.5	0.3	4570000	70000	0.000276	0.000009
646-31-1	Tetracosane	800	5	900000	100000	0.001585	0.000055
107-50-6	Tetradecamethylcycloheptasiloxane	683.2	0.2	990000	20000	0.001634	0.00011
629-59-4	Tetradecane	693	1	1560000	80000	0.00087	0.000049
821-38-5	Tetradecanedioic acid			1900000	200000		
544-63-8	Tetradecanoic acid	763	8	1600000	200000	0.000921	0.00002
112-72-1	1-Tetradecanol	743	7	1700000	40000	0.000887	0.000015
2345-27-9	2-Tetradecanone	728	9			0.000896	0.000026
629-23-2	3-Tetradecanone	727	6			0.000896	0.000026
26496-20-8	4-Tetradecanone	725	6			0.0009	0.000027
6137-34-4	7-Tetradecanone	723	8			0.000904	0.000027
1120-36-1	1-Tetradecene	691	7	1580000	70000	0.000851	0.000024
112-60-7	Tetraethylene glycol	800	30	2800000	700000	0.000608	0.000031
631-36-7	Tetraethylsilane	606	2	2297000	10000	0.0005964	0.0000002
551-62-2	1,2,3,4-Tetrafluorobenzene	550.8	0.2	3791000	10000	0.000312	0.000022
2367-82-0	1,2,3,5-Tetrafluorobenzene	535.2	0.2	3750000	10000	0.000311	0.000022
327-54-8	1,2,4,5-Tetrafluorobenzene	543.3	0.2	3800000	10000	0.000309	0.000022
50807-77-7	1,1,2,2-Tetrafluoro-2-(2,2-difluoroethoxy)ethane	501.08	0.08	3090000	20000	0.000356	0.000001
811-97-2	1,1,1,2-Tetrafluoroethane	374.2	0.2	4060000	10000	0.0002	0.000002
359-35-3	1,1,2,2-Tetrafluoroethane	391.75	0.08	4610000	10000	0.000192	0.000001
116-14-3	Tetrafluoroethene	307	1	3940000	50000	0.000183	0.000003
57041-67-5	1,2,2,2-Tetrafluoroethyl difluoromethyl ether	428.95	0.08	3050000	10000	0.000315	0.000002
406-78-0	1,1,2,2-Tetrafluoroethyl 1,1,1-trifluoroethyl ether	463.89	0.07	2710000	10000	0.000373	0.000001
75-73-0	Tetrafluoromethane	227.54	0.03	3730000	30000	0.00014	0.000001
60598-17-6	1,1,2,2-Tetrafluoro-3-methoxypropane	505.4	0.1	3280000	10000	0.000331	0.000001
98057-26-2	1,2,2,3-Tetrafluoro-1-propanol	554	2	3300000	200000	0.00028	0.000015
16627-68-2	1,1,2,2-Tetrafluoro-3-(1,1,2,2-tetrafluoroethoxy)propane	510.07	0.08	2580000	10000	0.00044	0.000002
80553-01-1	3,4,4,4-Tetrafluoro-3-trifluoromethylbutan-2-one	468	1	2500000	60000	0.000409	0.000005
269716-57-6	4,4,5,5-Tetrafluoro-2-trifluoromethyl-1,3-dioxolane	435	1	2620000	70000	0.000376	0.000004
109-99-9	Tetrahydrofuran	540	1	5290000	60000	0.000223	0.000002
119-64-2	1,2,3,4-Tetrahydronaphthalene	720	1	3600000	100000	0.000431	0.00004
142-68-7	Tetrahydropyran	572	0.3	4800000	200000	0.000278	0.000018
110-01-0	Tetrahydrothiophene	632	0.2	5400000	600000	0.000276	0.000019
635-11-0	1,2,4,5-Tetraisopropylbenzene	703	1	1650000	20000	0.000983	0.000083
95-93-2	1,2,4,5-Tetramethylbenzene	676	2	2900000	300000	0.000489	0.000011
56-33-7	1,1,3,3-Tetramethyl-1,3-diphenyldisiloxane	750	8				
13475-81-5	2,2,3,3-Tetramethylhexane	623	0.5	2510000	60000	0.000574	0.000014
1071-81-4	2,2,5,5-Tetramethylhexane	581.4	0.5	2190000	10000	0.0006	0.000014
7154-79-2	2,2,3,3-Tetramethylpentane	607.5	0.5	2740000	30000	0.000514	0.000015
1186-53-4	2,2,3,4-Tetramethylpentane	592.6	0.5	2600000	30000	0.000517	0.000017
1070-87-7	2,2,4,4-Tetramethylpentane	574.6	0.5	2490000	10000	0.000532	0.000016
16747-38-9	2,3,3,4-Tetramethylpentane	607.5	0.5	2720000	40000	0.000517	0.000017
75-76-3	Tetramethylsilane	449	2	2820000	10000	0.000362	0.000007
594-27-4	Tetramethylstannane	521.77	0.05	2980000	10000		
1613-51-0	Thiacyclohexane	684	44	6500000	70000	0.000284	0.000011
371-78-8	Thiobis(trifluoromethane)	376.8	0.1	3200000	500000	0.000216	0.000019
110-02-1	Thiophene	579.4	0.2	5700000	200000	0.00023	0.000003
89-83-8	Thymol	698	10			0.000528	0.000021
108-88-3	Toluene	591.9	0.2	4130000	20000	0.000314	0.000007
638-68-6	Triacontane	843	8	600000	100000	0.002055	0.000069
75-25-2	Tribromomethane	682	1	5800000	200000	0.000261	0.000012
76-02-8	Trichloroacetyl chloride	604	2	4210000	30000	0.000331	0.000054
115-21-9	Trichloroethylsilane	559.9	0.6	3340000	40000	0.000403	0.000005
75-69-4	Trichlorofluoromethane	471.1	0.2	4400000	30000	0.000248	0.0000009
67-66-3	Trichloromethane	536	0.4	5500000	200000	0.000237	0.000007
75-79-6	Trichloromethylsilane	517.7	0.3	3520000	30000	0.000329	0.000009
319-88-0	1,3,5-Trichloro-2,4,6-trifluorobenzene	684.7	0.4	3300000	100000	0.000443	0.000027
76-13-1	1,1,2-Trichloro-1,2,2-trifluoroethane	487.4	0.2	3400000	20000	0.000325	0.000001
638-67-5	Tricosane	790	8	900000	100000	0.001527	0.000053
629-50-5	Tridecane	676	1	1680000	40000	0.000824	0.00003
112-70-9	1-Tridecanol	732	7	1800000	200000	0.000828	0.000014
593-08-8	2-Tridecanone	717	6	1800000	200000	0.00082	0.000024
1534-26-5	3-Tridecanone	716	5	1700000	500000	0.000823	0.000024
26215-90-7	4-Tridecanone	712	6	1700000	500000	0.000823	0.000024
30692-16-1	5-Tridecanone	710	8	1700000	500000	0.000826	0.000017
22026-12-6	6-Tridecanone	709	5	1700000	500000	0.000826	0.000024
462-18-0	7-Tridecanone	708	5	1700000	500000	0.00083	0.000024
2437-56-1	1-Tridecene	673	7	1740000	50000	0.00077	0.000017
123-02-4	Tridecylbenzene	790	8	1500000	100000	0.001079	0.000043
121-44-8	Triethylamine	535.6	0.3	3100000	300000	0.000392	0.000025
102-25-0	1,3,5-Triethylbenzene	679	2	2320000	10000	0.000624	0.00006
112-27-6	Triethylene glycol	775	30	3300000	200000	0.000454	0.000025
353-85-5	Trifluoroacetonitrile	311.1	0.4	3610000	40000	0.000202	0.000004
1489-53-8	1,2,3-Trifluorobenzene	560.3	0.4	4100000	400000	0.000296	0.00002
367-23-7	1,2,4-Trifluorobenzene	551.1	0.4	4100000	600000	0.000297	0.00002
372-38-3	1,3,5-Trifluorobenzene	530.9	0.4	3800000	200000	0.0003	0.00002
420-46-2	1,1,1-Trifluoroethane	345.89	0.07	3770000	10000	0.000195	0.000015
75-89-8	2,2,2-Trifluoroethanol	498.57	0.05	4810000	10000	0.000211	0.000012
460-43-5	2,2,2-Trifluoroethyl methyl ether	448.98	0.08	3510000	60000	0.000277	0.000003
2314-97-8	Trifluoroiodomethane	396.44	0.06	3950000	10000	0.000231	0.000003
75-46-7	Trifluoromethane	299	0.02	4820000	10000	0.000133	0.000001
3822-68-2	Trifluoromethyl difluoromethyl ether	354.49	0.06	3360000	20000	0.000226	0.00002
373-80-8	(Trifluoromethyl)sulfur pentafluoride	381.2	0.1	3400000	100000	0.000284	0.000004
2356-61-8	Trifluoromethyl 1,1,2,2-tetrafluoroethyl ether	387.8	0.5	2650000	10000	0.000341	0.000022
2356-62-9	Trifluoromethyl 1,2,2,2-tetrafluoroethyl ether	377.26	0.06	2620000	10000	0.000321	0.000002
677-21-4	3,3,3-Trifluoropropene	378.6	0.5	3610000	80000	0.000229	0.000014
75-50-3	Trimethylamine	433	0.6	4080000	40000	0.000254	0.000006
526-73-8	1,2,3-Trimethylbenzene	664.4	0.1	3450000	30000	0.000423	0.000011
95-63-6	1,2,4-Trimethylbenzene	649.1	0.1	3300000	100000	0.000436	0.000012
108-67-8	1,3,5-Trimethylbenzene	637.31	0.1	3130000	50000	0.000435	0.000012
13466-78-9	3,7,7-Trimethyl-bicyclo[4.1.0]hept-3-ene	658	2	2900000	500000	0.000487	0.00001
464-06-2	2,2,3-Trimethylbutane	531.3	0.5	2960000	30000	0.000401	0.000013
75-77-4	Trimethylchlorosilane	497.7	0.6	3200000	30000	0.000366	0.000006
1795-26-2	1α,3α,5β-1,3,5-Trimethylcyclohexane	602	2	2600000	300000	0.000494	0.000014
7154-80-5	3,3,5-Trimethylheptane	609.5	0.5	2320000	50000	0.000583	0.000018
3522-94-9	2,2,5-Trimethylhexane	570	2	2460000	30000	0.000547	0.000018
564-02-3	2,2,3-Trimethylpentane	563.5	0.4	2730000	20000	0.000442	0.000016
540-84-1	2,2,4-Trimethylpentane	543.9	0.4	2570000	20000	0.000475	0.00002
560-21-4	2,3,3-Trimethylpentane	573.5	0.4	2820000	30000	0.000454	0.000014
565-75-3	2,3,4-Trimethylpentane	566.4	0.4	2720000	20000	0.000462	0.000012
3424-57-5	cis-Tri(methylphenyl)trisiloxane	824	8				
546-45-2	2,4,6-Trimethyl-2,4,6-triphenylcyclotrisiloxane	839	8				
311-89-7	Tris(perfluorobutyl)amine	566	4	1240000	90000	0.001196	0.000066
308-24-7	Undecafluorocyclohexane	477.7	0.7				
1120-21-4	Undecane	638.8	0.2	2010000	30000	0.000683	0.00002
112-37-8	Undecanoic acid	728	7	2100000	200000	0.000741	0.00002
112-42-5	1-Undecanol	703	0.6	2150000	70000	0.000707	0.000012
112-12-9	2-Undecanone	688	2	2080000	10000	0.000692	0.00002
2216-87-7	3-Undecanone	685	2	2000000	400000	0.000692	0.00002
14476-37-0	4-Undecanone	681	2	2000000	200000	0.000692	0.00002
33083-83-9	5-Undecanone	679	2	2000000	200000	0.000692	0.00002
927-49-1	6-Undecanone	678	2	2020000	10000	0.000692	0.00002
6742-54-7	Undecylbenzene	763	8	1600000	100000	0.000946	0.000035
108-05-4	Vinyl acetate	519.2	0.2	4170000	30000	0.000269	0.000007
95-47-6	o-Xylene	630.26	0.1	3740000	10000	0.000372	0.00004
108-38-3	m-Xylene	616.9	0.3	3540000	10000	0.000377	0.000007
106-42-3	p-Xylene	616.17	0.09	3550000	20000	0.000372	0.000035
526-75-0	2,3-Xylenol	723	1	4100000	300000	0.000397	0.000015
105-67-9	2,4-Xylenol	708	1	3500000	300000	0.000389	0.000015
95-87-4	2,5-Xylenol	707	1	3900000	100000	0.000397	0.000015
576-26-1	2,6-Xylenol	701	1	3800000	100000	0.000396	0.000015
95-65-8	3,4-Xylenol	730	1	4900000	500000	0.000388	0.000015
108-68-9	3,5-Xylenol	716	1	3800000	200000	0.000396	0.000015
