	CASRN	Formula	MW	c_0	c_1	c_2	c_3	c_4	Min T	Max T	Max w	No of points in corr	v_1	v_2	v_3	v_4	v_5	v_6	Min T	Max T	Max w	No of points in corr	a1	a2	a3	a4	a5	a6	Min T	Max T	Max w	No of points in corr
Ammonium Sulfate	7783-20-2	(NH4)2SO4	132.14	618.24075073611	966.128116121243	0.602706202526747	0.0016279026793269	667.573420648081	15	55	0.429188916694159	142	11.9684222123058	2.60592145291167	1.90830128213142	0.00731291601229317	141.459340621835	6.77837848574609	15	60	0.462943071965628	148										
Aluminum Sulfate	10043-01-3	Al2(SO4)3	342.12	-0.0054335130421113	0.00615454451922733	-0.0281614954186176	0.00391344328446045	3645.62065396415	15	95	0.398	55	1.92954671033773	0.250848758825016	7.83644142309455	0.0166472424202068	0.71188145923483	1.11170801581781	25	35	0.033082128070206	14										
Aluminum Chloride	7784-13-6	AlCl3	133.34	-63.5506457736032	338.780498541295	0.162759786321933	0.0153181315946676	1539.83480739683	18	25	0.193556191391696	26	-8335.51710767231	4823.66130125047	18.2903961585597	0.00837125445019256	19265.1149459679	0.370581443374904	25	25	0.0361	5										
Barium Nitrate	10022-31-8	Ba(NO3)2	261.35	-0.00061901190058146	0.00210174347158361	0.421060992819162	0.00868484486995189	3761.83935169507	5	95	0.0838065090966561	50	19.3896191954612	1.55988541331322	1.99036621067722	0.0639877898997282	1.11116141147893	0.56974477907867	25	60	0.1716	15	-0.022465186450376	-0.0883957012138755	4.15892638977356	-20.6795844511141	-0.00150414133964355	-1.02017540208236	5	120	0.0472741708498325	96
Barium Chloride	10361-37-2	BaCl2	208.27	1.01598120285957	-1.4355654749112	-2123.85892558302	-34.1256525847995	4048.83006178205	15	140	0.252554520497042	207	2.97008260816371	1.0974757858487	4.03743774375156	0.0029789825572512	20.0688725216287	0.0972297850040888	10	70	0.330631440530406	172	-0.692187282230665	-0.0396454669039344	1.26353280021981	-0.00764758799883295	2.54815679895786	0.96079244056685	25	25	0.248236834216814	16
Calcium Acetate	62-54-4	Ca(CH3CO2)2	158.17	1544.12282073826	430.989302481924	0.20913858860637	0.000350015686001497	245.772513875381	15	45	0.0876594568114063	33	6.10285229275805	9.60000911318461	6.10284913185212	0.0104676592073593	1.51966098191095	0.366307338808215	15	45	0.0402975082397461	22	-9449.26290532067	0.0885200489569664	-8.88383930245691	-2.65726424161348	1.9265856723219	0.0645391322671107	36	36	0.15	3
Calcium Nitrate	10124-37-5	Ca(NO3)2	164.09	57.3363374529272	538.054269301373	1.00008670445074	0.00720231361346264	1438.41364559148	25	60	0.76815	130	101.794866062156	6.29908230542022	4.10191571923687	0.0114952275041964	3761.34449417404	16.0844077421866	-10	100	0.67728517834399	167										
Calcium Chloride	10043-52-4	CaCl2	110.99	-9.72893747074295	14.7005352975276	4.19033341468332	0.0397403624277021	2708.12778894614	15	126.7	0.5132	369	32.0143699446531	0.788104085857794	-1.14120453890547	0.00270010693201763	776516.746907194	5.83888130672249	0	100	0.5132	532	-1.3892271378464	-0.0142491341618564	0.578247429749066	-0.785339471977917	4.39895341629224	1.12685593623411	25	100	0.417752862868998	91
Calcium Sulfate	7778-18-9	CaSO4	136.14	-1.38417190570761	1074.7049263687	0.219888642311938	0.00351994723894431	1590.05921703206	25	25	0.00100301184316658	9											-50.9977719389815	-3.74835982490953	13.1959839180305	21.3930234549551	-0.0393946743998229	-0.684417687186387	25	25	0.000996367900876338	6
Cadmium Nitrate	10325-94-7	Cd(NO3)2	236.42	1.40493946422806	-2.78047881936076	-5.24442380577459	0.0192949004526846	-3041.2574988841	15	85	0.7	143	7.74839860973353	2.1518008881278	2.50492227091052	0.00961633374271088	0.86015287594315	-0.0682985742837552	15	55	0.541725860409697	84										
Cadmium Chloride	10108-64-2	CdCl2	183.32	-0.0908794708870627	0.291158627806589	7.38264547590445	-0.0318551117399901	-3477.51514637976	25	75	0.538332667079661	88	6.74229251640125	4.10787379231434	0.0434255754544385	-0.0388213646588509	-0.778084518144402	4.06621065258696	25	25	0.159312248229981	16	-1.61502749418709	-0.016462184605156	0.281888730677156	-2.84359276920495	0.710202296863761	0.284091164237935	5	120	0.154736727911085	216
Cadmium Sulfate	10124-36-4	CdSO4	208.4736	-0.000000104395288864156	0.0000000610698206597911	-0.0037605054671436	0.00410750244639144	5007.6914924463	25	75	0.29671	44	34.2681948150093	2.91924942374266	4.37503815639107	0.0123181370227207	-27.9663544974305	35.2846610531135	18	75	0.357412637716303	59										
Ethanol	64-17-5	CH3CH2OH	46.07	-1.24260570302948	4843.06732405122	7.08048956592199	0.020151921233815	551.64710131505	-5	50	1	200	-28.7553100541088	0.197233263179628	32.1657867808424	0.00716303530795519	16.4172050849441	-1.89088607889184	-5	50	1	120	-1352.26113895732	-0.0000297588891561443	0.00178473082314784	-0.000115266582266765	1356.66947312206	-0.00115423848218845	3	41	1	39
Carbon Dioxide	124-38-9	CO2	44.01	1252.24771139151	19.5448051568076	0.0148628039695428	0.0000676758135928262	274.541592403867	4.85	150	0.0720563805343731	28											0.277278994506359	-0.0777479198574673	3.83662975772113	3.08384463521161	-73.5992412595391	17.4168230273446	25	100.43	0.00850892681551558	12
Cobalt(II) Chloride	7646-79-9	CoCl2	129.85	-0.0000778318511745183	0.000188898371916264	0.46999504458942	0.0102958144895318	4151.2600912572	15	75	0.303219280772016	214	16.0802208520019	2.30424676918965	7.96244607216609	0.00416247294719464	48.8637772777003	-0.144340007004399	20	50	0.344516889020521	61	-50.9977719389815	-3.74835982490953	13.1959839180305	21.3930234549551	-1.26479121036572	-0.0840942718566367	25	25	0.0295967329301233	8
Cobalt(II) Sulfate	10124-43-3	CoSO4	154.9968	-41.4014977386996	1325.76452728304	0.0101213644748241	-0.000149150255753216	-301.893146975741	25	75	0.3305	37	26.3429173996073	2.69951565364143	5.1900552489495	0.0129263869242415	-0.0995938704215951	1	25	75	0.3305	29										
Chromium(III) Sulfate	10101-53-8	Cr2(SO4)3	392.183	1465.4152901254	31.508313999318	-0.311712557953786	0.000386605550019996	1403.2788641825	25	25	0.00149384708270799	16	12.8806384714015	1.95421596013061	13.7084846533159	0.00383100279884497	5986.16584128815	0.904224314285356	25	25	0.00149384708270799	16										
Chromium(III) Chloride	10025-73-7	CrCl3	158.35	-1.38546263825455	641.071128180743	0.237439390705321	0.00420349527799401	1191.73071571581	18	18	0.12	7	-120.195181163363	4.81389348524967	5.65504120049962	0.0129995929288238	-11.341350578505	1.91997723497154	20	50	0.253462791442871	62										
Copper(II) Nitrate	3251-23-8	Cu(NO3)2	187.56	0.0000308013555567264	0.00044903027418397	0.823764603319821	0.0180968468344806	4042.38454669767	5	95	0.349740277423271	110	10.7279759268001	1.77841459065032	2.11161975340989	0.00837125445019256	-3.49754447000507	2.06966863585972	25	25	0.45770653246711	10	-0.153076771113858	-0.0566940451809726	2.40924636482342	-4.64664219015038	2.151294107672	1.05218276898551	5	120	0.085060017005155	144
Copper(II) Chloride	7447-39-4	CuCl2	134.48	1917.97652624503	1586.41138951085	0.158851434053574	0.00163872645947993	-527.007314154372	15	55	0.444754343660384	149	6.93139300795774	1.86976796931653	7.57655697184967	0.00590912446121254	71.728176381435	0.154764726866068	20	50	0.375100135803223	73	-7.6298936719954	0.00400225311244692	-1.48644463176159	-1.80931144781134	1.30507618933775	0.274748304352994	35	35	0.425	10
Copper(II) Sulfate	7758-98-7	CuSO4	159.63	-0.00000112078294150285	0.000000606850590612117	-0.118863232463814	0.00378050075860551	4763.96073964247	10	60	0.284400086473094	304	-129.887304522306	4.03019620382679	10.0198805903145	0.0610164993094959	-2125.99296251778	9.16965653838287	15	60	0.412904362120589	180	-0.677771251441471	-0.102570137744033	1.25843505314125	0.073563372089132	2.54609751794916	1.65841769553727	18	18	0.15	4
Iron(III) Sulfate	10028-22-5	Fe2(SO4)3	399.88	2894.55958936395	2061.78820588747	0.16296156973818	0.00148597368188428	-81.4062224608394	15	25	0.3009	31	15.7732574756928	1.37839621361269	4.92404085428636	0.0178316923202013	-16.9801664223107	3.36711121635485	20	50	0.300881385803223	35										
Iron(II) Chloride	7758-94-3	FeCl2	126.75	98.6540260106585	199.504625373479	0.336389412824619	0.00384437505475556	1650.1293370808	15	45	0.209681777577423	93	-0.29591889832781	18.5325816899752	8.81647813836314	0.00219661831382728	385.520143472642	0.239640302220773	18	40	0.0365667343139648	43	-7.57744387540968	-0.21859629568261	0.386410528670848	-2.04818990733014	-1.44537386525984	1.62905490542686	16.18	35.73	0.359383162859854	3
Iron(III) Chloride	7705-08-0	FeCl3	162.21	-14.9299417767922	63.3168799033122	1.15885132665007	0.0104820838890175	2163.05805284003	0	35	0.5	111	30.7678610527733	2.52602258923568	5.10319073938405	0.0110125014904606	511.020484261649	6.07916687150556	0	35	0.432581681852861	38										
Iron(II) Sulfate	7720-78-7	FeSO4	151.9106	-0.224719650197381	0.121140350304029	0.735724466696064	-0.021864836634371	3325.11261125387	15	25	0.233225186902511	66	27.0735880739776	0.884739002872684	0.861429703924889	0.00511650080029829	7322.94031684963	3.92481856832449	25	75	0.21091	30	-6.6999784085074	0.0569291845763253	-1.48401707776098	-14.2720338073775	3.04394122503933	1.40648008185235	35	35	0.35	9
Hydrogen Peroxide	7722-84-1	H2O2	34.0148	1245.67858462509	1565.31293687729	0.986168814056093	0.00271435211005942	200.77493156052	0	96	0.99605	122	227.723983965067	0.000940202213107428	-226.885592675141	0.044739853803655	0.267823801338419	3.32240510024084	0	20	1	46	-1.39322183971307	-10.1034959059852	-0.190102835107285	-3.9631289796889	2.58134041893611	-0.153211882252478	25	25	0.7154	4
Sulfuric Acid	7664-93-9	H2SO4	98.08	70.8395152347122	142.352693909248	0.68779459618793	0.00649299683206703	1667.23864629522	-11.15	75	0.782	232	7.77699477516578	1.23443056779035	1.91643392633129	0.00563631536944214	46.0065393457232	2.83071965329322	-10	75	0.782	141	18891038.7238843	0.228318384101275	-17.3865700455266	-2.46930192859515	1.54426652828424	1.57364239776992	-20	55	0.9389	187
Arsenious Acid	13464-58-9	H3AsO3	125.944	0.64324528666425	0.0653109113375811	0.0742553623859035	0.00129775172786949	2868.1010948586	25.05	100.05	0.0363959100365562	15											1.32129928905495	0.0256843140778197	-1.03774067782386	5.54898296753724	-68.7253245314433	5.71264333899055	55.65	75.95	0.0365011473683489	16
Arsenic Acid	7778-39-4	H3AsO4	141.9432	2464.04472334916	-2937.80177675525	-1.22134773036873	0.00057220610366136	339.289963692794	15	49.95	0.7	42	6.06873628179663	1.85573099066808	1.97826653232884	0.00884799192900432	-4.63299468514534	3.79074476703034	25	25	0.124299702472067	4	0.266427391643297	-38.5319394705438	0.0800319494050926	-0.182314853119231	0.694799721456657	-0.0988057415203139	50.65	74.85	0.0685645848830348	7
Phosphoric Acid	7664-38-2	H3PO4	98	1288.25499332174	-4126.67487464815	-4.64682626086799	0.00466168016728373	-944.459685828192	15.85	81.4	0.849999999999999	215	5.40936381181384	2.85113005922925	4.18309800502585	0.0160667795897231	3.4709124824548	4.24236571675822	20	25	0.8	25	-295.001660901465	-0.0000248598250364104	0.000815232853845397	-0.00368569996846081	295.592796362147	-0.000861839865888545	24.704	101.09	0.9863	134
Hydrobromic Acid	10035-10-6	HBr	80.92	0.49307337954406	6.90876181337873	5.90645258328427	0.0594215614972194	2828.85700908691	-10	75	0.4073	211	2.27190292215055	3.25401564932545	6.69045767176349	0.000626604462215416	552.472321086589	0.00849357517744988	0	25	0.195339405838617	11	-7.63012432760468	0.0191714208225698	-1.48402795222269	-0.0234145848746398	1.00966692096501	0.239008471724445	24.85	24.85	0.0277944203169593	21
Acetic Acid	64-19-7	HCH3CO2	60.05	647.289243971958	-1054.58226029586	-1.74610768626879	0.000365566432763641	-822.999507010544	5	85	1	328	-1.43228103448736	9.98783313652191	3.55995040464663	0.0151912282861034	3.18833074084855	0.430294038773937	15	55	1	238	-1.52110367260312	-0.00399791830898747	0.013285294686596	0.915636481598119	4.28631441397042	0.00582312360431909	0	120	0.152563846051698	214
Formic Acid	64-18-6	HCHO2	46.03	426.931704797137	2908.85685233222	3.76933549136237	0.0138126107918432	763.323068803259	15	55	1	182	10.9911365818742	0.0395427895067632	-6.92524795815633	0.00641437174498846	19.1134957240585	0.371672471850703	15	55	1	153	-1.62982619298965	-0.0111295391897048	-0.033075675951792	-1.50364819058535	2.81556389672357	-0.00770590802522416	0	120	0.115611821510655	52
Hydrochloric Acid	7647-01-0	HCl	36.47	0.000283872260482906	0.00394946957169882	2.85020047681807	-0.0157747012568046	-3766.20868665006	5	98.8200000000001	0.375698567711746	287	10.3259686042518	1.71378270014506	1.48613181961032	0.00127907449231391	23.7644188926256	2.1827423115052	10	42.5	0.36	163	-1.44373411119912	-0.0162261453471477	0.760145624626369	-0.251793704529807	-0.0853885966315174	-0.37397241015546	5	130	0.065074593785499	348
Hydrogen Cyanide	74-90-8	HCN	27.03	329.702219818562	1899.47430427132	2.31958987997322	0.00750553965442456	255.783919621772	0	20	1	56	1.15086538355284	3.82682320826343	-0.38751267349587	0.00837125445019256	7.38504679431372	2.06966863585972	0	0	1	12										
Nitric Acid	7697-37-2	HNO3	63.02	0.272070788161643	-0.399605969016834	-2.33691977745914	0.00662112384275969	-3089.01794099058	-10	95	0.7011	295	0.0000822640393251524	-1.39718811419252	0.11961884204502	-0.0199197916008091	-1.44481163970687	0.906940098315068	4	25	0.308600425720215	16	-0.337794277610799	-0.0435222748497721	1.76713518805669	-2.09327974333762	3.34739334397655	0.739891954672814	5	120	0.0654544824354225	159
Potassium Carbonate	584-08-7	K2CO3	138.2	2290.10867876218	1038.77363895405	0.109769327294915	0.000497783340935823	-74.0786862142127	5	95	0.360581132643253	75	41.3874564880263	3.67791349310373	3.26807400039543	0.00876702412403997	8684.04398141182	12.7276295460364	19	89	0.518084526062012	61	-2.21452943823242	-0.0307733244945572	0.337197867325901	-6.97645705984794	-0.238470454796678	0.461227249060236	5	120	0.0652704571149143	96
Potassium Dichromate	7778-50-9	K2Cr2O7	294.19	0.00000697630249797053	0.0000303926813557908	0.809446891798018	0.0196820118806563	4307.93119639994	0	90	0.4	38	3.24194607510088	1.10353393210389	14.6015525142261	0.000246688486453491	5404952.67172042	0.264524638471312	0.2	89.3	0.4	43										
Dipotassium Hydrogen Phosphate	7758-11-4	K2HPO4	174.18	0.0102101570418478	0.4771736273109	0.27206857742866	0.00184109952021235	2889.86461891583	24.95	25	0.181	12	1.64116355904481	-1.36771836881219	177.318223125736	10.0104543706752	-1.01056201270253	0.0927924738082496	20.95	49.95	0.181	42										
Potassium Sulfate	7778-80-5	K2SO4	174.25	0.00000710599369467468	0.000046555866279207	0.349566841181191	0.00751053641501126	4200.09377806549	0	98.67	0.1515	239	18.9683606630469	0.243208827264251	-3.21551610925377	0.000933793433022017	129432.401220151	2.39191765356123	0	89.5	0.154676370891761	214	-0.240046437916712	-0.0528238566534762	2.36974213828676	-9.72716113638373	-20.0642800985642	2.19019550338286	25	100	0.0796505246121183	43
Potassium Phosphate	7778-53-2	K3PO4	212.28	-1.36808308486373	1335.04870627511	-0.268093448711693	0.0174393508387694	1046.12029986562	24.85	25	0.20941	14	10.5972312040061	1.82300105973766	5.99474260737295	0.00471289303397524	6.61832367913971	-0.251139191085322	19.95	49.95	0.20941	42										
Potassium Bromide	7758-02-3	KBr	119.01	-13.151388032057	190.74540854419	5.39738604657711	0.0402662461365671	2153.22549041443	0	95	0.5037	266	348.31972605609	-0.000302529305665952	-349.153198551268	-0.00425795862818544	-1.10436123629246	0.763153789481199	0	95	0.462210081636261	347	-0.470191697436864	-0.0386189762044266	1.26311861244027	-0.316774223972059	4.52671849114736	1.29153678316931	25	25	0.104734296643408	20
Potassium Acetate	127-08-2	KCH3CO2	98.14	-12939.1226122242	69601.6517946745	116.599325442767	0.382632586300714	1096.8090489007	15	55	0.595485619513774	147	7.60301705616051	2.14228305604236	3.09296792559878	0.0120064715641766	2.29668291207659	2.0784796844586	15	55	0.595485619513774	148	-7.62511462002999	-1.29055806778198	-1.53844995966671	-1.91047308177145	1.59368747598982	0.299722877982071	35.5	35.5	0.5	10
Potassium Formate	590-29-4	KCHO2	84.1	436.744437704527	2573.31507721143	1.99555818412406	0.0061770465575551	781.316230322352	15	55	0.67767929089444	122	15.0439736461852	4.50859870181832	1.59236649313458	0.0113311753595004	81.008647201799	11.8959632390346	15	55	0.813113212585449	140										
Potassium Chloride	7447-40-7	KCl	74.56	-0.855928945959145	6.04073571306402	2.81787416217166	0.0253924645877338	2681.61723465886	5	125	0.264280379722009	655	6.48805967116487	1.31753131265255	-0.777820552977139	0.0927156022360008	-1.30020256174307	2.08120731758225	5	150	0.305566941364246	647	-1.63952917771592	-0.00779461704655488	0.328422657249137	-3.76872441235535	0.34049805034805	-0.147984783420473	5	140	0.257918289574322	315
Potassium Fluoride	7789-23-3	KF	58.1	23.7314012354672	28.2011361185139	0.172689396624695	0.00294068200202462	1995.76903655284	0	50	0.42402	158	15.9474406946872	1.77775733898718	2.33313475960908	0.00626808826408619	123.05098761449	4.03602875014602	5	55	0.424005271503755	98	-0.826204190838979	-0.0268623027926352	1.20540406192598	-8.87527923429119	0.0255762847590577	-0.537003046318255	25	130	0.0838846515500305	57
Potassium Dihydrogen Phosphate	7778-77-0	KH2PO4	136.09	0.175127099215153	0.0583801096029759	0.170194505848805	0.00323440066031267	3062.75144963697	20	40	0.232093739705569	41	36.3785800663642	1.73749994164305	1.06487577295583	0.023567553394377	-4.14048794130814	1.86546173718756	19.95	49.95	0.232093739705569	60										
Potassium Bicarbonate	298-14-6	KHCO3	100.11	0.0458479253730966	0.0749127808255568	0.505766905030703	0.00643951863958203	3163.65175558093	5	95	0.343778550607287	66	0.23545396225936	-1.07084725909778	2.35937892744089	0.0639877898997282	-1.00034737120549	0.501215910081986	25	25	0.247498512268066	12	-0.794017904625051	-0.0271669313221761	1.26345022968517	-2.42961055706828	1.81052003078051	0.0103420926372754	5	120	0.0950762196713155	106
Potassium Bisulfite	7773-03-7	KHSO3	120.17	0.00151457425562341	637.304013971751	2.22168261188274	0.00409719221953301	1494.96312982	25	25	0.106463573998002	8											-0.098348612074528	-0.0271669313221761	1.26345022968517	1.32817489336406	1.58633008011921	0.37641541684424	25	25	0.106463573998002	8
Potassium Iodide	7681-11-0	KI	166.02	278.943640132031	1407.61912896448	2.50114423686534	0.0138511632772227	1387.54108036637	0	100.02	0.6669	297	2.98583852051338	2.37765263680441	0.49977486681403	0.00934248088339622	1.70893863931587	-0.00165048180254392	5	95	0.6274217585693	245	-0.120814326095711	-0.0477706194673023	2.37227816843641	-3.78617542504316	0.136481338582931	0.621302502729483	5	120	0.476318376499491	180
Potassium Nitrite	7758-09-0	KNO2	85.1	-216.833357910204	4586.34358563135	4.85927495833493	0.0172293763426515	989.380044476015	20	80	0.75	55	0.164707731349718	1.5383391465026	-0.0150370536535536	-0.0377280312275176	-14.2248574562702	11.20410364325	25	25	0.622759819030762	15										
Potassium Nitrate	7757-79-1	KNO3	101.1032	1.49068709973892	6.67292354651383	1.47150749460911	0.0155872679453073	2539.22687484937	5	95	0.283965696256165	179	12.2187821226243	0.217809708146926	-4.08235067923183	0.00107448213787828	757.655012948568	1.34568475185849	15	60	0.494973578282202	146	-0.0231553426998827	-0.0942883948914098	4.38938623486404	-15.696387624444	2.25138090262839	0.939359066403717	5	120	0.199519531745423	147
Potassium Hydroxide	1310-58-3	KOH	56.11	821.119043254761	1043.20173374381	0.112873330222752	0.00124023636407386	539.630388368877	4	95	0.51861	237	57.4198157197363	3.80481406171296	2.62270093659636	0.0103144776487057	5202.71048053244	10.9425874221815	-14.1	40	0.51861	50	-0.612709529812129	-0.0454225316920391	1.87598005977999	-5.62731016809735	2.42547035549534	1.24500822569176	4	120	0.465314066384833	285
Lithium Sulfate	10377-48-7	Li2SO4	109.94	0.00711493013455434	0.00869246384846451	0.151649349676449	0.00360862647418256	3458.25184736606	0	65	0.2603	192	42.4909603154037	2.21333353374412	6.06402999044027	0.00814290129030605	24.1674397087677	2.96004938607259	5	128.58	0.260208146495991	179	-50.9977719389815	-3.74835982490953	13.1959839180305	21.3930234549551	-0.0428077142683681	-0.871184058700556	25	25	0.0937480760260326	11
Lithium Acetate	546-89-4	LiCH3CO2	65.98	-1.58993663057902	1.92713798691581	2.13060290293235	0.0166992374744932	2808.50353741219	15	45	0.0473714972134074	35	-1.74347834665692	13.7815228001753	7.82377158989942	0.0117407898798712	0.23734195351949	0.280393718467998	15	45	0.0389642715454102	22										
Lithium Chloride	7447-41-8	LiCl	42.39	1777.71168869463	208.095675885873	0.0924032897423372	-0.0000965138194640463	-303.212122198705	-5	127.05	0.4539	592	18.6178234588751	0.773036318483134	2.15660166137342	0.00435445218019151	1023.45333257758	2.38089336779273	-5	100	0.46	651	-0.113836281704716	-0.0584080777319412	2.70787330383205	-6.80384597219364	-0.153027430922755	-0.234095092371243	5	130	0.160209376598227	166
Lithium Nitrate	7790-69-4	LiNO3	68.94	-1.12683534932851	38.4341980749203	13.4680810860095	-0.0484278129747622	-2594.07413122207	0	110	0.6236	128	15.0565163255925	1.43962159122848	1.34507041853844	0.00783736557339852	123.546763547658	3.31353796385657	0	110	0.671	104	-9449.26290546908	0.100354180423118	-8.88234112958136	-2.05111512041871	1.01458211829037	-0.201734342969788	20	20	0.13	4
Lithium Hydroxide	1310-65-2	LiOH	23.95	3.55823799848342	0.988986357420376	-0.0697252979271942	-0.0000639986669564712	-2513.09471353798	20	75	0.1133	119	39.0264343363312	0.897852229500712	10.8940174976722	0.00913581872760642	2.74306606694198	3.26426404123851	20	40	0.1133	29	-2.61619983273883	-0.0271669313221761	1.26345022968517	-4.13228724286689	7.29139659174577	0.111323823992043	25	25	0.0516235086447742	15
Magnesium Acetate	142-72-3	Mg(CH3CO2)2	142.4	1144.73365132323	727.869091076043	0.319119906359469	0.0000296124078398932	-133.875711542928	15	45	0.121926701307056	33	13.6235651644593	1.40930973349855	8.52447129650729	0.0128296924231186	1.53442711367461	0.360228729799427	15	45	0.042424201965332	22	-9449.26290529056	0.0786458864517896	-8.88424170675013	-2.64714799395004	1.72635848744464	0.0230960680161087	36.5	36.5	0.14	3
Magnesium Nitrate	10377-60-3	Mg(NO3)2	148.315	0.967814929691928	5.540434135986	1.10374669742622	0.0123340782160061	2589.61875022366	5	95	0.439273244744001	385	69.5769240055845	4.17047793905946	3.57817553622189	0.0116677996754397	13897.6652650556	20.8027689840251	0	120	0.72	235	-0.103713247177424	-0.0647453826944371	2.92191453087969	-5.48799065938436	2.41768600041476	1.32062411084408	5	120	0.130741851073311	216
Magnesium Chloride	7786-30-3	MgCl2	95.23	-0.0215001423271867	0.0441202083909434	1.53227586827304	-0.0098078506056196	-3478.36496883693	0	98.67	0.323755961314361	386	35.3996277859551	2.73271428999181	3.92973827779435	0.0204320817584697	-1.11964615409186	0.14494238171532	15	70	0.385555624414288	332	-1.34606864033233	-0.0185542566558278	0.846522211009386	-3.54621764242775	6.64217196115805	3.38082843051388	5	120	0.344648430719072	315
Magnesium Sulfate	7487-88-9	MgSO4	120.38	98.1201663080777	59.265764731786	-0.0303404982114453	0.000503619228557116	1763.7594229147	0	125	0.268169549776151	420	75.332237160797	2.22798929550577	6.58441504882381	0.00784500761585228	1650.84454992458	5.48823459576185	15	150	0.300789833068848	182	-7.62991929828341	0.0108473552984059	-1.48616716246442	-1.89782546209751	1.72007168722472	0.456774744613572	25	130	0.275699045304706	68
Manganese(II) Nitrate	10377-66-9	Mn(NO3)2	178.95	-0.00482624161249546	0.00944759084439808	1.27433074160111	0.0210811729976908	3666.76869957631	5	95	0.0841124895238497	54	5.59814978534406	1.91889479610358	2.22295689184099	0.00875628420151473	-4.05763255510591	4.01728101800095	25	25	0.34931841103556	6	-0.140322059050074	-0.056173676149944	2.4587604120613	-4.10166739809866	1.65026284669773	0.90182539113028	5	120	0.0841124895238497	192
Manganese(II) Chloride	7773-01-5	MnCl2	125.84	0.00000186864902230967	0.0000454525919152575	1.57582584081573	-0.0107756446932909	-4369.86396440139	15	75	0.434679103846984	195	28.1716789716269	2.46943088811229	3.84079351906854	0.00837125445019256	7.38504679431372	2.06966863585972	25	25	0.420370153799192	14	-2.3137796181355	-0.0271669313221761	1.26345022968517	-1.14085995103381	4.43559481800338	0.0161338005830389	25	25	0.0193323549438446	9
Manganese(II) Sulfate	10034-96-5	MnSO4	150.9996	0.0164440169186226	0.00408704882120158	-0.110639531486381	0.00192979480040457	3484.63640840436	20	25	0.363979752066116	33	24.0377854392662	2.1340733312297	6.4724040556133	0.00748081362901764	0.673990070364875	-0.538836809054714	20	80	0.364052772521973	93	-7.62987460945654	-0.0011038029512929	-1.48665105565489	-2.03182182073946	2.05928013707305	0.838979237111082	35	35	0.15	4
Sodium Oxalate	62-76-0	Na2C2O4	134.01	-193.619995701937	293.768564579427	0.119104207656489	0.00199891481794908	1092.31619305169	0	50	0.0324164673041429	18	-6548.12890881386	3024.36080547827	7.43903557963673	0.00184927408186895	258.583464117586	0.498889410288285	0	50	0.0324164673041429	13	-7.64367597075223	-0.0200990150477641	-1.34330979922214	-23.1883651338588	5.93069629294968	1.10317432262367	25	25	0.032341183911247	6
Sodium Carbonate	497-19-8	Na2CO3	106	0.000000545486543455015	0.000000172154929405038	-0.0825850207323492	0.00168822949783412	4705.39822185746	0	100.14	0.209376238305078	167	27.6831996816743	1.56324040665499	6.80529471973068	0.0150777050822261	22452.3440720574	28.2362397327323	20	90	0.308548927307129	63	-0.536815212401109	-0.0271669313221761	1.26345022968517	-9.17050072414969	5.6555023849342	0.828013458429348	25	25	0.209376238305078	23
Sodium Chromate	7775-11-3	Na2CrO4	161.97	-0.974213934665835	2.97452548906621	0.450037490376969	0.00683070950763969	2699.85682259887	0	90	0.5	47	32.9766190009435	2.37446521868548	3.13570589788076	0.0128785634693103	223.190091363967	6.36521050964452	0.2	89.3	0.5	48										
Disodium Hydrogen Phosphate	7782-85-6	Na2HPO4	141.993	0.000000027133480799362	0.00000000829830060458641	-0.0474351837193672	0.00259472063870609	5012.93652490163	25	45	0.0766	35	-70.6112626366312	0.000284320206986714	70.8120391054964	-0.0172410884014679	-1.01468030945696	0.012449835806106	20	50	0.0987	41	-0.922378734153241	-0.0558901462711484	1.87170181754377	-5.92555254998777	3.07839063715727	0.26158558631384	39.5	39.5	0.073	2
Sodium Molybdate	7631-95-0	Na2MoO4	205.928	-2.08131961211022	4.84461280523794	4.43423042359586	-0.0208150320148339	-2942.26405798836	25	80	0.35	30											-0.234800620558737	-0.0271669313221761	1.26345022968517	0.0670906102532191	2.04764265967123	0.535303762697207	25	25	0.0323264898962089	10
Sodium Sulfide	1313-82-2	Na2S	78.05	61.5246446879715	5.96898663654019	-0.340010266220993	0.010714807353398	2196.74755874377	25	25	0.0838082718553414	8											-1.13853681429231	-0.0412353462450485	1.8722524604359	-15.1634637463036	0.309684746129478	-0.357774489604084	25	25	0.0838082718553414	8
Sodium Thiosulfate	7772-98-7	Na2S2O3	158.11	-1.38269885022596	889.546797352274	0.698935895205399	0.00420349527799401	1191.73071571581	25	80	0.6	38	22.6456121407352	2.47377765225894	3.56865484126635	0.0126301850609514	2203.19530855246	9.55937363252023	11.85	50	0.493802872319496	85	-0.386168865473059	-0.0271669313221761	1.26345022968517	-2.22477063715712	4.30403037441163	0.647388329602726	25	25	0.0374829873036563	17
Sodium Sulfite	7757-83-7	Na2SO3	126.06	0.0000151967488422278	0.000000437655086571068	0.102960669860311	-0.00152708622851478	-4500.84960861175	25	80	0.2	36	0.0000440781107296358	-2.28233049574303	5.5871409906515	0.0146299063746211	-0.251895861233079	4.71691544641652	25	40	0.0603456497192383	20										
Sodium Sulfate	7757-82-6	Na2SO4	142.05	0.00000445025449497252	0.00000912086519621226	0.0840358370073922	0.00465767525381795	4349.50513887423	0	125	0.325190633645995	402	26.519030558821	1.57461388862123	3.49662845657778	0.0103879555384097	106.225284686677	2.97377111982723	15	150	0.331293819357543	222	-0.128940059850601	-0.0791007850273286	3.222049067173	-15.6934250748885	5.80544717183583	1.18362567114092	25	140.38	0.211407107227829	106
Sodium Tungstate	13472-45-2	Na2WO4	293.83	-0.380319842633345	1.18772188238953	1.81560860490363	0.0209650440175783	3105.3641624205	20	80	0.4	27											-0.279378834206737	-0.0588583214346121	1.26191859973699	-0.619907016268095	1.64388513276095	0.770346469979388	25	25	0.0451564045911922	11
Sodium Phosphate	7601-54-9	Na3PO4	163.94	155.804085307097	251.218167358366	-0.163160740820224	0.000301220796704921	1298.06956536295	25	80	0.3	29	25.155119950393	0.551461095083463	12.2188262482389	0.00233381035504977	6965445.67542483	1.8308806953571	19.95	49.95	0.07584	35	-0.12154439489363	-0.0271669313221761	1.26345022968517	-6.64188048551598	-2.76326670017069	0.785159187253261	25	25	0.0278275267813536	7
Sodium Aluminate	11138-49-1	NaAl(OH)4	118.0009	-42.8778436531619	200.054540406384	10.0093292764999	0.0846053773738101	2248.96510654738	22	90	0.380060255901169	219	285.167969325647	4.55515153998458	5.28152484865231	0.0103814784472959	1374622.51194174	13.7479925507093	22	75	0.995357873764107	113										
Sodium Bromide	7647-15-6	NaBr	102.91	23.765937876294	210.721942848473	2.01023472140861	0.0163941235513688	1941.82908042744	0	95	0.548160826326951	291	13.02905395428	1.74783698289335	0.604127008790876	0.0108036956912202	17.6807414205322	2.3830591098608	5	60	0.540469323569245	217	-0.116019394027422	-0.0583057782055604	2.79511132946178	-8.56927510684063	3.06633066948505	2.21670345002073	5	120	0.438573425841879	262
Sodium Acetate	127-09-3	NaCH3CO2	82.04	1732.57047592873	83.5413523305266	0.0400429680170604	0.0000471569682646929	-274.927412526629	5	95	0.3171	155	9.05447005986345	1.02421691056515	5.11873034125429	0.0207405487854787	1.45916695675574	2.83513533611403	15	55	0.455930359085963	47	-9449.26290521344	0.0520447630370826	-8.88529158691544	-2.70833743099674	2.2503820575469	0.121149416630291	5	120	0.0383123141230807	133
Sodium Formate	141-53-7	NaCHO2	68.02	757.620542046849	1317.08144389483	0.756915393987625	0.00316468742066717	687.344536387312	25	45	0.405965440701747	99	3.7183862739329	3.72713477520443	3.79994518773218	0.0198922322967837	2.845561234942	2.75661653053348	25	25	0.00793085700024956	5	-1.1696589197325	-0.0092365353968173	-0.0469475502581106	-0.477516748018179	3.27089662651212	-0.0111046055523319	0	120	0.161901237100822	51
Sodium Chloride	7647-14-5	NaCl	58.45	-0.00324112223655149	0.0636354335906616	1.01371399467365	0.0145951015210159	3317.34854426537	0	140	0.26589930421877	869	16.221788633396	1.32293086770011	1.48485985010431	0.00746912559657377	30.7802007540575	2.05826852322558	5	154	0.264456748962402	552	-0.0693559668993322	-0.0782134167486952	3.84798479408635	-11.2762109247072	8.73187698542672	1.81245930472755	1.5	120	0.261058295490885	356
Sodium Chlorate	7775-09-9	NaClO3	106.45	1689.74194323263	2306.80721665048	0.823135861678897	0.00287341278943238	336.486976255836	25	35	0.500970661636882	48	9.09437644760694	1.75632134796021	0.782937562657701	0.0203946989954193	1.68826923569265	3.93246286237429	25	65	0.58264	46	-0.0860013115375719	-0.0271669313221761	1.26345022968517	2.72578911190464	3.28247603057711	0.671651229112885	25	25	0.271775779833685	13
Sodium Fluoride	7681-49-4	NaF	41.99	0.0000246433035701229	0.00000640023572476968	-0.0442093572124659	0.000252933311636729	4231.60399757237	0	98.67	0.03744	226	17.6844291356975	0.0171046832667944	-11.0863914174168	0.00186206665644735	0.422691002106297	6.18869821446872	5	55	0.0389490127563477	67	-0.0188014095565548	-0.123400511922156	5.49523657232955	-17.7405963181415	-0.0212121467897214	-0.63724345697544	5	120	0.0293364671918345	176
Sodium Dihydrogen Phosphate	7758-80-7	NaH2PO4	119.979	1614.75236436149	1267.61449182737	0.331039480071181	0.00125354906642541	347.040108092145	25	45	0.357099747184555	88	19.9364131324086	0.103175620883031	-4.31073888952754	0.00280817363355542	25365.4130865702	1.2632453720635	20	50	0.2997	53	-0.898193058341899	-0.933842034432815	1.83870888808927	-5.88847934533716	1.88782230949812	0.342413861852324	39.5	39.5	0.2	5
Sodium Bicarbonate	144-55-8	NaHCO3	84.01	0.0377378060615898	0.00710029652458366	0.0735733388535116	0.00168369765511221	3291.38382252025	0	125	0.126441643582641	145	31.5819207092739	0.0794532561718167	-16.9096255040761	0.0013751751230389	44188.6551718116	1.88902235502575	20	30	0.0844392776489258	12	-0.0306885807802693	-0.0271669313221761	1.26345022968517	-0.352415251157233	4.15847941330021	0.682203311194025	25	25	0.083352939191768	20
Sodium Hydrogen Sulfide	16721-80-5	NaHS	56.07	0.00000242217645672975	0.00000200860291900763	0.352962938977364	-0.00206679739877992	-4493.99118943498	10	125	0.0526403873973243	49											-0.00431579537824825	-0.106513654523218	6.61634979578469	-13.9845085417817	0.0159778540730333	-0.673914828860749	10	40	0.0521117086161818	29
Sodium Hydrogen Sulfite	7631-90-5	NaHSO3	104.06	-13.4660000968563	22.7340851053589	47.9384705050001	-0.0755567510590347	-3013.64888406774	10	40	0.242976332902623	103											0.121524503946654	-0.0271669313221761	1.26345022968517	3.68935232980144	1.74043062821646	0.600704312869987	25	25	0.0930896200566437	16
Sodium Hydrogen Sulfate	7681-38-1	NaHSO4	120.0614	422.258641684634	303.929809147079	0.27900620122336	0.0032476083442729	1179.46229633624	25	45	0.2982	45	4.16473103122787	1.46887498099292	2.27474659696881	0.00880918531392803	-3.73178073127544	4.38881791703819	18	18	0.375119898869404	5	-9449.26290528436	0.0661142747316597	-8.88446492642497	-2.76783022320535	2.75887060030185	0.237644750741336	21	21	0.2	5
Sodium Iodide	7681-82-5	NaI	149.92	20.6580552070423	58.2655367174969	1.55325823873968	0.0153181315946676	2196.74755874377	10	99.96	0.628528577326264	99	12.3495683018735	1.79133944503558	-0.227424348220467	0.00840545325368774	43.3075417104273	3.14063409209208	5	97.83	0.628528577326264	166	-0.01576176585026	-0.08167060601723	4.15410470171572	-5.31232065731733	5.30591627893455	2.89203001475597	25	100	0.231560841324076	22
Sodium Permanganate	10101-50-5	NaMnO4	141.9254	-0.0355367095332094	0.65854780876441	2.17897974282739	0.0280925958073744	3081.72430008019	1.35	37.45	0.256	20																				
Sodium Nitrite	7632-00-0	NaNO2	69	-1.37953326632496	986.377568711927	1.39162575447536	0.00219037364131067	1191.73071571581	15	20	0.2	15																				
Sodium Nitrate	7631-99-4	NaNO3	85.01	22.3499264791804	66.4478689005725	0.989888301509443	0.00947165097909636	1971.5514625204	0	100	0.489193052084002	259	6.7313473153146	1.05612138465955	0.877718891436357	0.0107285288664735	3.05655294565016	0.955895443778298	10	60	0.552056248834366	338	-0.0420888209361667	-0.0862083520705012	4.04836454348122	-8.1584512900783	1.57362106214301	0.23955967308698	2	120	0.459940227674964	206
Sodium Hydroxide	1310-73-2	NaOH	40.01	319.020509469838	528.592358475315	-0.102197896602724	0.000350420706415566	765.970470238438	4	120	0.502885546184013	517	448.457566713375	0.00871452408983102	-431.97212334697	0.0160144202049452	104.011738670148	4.64493684488816	12.5	70	0.56	180	-0.922780764834469	-0.0412353462450485	1.8722524604359	-5.94223565147303	3.13007617842649	0.141040805508813	4	120	0.303470562208185	322
Ammonia	7664-41-7	NH3	17.0368	0.0637631725924523	0.0681799828976475	1.23759952767397	-0.00599852493721479	-3078.57767189507	20	140.65	0.521892056235873	205	214.093149693271	8.02413293476943	6.62645825743232	0.00579429595304288	255.273038265555	0.243086396113273	19.85	39.85	0.339554069991558	25	-4.05675618678269	-0.0281870626966953	0.852985661010096	-4.91044705875811	4.55479084507766	-0.174339325408522	-13.22	100.43	1	62
Ammonium Chloride	12125-02-9	NH4Cl	53.4917	16.8882196383907	318.560293047784	5.08655606958672	-0.0150616503055142	-1769.12237165588	12.5	100	0.4	364	12.3958070582055	1.50390805858088	-1.77559495076665	0.234706870177963	-2.75914543946026	2.84081895215159	10	73.5	0.324324324324324	265	-0.0001335122407473	-0.155637962012773	9.8832713843405	-12.1193859023825	68.3808840262902	3.10989254346951	10	40	0.141280353271798	58
Ammonium Hydrogen Carbonate	1066-33-7	NH4HCO3	79.06	1.73144327427269	91.0520546932618	0.681145761585944	0.00271492549708282	1657.29199465191	19.85	49.85	0.366607750439367	96																				
Ammonium Nitrate	6484-52-2	NH4NO3	80.05	1412.56319897369	1214.07575155077	0.705071278089242	0.00117760862220194	107.081780208688	25	95	0.787403898362436	152	3.52869241505642	2.56393124167865	0.786265896528359	0.00950328356699947	0.650002908903089	-0.487778317746458	15	60	0.78494623655914	277	-0.0656252331963257	0.00881204607399727	1.36895243625553	0.71398195301971	2.87257103021084	0.404159375360177	25	25	0.642284990474944	17
Nickel(II) Nitrate	13138-45-9	Ni(NO3)2	182.7	0.0000116651490339282	0.00000877655118813601	0.197139504253947	0.00624131090182794	4369.04742073114	5	95	0.422232493644557	72	21.4016622821059	1.93856786772164	1.8947740796082	0.00837125445019256	52.4652429937696	3.38208659115767	24.71	102.66	0.422232493644557	48	-0.0618820283537097	-0.0776705082638635	3.35555125890016	-5.52445698917125	-0.0509189782852462	-0.476007686996472	5	120	0.0860797126154991	144
Nickel(II) Chloride	7718-54-9	NiCl2	129.6	639.415869392635	424.594017007811	0.1040336744447	0.000749998743310398	1235.74452374578	15	75	0.411028172360108	253	59.3549674953021	3.81649629479918	5.72113412213212	0.0087645991700653	0.451772192574947	-0.936508514878937	14.85	50	0.424271090901373	160	-0.758971991507195	-0.0271669313221761	1.26345022968517	1.85550695253382	10.5459492134744	1.10469582722811	25	25	0.411028172360108	30
Nickel(II) Sulfate	7786-81-4	NiSO4	154.75	-0.0401410237214016	0.222743683226075	-0.144336817253579	0.000986517827689712	3072.83762271097	15	60	0.353294213251116	105	26.187439990599	1.8869958550977	5.31082558854858	0.0102519361469226	-0.314588064937243	0.414650939570491	15	60	0.353294213251116	99	-7.6298564065871	-0.00893875935876805	-1.48688982584683	-1.94847664739146	0.275007360743484	1.40987278728842	41	41	0.15	3
Lead(II) Nitrate	10099-74-8	Pb(NO3)2	331.2	-0.127124603918499	0.806948181312687	0.0379503909340827	0.387149089770115	3331.03567744625	18	25	0.331908070550508	13	3.99035919792614	1.38617828450206	1.35913205101229	0.0283700789895151	62.5007206971948	5.34095594249311	25	50	0.375	14										
Sulfur Dioxide	7446-09-5	SO2	64.07	-1.34174456968595	1364.85364375354	2.99691268850207	0.00628143071706763	1191.73071571581	25	25	0.133250561362192	22											0.0611535693207181	-0.079429318484156	4.16518423709373	-12.5287934421408	4.16312473470823	0.31026160727287	25	103.14	0.0530335196673911	22
Strontium Nitrate	10042-76-9	Sr(NO3)2	211.65	2.75790740362453	15.508434808092	0.883208238480309	0.0111330016902523	2401.16566669936	5	95	0.437646571823844	125	12.4492239658443	1.65457098541244	1.07647312842207	0.00837125445019256	7.39123573642881	2.06966863585972	25	25	0.388360500321111	7	-0.0602423694530795	-0.0703058794372798	3.30109619473521	-7.65805116222226	1.61254325117645	0.967529118914805	5	120	0.388471330658438	216
Strontium Chloride	10476-85-4	SrCl2	158.54	0.00000135341758029363	-0.000000748767819877433	-1.93563339996439	0.010704329282332	-4882.14470009011	15	98.81	0.283821528324859	98	8.03309316438313	1.85314812521892	1.99358226403085	0.00848650077967969	-4.98502701890093	2.88704932687605	10	91.34	0.453744385584795	195	-0.677562942962466	-0.0245651838313946	1.13677326984777	-1.97322361317554	1.6619925635595	1.02404182557963	25	100	0.142158718878145	28
Sucrose	57-50-1	Sucrose	342.3	532.919899042424	13692.5881480438	12.6127261369233	0.0266415899284128	649.049186827162	15	55	0.506635749173615	82	16.2391830818804	1.46930910938613	3.28485782809427	0.0102845759149181	33.9389495762169	2.28172425556793	15	55	0.506635749173615	81										
Titanyl Sulfate	13825-74-6	TiOSO4	159.97	-0.97659617072232	3.22848084595143	11.6051743803017	0.111816073690407	3145.77718014766	25	50	0.486226376508971	76																				
Zinc Nitrate	7779-88-6	Zn(NO3)2	189.4	8.52669239331489	-10.820003740737	-2.36038500330944	0.00612589660769429	-2660.08958450117	5	95	0.59522390108956	283	18.7667783068283	2.00636249961516	1.83277241226622	0.00754294855608874	65.0612543551505	4.05490749912228	0	50	0.581922426040614	222	-0.205793826198991	-0.0522260413901375	2.04205142438351	-2.88608089564882	1.88496934033772	0.829844653438985	5	120	0.0771318711518983	144
Zinc Chloride	7646-85-7	ZnCl2	136.29	2048.25617083301	367.89930516684	-0.00687080489664351	0.00118355512010183	505.031662947486	15	75	0.519523651904688	191	12.6973981828472	2.82446113664577	2.81954626448774	0.00837125445019256	7.38504679431372	2.06966863585972	25	25	0.519523651904688	13										
Zinc Sulfate	7733-02-0	ZnSO4	161.44	19.3998326251204	36.9810552705442	-0.088765784769985	0.0010689313754713	2058.60217737214	15	60	0.367715489274536	221	13.5925262742582	1.35400381043399	10.5559124347897	0.00360342454740079	613.22295280165	0.195826073391803	15	55	0.318005561828613	46										
