CASRN	Chemical	T	Permittivity	A	B	C	D	Tmin	Tmax
100-00-5	1-Chloro-4-nitrobenzene	393.2	8.09						
100-01-6	4-Nitroaniline	428	78.5	486.73	-1.504	0.0012857		428	468
100-02-7	4-Nitrophenol	393.2	42.2	229.01	-0.74264	0.00068006		393	463
100-06-1	4-Acetylanisole	313.2	17.3						
100-17-4	4-Nitroanisole	338.2	26.95	59.811	-0.10955	0.000036042		338	443
100-39-0	(Bromomethyl)benzene	293.2	6.658	18.482	-0.057207	0.000057321		273	323
100-41-4	Ethylbenzene	293.2	2.4463	3.5969	-0.0053169	0.00000475		293	323
100-42-5	Styrene	293.2	2.4737	4.4473	-0.011422	0.000016		293	313
100-43-6	4-Vinylpyridine	293.2	10.5						
100-44-7	(Chloromethyl)benzene	293.2	6.854	17.108	-0.045285	0.000035		273	323
100-46-9	Benzylamine	293.2	5.18						
100-47-0	Benzonitrile	293.2	25.9	57.605	-0.13354	0.000087767		273	453
100-48-1	4-Pyridinecarbonitrile	353.2	5.23	12.533	-0.030115	0.000026674		353	398
100-49-2	Cyclohexanemethanol	333.2	9.7	101.64	-0.45839	0.00054762		333	368
100-51-6	Benzyl alcohol	303.2	11.916	136.61	-0.72127	0.0010225		303	333
100-52-7	Benzaldehyde	293.2	17.85	35.046	-0.061271	0.000016222		301	346
100-53-8	Benzenemethanethiol	298.2	4.705	16.628	-0.068276	0.000094636		298	358
100-54-9	3-Pyridinecarbonitrile	323.2	20.54	60.484	-0.1728	0.00015218		323	398
100-61-8	N-Methylaniline	293.2	5.96						
100-63-0	Phenylhydrazine	293.2	7.15						
100-64-1	Cyclohexanone oxime	362.2	3.04						
100-66-3	Anisole	294.2	4.3	10.887	-0.032372	0.000033629		294	413
100-68-5	(Methylthio)benzene	303.2	4.88	21.841	-0.09763	0.0001375		303	343
100-69-6	2-Vinylpyridine	293.2	9.126						
100-70-9	2-Pyridinecarbonitrile	303.2	93.77	455.96	-1.7746	0.0019105		303	398
100-71-0	2-Ethylpyridine	293.2	8.33	36.397	-0.1507	0.0001875		293	333
100-84-5	3-Methylanisole	293.2	3.967	12.83	-0.049701	0.000066429		293	333
100-86-7	1-Phenyl-2-methyl-2-propanol	298.2	5.71	21.922	-0.084231	0.000099475		298	423
1001-89-4	2-Chloroheptane	295.2	6.52						
1002-69-3	1-Chlorodecane	293.2	4.581	6.8741	-0.001221	-0.0000225		293	323
10025-67-9	Sulfur chloride [SSCl2]	288.2	4.79						
10025-87-3	Phosphoryl chloride	293.2	14.1						
10026-04-7	Tetrachlorosilane	273.2	2.248	5.8041	-0.027129	0.000051678		207	273
10026-13-8	Phosphorus(V) chloride	433.2	2.85						
10028-15-6	Ozone	90.2	4.75	8.6344	-0.054807	0.00012596		90	185
100295-85-0	6-Methyl-3-heptanol, ()-	293.2	4.992	23.037	-0.098029	0.00012479		283	383
100296-26-2	2-Methyl-3-heptanol, ()-	293.2	3.26	-5.9739	0.0567	-0.000083125		343	403
1003-73-2	3-Methylpyridine-1-oxide	318.2	28.26	59.851	-0.12682	0.000086622		318	398
10034-85-2	Hydrogen iodide	220.2	3.87	515.57	-4.4552	0.0096795		220	236
10035-10-6	Hydrogen bromide	186.8	8.23						
10038-98-9	Germanium(IV) chloride	273.2	2.463	-5.5078	0.064881	-0.00013091		246	273
1004-66-6	2,6-Dimethylanisole	293.2	3.78	7.67	-0.018298	0.000017143		293	333
101-81-5	Diphenylmethane	303.2	2.54	3.0638	-0.0017286			303	333
101-84-8	Diphenyl ether	283.2	3.726						
101-97-3	Ethyl phenylacetate	293.2	5.32						
10102-43-9	Nitric oxide	124	2						
102-25-0	1,3,5-Triethylbenzene	293.2	2.256						
102-69-2	Tripropylamine	293.2	2.38	3.338	-0.0086332	0.000018322		243	293
102-76-1	Glycerol triacetate	293.6	7.11	17.819	-0.053656	0.000057759		219	304
102-82-9	Tributylamine	293.2	2.34	1.9846	0.0028108	-0.0000054545		233	293
10294-33-4	Boron tribromide	273.2	2.58						
103-29-7	1,2-Diphenylethane	331.2	2.47	3.1178	-0.0021572	0.000000598		331	451
103-37-7	Benzyl butanoate	301.2	4.55						
103-45-7	2-Phenylethyl acetate	297.2	4.93						
103-49-1	Dibenzylamine	293.2	3.446						
103-50-4	Dibenzyl ether	293.2	3.821	8.0154	-0.020536	0.00002125		293	333
103-65-1	Propylbenzene	293.2	2.37	2.6933	0.00021679	-0.0000044643		273	323
103-69-5	N-Ethylaniline	293.2	5.87						
103-71-9	Phenyl isocyanate	293.2	8.94	17.541	-0.02979	0.0000015476		293	353
103-73-1	Ethoxybenzene	293.2	4.216	-15.043	0.13752	-0.000245		293	313
103-82-2	Benzeneacetic acid	353.2	3.47	2.4104	0.003			353	393
10327-08-9	2-Bromopropanoic acid, ()-	294.2	11						
10395-45-6	Carvenone, (S)-	293.2	18.8						
104-12-1	4-Chlorophenyl isocyanate	288.2	3.177	4.0896	-0.0031667			288	348
104-51-8	Butylbenzene	293.2	2.359						
104-57-4	Benzyl formate	303.2	6.34	26.162	-0.11026	0.00014787		303	358
104-76-7	2-Ethyl-1-hexanol	298.2	7.58	86.074	-0.42636	0.00055078		208	318
104-92-7	4-Bromoanisole	303.2	7.4	7.4367	0.012648	-0.000042128		303	358
104-93-8	4-Methylanisole	293.2	3.914	8.6608	-0.02351	0.000025		293	333
104-94-9	4-Methoxyaniline	333.2	7.85	30.149	-0.10523	0.00011467		333	453
105-05-5	p-Diethylbenzene	293.2	2.259						
105-36-2	Ethyl bromoacetate	303.2	9.75	15.627	-0.0196			303	333
105-37-3	Ethyl propanoate	293.2	5.76						
105-40-8	Ethyl N-methylcarbamate	298.2	21.1	114.77	-0.47568	0.00054127		298	373
105-46-4	sec-Butyl acetate	293.2	5.135	12.427	-0.032035	0.000024286		273	323
105-53-3	Diethyl malonate	304.2	7.55	14.809	-0.031207	0.000024066		304	393
105-54-4	Ethyl butanoate	301.2	5.18	48.698	-0.2566	0.00037237		301	343
105-56-6	Ethyl cyanoacetate	263.2	31.62						
105-58-8	Diethyl carbonate	297.2	2.82						
105-66-8	Propyl butanoate	293.2	4.3						
105-67-9	2,4-Xylenol	303.2	5.06	22.125	-0.085543	0.000096548		303	363
105-68-0	Isopentyl propanoate	273.2	5.21	17.665	-0.071718	0.000095635		273	373
105-70-4	Glycerol 1,3-diacetate	288.2	9.8	28.321	-0.089073	0.000086891		258	374
10544-63-5	Ethyl 2-butenoate	293.2	5.4						
10544-72-6	Nitrogen tetroxide	293.2	2.44	2.8212	-0.0013			253	293
10544-73-7	Nitrogen trioxide	203.2	31.13	92.287	-0.43306	0.00065		203	243
10545-99-0	Sulfur dichloride	298.2	2.915						
10588-10-0	Isobutyl pentanoate	292.2	3.8						
106-27-4	Isopentyl butanoate	293.2	4						
106-31-0	Butanoic anhydride	293.2	12.8						
106-33-2	Ethyl laurate	273.2	3.94						
106-35-4	3-Heptanone	293.2	12.7						
106-36-5	Propyl propanoate	293.2	5.249						
106-37-6	p-Dibromobenzene	368.2	2.57						
106-38-7	4-Bromotoluene	293.2	5.503	10.014	-0.013918	-0.000005		273	293
106-42-3	p-Xylene	293.2	2.2735	2.314	0.00097221	-0.00000375		293	363
106-43-4	4-Chlorotoluene	293.2	6.25	2.0265	0.04006	-0.0000875		293	333
106-44-5	p-Cresol	298.2	13.05	70.253	-0.2887	0.00031979		298	453
106-45-6	4-Methylbenzenethiol	323.2	4.74	8.7052	-0.015347	0.0000095238		323	358
106-46-7	p-Dichlorobenzene	328.2	2.3943	2.6999	-0.00035325	-0.0000017619		328	363
106-48-9	4-Chlorophenol	314.2	11.18	31.997	-0.094241	0.000088392		314	453
106-49-0	4-Methylaniline	333.2	5.058	7.8897	-0.010196	0.000005119		333	403
106-54-7	4-Chlorobenzenethiol	338.2	3.59						
106-61-6	Glycerol 1-acetate	242.2	38.57	106.53	-0.26439	-0.000062371		215	242
106-65-0	Dimethyl succinate	293.2	7.19	13.551	-0.023109	0.000005544		293	433
106-68-3	3-Octanone	303.2	10.5						
106-69-4	1,2,6-Hexanetriol	285.3	31.5	261.27	-1.4552	0.0022765		261	285
106-70-7	Methyl hexanoate	293.2	4.615						
106-73-0	Methyl heptanoate	293.2	4.355						
106-93-4	1,2-Dibromoethane	293.2	4.9612	6.7142	-0.00598			293	313
106-94-5	1-Bromopropane	293.2	8.09	17.769	-0.032599			274	328
106-95-6	3-Bromopropene	293.2	7						
106-97-8	Butane	295	1.7697	2.2379	-0.0013884	-0.00000066711		135	303
106-98-9	1-Butene	220	2.2195	2.9354	-0.003258			220	250
106-99-0	1,3-Butadiene	265	2.05	2.7674	-0.0026738			185	265
1067-08-9	3-Ethyl-3-methylpentane	291.49	1.9869	2.5983	-0.0028027	0.0000024195		292	324
107-03-9	1-Propanethiol	288.2	5.937	11.602	-0.01958			273	318
107-04-0	1-Bromo-2-chloroethane	283.2	7.41	19.493	-0.059054	0.000058036		263	363
107-05-1	3-Chloropropene	293.2	8.2						
107-06-2	1,2-Dichloroethane	293.2	10.42	24.404	-0.047892			293	343
107-07-3	2-Chloroethanol	293.2	25.8	111.55	-0.30149			140	175
107-08-4	1-Iodopropane	293.2	7.07	13.744	-0.022745			293	323
107-10-8	Propylamine	296.2	5.08	17.719	-0.059022	0.00005478		204	296
107-12-0	Propanenitrile	293.2	29.7	82.222	-0.22937	0.00017424		213	473
107-13-1	Acrylonitrile	293.2	33	111.09	-0.36806	0.00034879		233	413
107-15-3	1,2-Ethanediamine	293.2	13.82	48.922	-0.17021	0.00017262		273	333
107-18-6	Allyl alcohol	293.2	19.7	62.714	-0.14771	0.0000037879		213	303
107-19-7	Propargyl alcohol	293.2	20.8	99.895	-0.38911	0.00040776		213	293
107-21-1	1,2-Ethanediol	293.2	41.4	143.55	-0.48573	0.00046703		293	423
107-29-9	Acetaldoxime	298.2	4.7						
107-31-3	Methyl formate	288.2	9.2	19.699	-0.036429			288	302
107-39-1	2,4,4-Trimethyl-1-pentene	298.2	2.0908						
107-41-5	2-Methyl-2,4-pentanediol	293.2	25.86	145.31	-0.65285	0.00083503		203	333
107-46-0	Hexamethyldisiloxane	293.2	2.179	3.4537	-0.006153	0.0000061544		213	313
107-80-2	1,3-Dibromobutane	293.2	9.14	34.031	-0.13254	0.0001625		293	333
107-82-4	1-Bromo-3-methylbutane	291.5	6.33	27.743	-0.13927	0.00022627		123	292
107-83-5	2-Methylpentane	293.2	1.886	2.0745	0.00050871	-0.0000039286		273	323
107-84-6	1-Chloro-3-methylbutane	292	6.1	22.228	-0.093189	0.00012991		171	297
107-87-9	2-Pentanone	293.2	15.45	40.893	-0.10423	0.000060557		204	353
107-88-0	1,3-Butanediol	298.2	28.8	72.883	-0.1477			278	323
107-92-6	Butanoic acid	287.2	2.98	1.501	0.0050046			287	403
1070-32-2	3-Methyl-1-heptanol	290.3	2.884	8.4687	-0.033712	0.000049793		241	316
1070-71-9	Cyanoacetylene	291.9	72.3	918.03	-4.9149	0.0069104		281	314
1070-83-3	tert-Butylacetic acid	296.2	2.85						
1072-05-5	2,6-Dimethylheptane	293.2	1.987						
1072-16-8	2,7-Dimethyloctane	293.2	1.98						
1072-85-1	1-Bromo-2-fluorobenzene	298.2	4.72						
1073-06-9	1-Bromo-3-fluorobenzene	298.2	4.85						
1073-23-0	2,6-Dimethylpyridine-1-oxide	298.2	46.11	227.65	-0.9076	0.0010011		298	398
1077-16-3	Hexylbenzene	293.2	2.3						
1078-71-3	Heptylbenzene	293.2	2.26						
108-03-2	1-Nitropropane	288.2	24.7	94.999	-0.38358	0.0004848		276	333
108-08-7	2,4-Dimethylpentane	293.2	1.902	2.3979	-0.0017436	0.00000017857		273	323
108-10-1	4-Methyl-2-pentanone	293.2	13.11	36.341	-0.097119	0.000061896		204	373
108-20-3	Diisopropyl ether	303.2	3.805						
108-24-7	Acetic anhydride	293.2	22.45						
108-31-6	Maleic anhydride	326.2	52.75						
108-32-7	Propylene carbonate	293	66.14	159.4	-0.3953	0.00026284		273	333
108-36-1	m-Dibromobenzene	293.2	4.81	9.3214	-0.020273	0.000016667		293	353
108-38-3	m-Xylene	293.2	2.359	2.8421	-0.0010191	-0.0000021429		273	323
108-39-4	m-Cresol	298.2	12.44	81.716	-0.35039	0.00039878		274	463
108-41-8	3-Chlorotoluene	293.2	5.763	13.921	-0.037186	0.000031786		273	323
108-42-9	3-Chloroaniline	293.2	13.3						
108-43-0	3-Chlorophenol	293.2	6.255						
108-44-1	3-Methylaniline	298.2	5.816	13.477	-0.035551	0.000033135		298	398
108-46-3	Resorcinol	393.2	13.55	30.252	-0.056443	0.000035578		393	463
108-47-4	2,4-Dimethylpyridine	293.2	9.6	25.895	-0.0739	0.0000625		293	333
108-48-5	2,6-Dimethylpyridine	293.2	7.33	17.714	-0.03908	0.0000125		293	333
108-50-9	2,6-Dimethylpyrazine	308.2	2.653						
108-59-8	Dimethyl malonate	293.2	9.82	26.47	-0.076656	0.000067888		293	433
108-64-5	Ethyl 3-methylbutanoate	293.2	4.71						
108-67-8	1,3,5-Trimethylbenzene	293.2	2.279	3.8998	-0.0088072	0.000011149		288	358
108-68-9	3,5-Xylenol	323.2	9.06	54.251	-0.21647	0.00023542		323	453
108-75-8	2,4,6-Trimethylpyridine	298.2	7.807	20.99	-0.057419	0.000044286		298	358
108-83-8	2,6-Dimethyl-4-heptanone	293.2	9.91	33.178	-0.1129	0.00011454		273	393
108-85-0	Bromocyclohexane	303.2	8.0026						
108-86-1	Bromobenzene	293.2	5.45	9.41	-0.012537	-0.0000031127		234	333
108-87-2	Methylcyclohexane	293.2	2.024						
108-88-3	Toluene	296.35	2.379	3.2584	-0.003441	0.0000015937		207	316
108-89-4	4-Methylpyridine	293	12.2	33.765	-0.10113	0.00009386		274	333
108-90-7	Chlorobenzene	293.2	5.6895	19.471	-0.070786	0.000082466		293	430
108-91-8	Cyclohexylamine	293.2	4.547						
108-93-0	Cyclohexanol	293.2	16.4	101.73	-0.43072	0.00047926		293	423
108-94-1	Cyclohexanone	293	16.1	41.577	-0.11463	0.000092454		253	423
108-95-2	Phenol	303.2	12.4	63.391	-0.24988	0.0002693		303	433
108-98-5	Benzenethiol	303.2	4.26	5.7155	-0.0070336	0.0000073617		303	358
108-99-6	3-Methylpyridine	303	11.1	196.43	-1.1167	0.0016667		303	333
109-04-6	2-Bromopyridine	298.2	23.18	73.391	-0.23678	0.0002293		298	398
109-06-8	2-Methylpyridine	293.2	10.18	34.56	-0.1198	0.000125		293	333
109-09-1	2-Chloropyridine	298.2	27.32	98.702	-0.34237	0.00034502		298	398
109-21-7	Butyl butanoate	298.2	4.39	7.9684	-0.012	0.000000000000015266		298	318
109-43-3	Dibutyl sebacate	293.2	4.54						
109-52-4	Pentanoic acid	294.4	2.661	3.3491	-0.0075156	0.00001782		250	344
109-53-5	Isobutyl vinyl ether	293.2	3.34	4.806	-0.005	-4.1495E-015		293	323
109-60-4	Propyl acetate	293.2	5.62	17.677	-0.061404	0.000069196		253	353
109-61-5	Propyl chlorocarbonate	293.2	11.2						
109-64-8	1,3-Dibromopropane	293.2	9.482	29.193	-0.09445	0.0000928		293	368
109-65-9	1-Bromobutane	283.2	7.315	22.542	-0.079306	0.000089867		183	363
109-66-0	Pentane	293.2	1.8371						
109-67-1	1-Pentene	293.2	2.011	-1.1438	0.02542	-0.00005		273	293
109-69-3	1-Chlorobutane	293.2	7.276	13.565	-0.010161	-0.00003875		273	323
109-73-9	Butylamine	293.2	4.71	13.322	-0.044176	0.00005025		223	333
109-74-0	Butanenitrile	293.2	24.83	53.884	-0.099257			293	333
109-79-5	1-Butanethiol	288.2	5.204	11.201	-0.020767			273	318
109-80-8	1,3-Propanedithiol	303.2	8.11	6.6607	0.03131	-0.0000875		303	343
109-86-4	2-Methoxyethanol	298.2	17.2	118.03	-0.58	0.00081001		254	318
109-87-5	Dimethoxymethane	293.2	2.644	2.5877	-0.00093019	0.0000038472		171	293
109-89-7	Diethylamine	293.2	3.68	26.462	-0.1375	0.00020373		243	323
109-90-0	Ethyl isocyanate	293.2	19.7						
109-93-3	Divinyl ether	288.2	3.94						
109-94-4	Ethyl formate	288.2	8.57	15.884	-0.025333			288	318
109-97-7	Pyrrole	293	8	12.672	-0.014075	-0.0000062671		293	357
109-99-9	Tetrahydrofuran	295.2	7.52	30.739	-0.12946	0.00017195		224	295
110-00-9	Furan	298.2	2.94	1.3636	0.012864	-0.000022701		188	277
110-02-1	Thiophene	293.2	2.739	3.2941	-0.0019019			253	293
110-12-3	5-Methyl-2-hexanone	293.2	13.53	52.353	-0.17695	0.00015195		293	333
110-19-0	Isobutyl acetate	293.2	5.068	14.323	-0.046048	0.000049286		273	323
110-38-3	Ethyl decanoate	293.2	3.75	7.0969	-0.01508	0.0000125		293	353
110-40-7	Diethyl sebacate	303.2	4.995	39.143	-0.20965	0.00032		303	313
110-43-0	2-Heptanone	293.2	11.95	38.348	-0.12531	0.00012005		253	413
110-45-2	Isopentyl formate	288.2	5.44	29.257	-0.14028	0.0002		288	323
110-52-1	1,4-Dibromobutane	303.2	8.68	20.944	-0.05562	0.00005		303	333
110-53-2	1-Bromopentane	299.2	6.31	20.954	-0.078743	0.000098908		183	328
110-54-3	Hexane	293.2	1.8865	1.9768	0.00070933	-0.000003447		293	473
110-56-5	1,4-Dichlorobutane	308.2	9.3	5.9766	0.0493	-0.000125		308	338
110-58-7	Pentylamine	293.2	4.27	11.274	-0.034965	0.000037706		223	353
110-59-8	Pentanenitrile	293.2	20.04	55.793	-0.1575	0.00012432		183	333
110-61-2	Succinonitrile	298.2	62.6	177.24	-0.54654	0.00054046		236	351
110-62-3	Pentanal	293.2	10						
110-63-4	1,4-Butanediol	298.2	31.9	130.79	-0.46985	0.0004632		288	328
110-66-7	1-Pentanethiol	293.2	4.847	7.1131	-0.0030228	-0.000016414		273	333
110-71-4	1,2-Dimethoxyethane	296.7	7.3	48.832	-0.24218	0.00034413		256	318
110-74-7	Propyl formate	303.2	6.92						
110-80-5	2-Ethoxyethanol	298.2	13.38						
110-82-7	Cyclohexane	293.2	2.0243	2.4293	-0.0012095	-0.00000058741		283	333
110-83-8	Cyclohexene	293.2	2.2176	3.0598	-0.0039841	0.0000037554		141	313
110-86-1	Pyridine	293.2	13.26	43.991	-0.1515	0.00015925		293	323
110-88-3	1,3,5-Trioxane	338.2	15.55						
110-89-4	Piperidine	293	4.33	8.2317	-0.011229	-0.0000071429		293	333
110-91-8	Morpholine	298.2	7.42						
111-01-3	2,6,10,15,19,23-Hexamethyltetracosane	373.2	1.9106						
111-11-5	Methyl octanoate	293.2	4.101						
111-13-7	2-Octanone	293.2	9.51	-16.219	0.18799	-0.00034156		293	333
111-14-8	Heptanoic acid	288.2	3.04	3.6423	-0.0031996	0.0000039362		288	423
111-15-9	2-Ethoxyethyl acetate	303.2	7.567	23.29	-0.071566	0.000065		303	323
111-24-0	1,5-Dibromopentane	303.2	9.14	38.192	-0.15648	0.0002		303	333
111-25-1	1-Bromohexane	298.2	5.82	15.233	-0.044385	0.000043039		274	328
111-26-2	Hexylamine	293.2	4.08	8.0244	-0.016627	0.000010874		253	373
111-27-3	1-Hexanol	293.2	13.03	62.744	-0.24214	0.00024704		233	513
111-29-5	1,5-Pentanediol	293.2	26.2	118.58	-0.4592	0.00049341		243	343
111-31-9	1-Hexanethiol	293.2	4.436	11.774	-0.037298	0.000041875		273	333
111-40-0	Bis(2-aminoethyl)amine	293.2	12.62	57.84	-0.23873	0.00028841		213	333
111-42-2	Diethanolamine	293.2	25.75	73.435	-0.21377	0.000175		273	323
111-43-3	Dipropyl ether	297	3.38	14.6	-0.07267	0.00011742		161	297
111-44-4	Bis(2-chloroethyl) ether	293.2	21.2						
111-46-6	Diethylene glycol	293.2	31.82	139.73	-0.54725	0.00061149		288	343
111-48-8	Bis(2-hydroxyethyl) sulfide	293.2	28.61	131.28	-0.52719	0.00060465		253	333
111-55-7	1,2-Ethanediol, diacetate	290.2	7.7	25.093	-0.095171	0.00012224		223	290
111-61-5	Ethyl stearate	313.2	2.958	7.093	-0.019081	0.000019555		331	440
111-62-6	Ethyl cis-9-octadecenoate	301.2	3.17	5.7033	-0.011223	0.0000093447		301	423
111-65-9	Octane	293.2	1.948	2.259	-0.00084212	-0.00000075758		233	393
111-66-0	1-Octene	293.2	2.113	2.4348	0.000342	-0.000005		273	323
111-68-2	Heptylamine	293.2	3.81	8.7794	-0.024363	0.000025325		253	373
111-70-6	1-Heptanol	293.2	11.75	60.662	-0.24049	0.00025155		239	513
111-71-7	Heptanal	295.2	9.07						
111-82-0	Methyl dodecanoate	293.2	3.539						
111-83-1	1-Bromooctane	293.2	5.0957	12.404	-0.03505	0.000034542		283	353
111-84-2	Nonane	293.2	1.9722	2.3894	-0.001483	0.00000014881		253	393
111-85-3	1-Chlorooctane	298.2	5.05	11.346	-0.02512	0.00001345		274	328
111-86-4	Octylamine	293.2	3.58	7.7931	-0.020015	0.000019347		273	373
111-87-5	1-Octanol	293.2	10.3	51.647	-0.20371	0.0002132		258	513
111-88-6	1-Octanethiol	293.2	3.949	6.3667	-0.008792	0.000001875		273	333
111-92-2	Dibutylamine	293.2	2.765	5.2504	-0.010538	0.0000071485		243	323
111-96-6	Diethylene glycol dimethyl ether	298.2	7.23	28.291	-0.11236	0.00014		298	333
1112-39-6	Dimethoxydimethylsilane	298.2	3.663						
1116-61-6	Tripropylborane	293.2	2.026						
111675-77-5	2-Methyl-1-heptanol, ()-	293.1	5.16	61.698	-0.33647	0.00049066		236	328
111767-95-4	5-Methyl-1-heptanol, ()-	290.4	7.68	54.581	-0.24772	0.00029734		235	328
1119-40-0	Dimethyl glutarate	293.2	7.87	20.697	-0.057794	0.000048405		293	433
1119-49-9	N-Butylacetamide	293.2	104	707.39	-3.7369	0.0071585	-0.0000048716	253	493
112-05-0	Nonanoic acid	294.9	2.475	2.5039	0.00067274	-0.000002418		295	365
112-06-1	Heptyl acetate	293.2	4.2						
112-12-9	2-Undecanone	285.3	8.3						
112-14-1	Octyl acetate	288.2	4.18	-3.4691	0.058106	-0.00010952		288	323
112-17-4	Decyl acetate	293.2	3.75						
112-20-9	Nonylamine	293.2	3.42	5.3575	-0.0071982	0.0000019481		293	373
112-24-3	N,N'-Bis(2-aminoethyl)-1,2-ethanediamine	293.2	10.76	50.699	-0.2173	0.00027582		213	333
112-27-6	Triethylene glycol	293.2	23.69	91.845	-0.33827	0.00036062		253	333
112-29-8	1-Bromodecane	298.2	4.44	11.202	-0.033491	0.000036314		274	328
112-30-1	1-Decanol	293.2	7.93	47.195	-0.2074	0.00024942		293	343
112-39-0	Methyl palmitate	313.2	3.124						
112-40-3	Dodecane	293.2	2.012	2.3697	-0.00122	-3.6375E-017		283	363
112-41-4	1-Dodecene	293.2	2.152	2.2581	0.0011106	-0.000005		273	323
112-42-5	1-Undecanol	313.2	5.98						
112-49-2	Triethylene glycol dimethyl ether	298.2	7.62						
112-52-7	1-Chlorododecane	298.2	4.17	10.002	-0.027798	0.000027559		274	328
112-53-8	1-Dodecanol	303.2	5.82	18.518	-0.044859	0.00000999		303	358
112-57-2	Tetraethylenepentamine	293.2	9.4	40.553	-0.16681	0.00020659		213	333
112-60-7	Tetraethylene glycol	293.2	20.44	83.547	-0.31691	0.00034689		253	333
112-61-8	Methyl stearate	313.2	3.021						
112-62-9	Methyl oleate	293.2	3.211						
112-63-0	Methyl linoleate	293.2	3.466						
112-66-3	Dodecyl acetate	293.2	3.6						
112-70-9	1-Tridecanol	333.2	4.02						
112-71-0	1-Bromotetradecane	293.2	3.84	10.058	-0.033905	0.000043528		274	328
112-72-1	1-Tetradecanol	318.2	4.42	12.272	-0.024667	-0.000000000000013168		318	358
112-80-1	cis-9-Octadecenoic acid	293.2	2.336	2.5385	-0.00069448			275	368
112-82-3	1-Bromohexadecane	298.2	3.68	5.8668	-0.0073333	-5.2666E-015		298	328
112-89-0	1-Bromooctadecane	303.35	3.53	4.679	-0.0030355	-0.0000024798		303	332
112-92-5	1-Octadecanol	333.2	3.38	7.3784	-0.012	-0.000000000000022871		333	363
1120-21-4	Undecane	293.2	1.9972	2.3637	-0.00125	-8.5869E-017		283	363
1122-83-4	N-Sulfinylaniline	298.2	6.97						
1123-84-8	2,5-Dichlorostyrene	298.2	2.58						
1126-79-0	Butyl phenyl ether	293.2	3.734						
1131-60-8	4-Cyclohexylphenol	404.2	4.42						
115-07-1	Propene	220	2.1365	2.9623	-0.0037564			220	250
115-10-6	Dimethyl ether	258	6.18	22.389	-0.086524	0.000091291		155	258
115-11-7	Isobutene	288.7	2.1225	3.3701	-0.0043295			220	289
115-17-3	Tribromoacetaldehyde	293.2	7.6						
116-16-5	Hexachloroacetone	291.9	3.925	7.6423	-0.015838	0.000010618		269	303
117-84-0	Dioctyl phthalate	293.2	5.22						
1174-72-7	Phenyl silicate	333.2	3.4915						
118-55-8	Phenyl salicylate	290.2	6.92	26.545	-0.1118	0.0001522		290	358
118-58-1	Benzyl salicylate	301.2	4.12						
118-61-6	Ethyl salicylate	308.2	8.48	18.91	-0.035623	0.0000046529		225	321
118-69-4	2,6-Dichlorotoluene	301.2	3.36						
1185-33-7	2,2-Dimethyl-1-butanol	293.2	10.5	140.54	-0.72925	0.00097821		243	393
1185-55-3	Trimethoxymethylsilane	298.2	4.9						
1187-03-7	Tetraethylurea	296.8	14.29	52.82	-0.1879	0.0001958		205	411
1187-58-2	N-Methylpropanamide	293.2	170						
119-36-8	Methyl salicylate	314.4	8.8	20.501	-0.039045	0.0000068298		223	398
119-42-6	2-Cyclohexylphenol	328.2	3.97						
119-61-9	Benzophenone	300.2	12.62	34.13	-0.10249	0.00010268		300	420
119-64-2	1,2,3,4-Tetrahydronaphthalene	298.2	2.771	2.9172	0.0012832	-0.0000059453		298	343
119-65-3	Isoquinoline	298.2	11	144.12	-0.79935	0.0011839		298	323
1190-63-2	Hexadecyl stearate	333.2	2.61						
1191-95-3	Cyclobutanone	298.2	14.27	43.974	-0.15712	0.00019264		220	317
1191-96-4	Ethylcyclopropane	293.2	1.933						
120-12-7	Anthracene	502	2.649	20.571	-0.069169	0.000066667		502	516
120-50-3	Isobutyl benzoate	291.2	5.39						
120-51-4	Benzyl benzoate	303.2	5.26	7.6856	-0.008	-8.0361E-016		303	358
120-80-9	Pyrocatechol	388.2	17.57	74.93	-0.22142	0.00018919		388	463
120-92-3	Cyclopentanone	298.2	13.58	24.083	-0.030286	-0.000016802		219	298
120-94-5	N-Methylpyrrolidine	298.2	32.2						
12057-92-0	Manganese(VII) oxide	293.2	3.28	3.7655	-0.0016463			283	312
121-43-7	Trimethyl borate	293.2	2.2762						
121-44-8	Triethylamine	293.2	2.418	2.9205	-0.0014007	-0.0000013469		233	323
121-69-7	N,N-Dimethylaniline	298.2	4.9	8.4052	-0.013549	0.0000062835		289	453
121-73-3	1-Chloro-3-nitrobenzene	323.2	20.9	77.193	-0.25118	0.00023798		323	433
122-03-2	4-Isopropylbenzaldehyde	288.2	10.68						
122-32-7	Glycerol trioleate	293.2	3.109						
122-39-4	Diphenylamine	323.2	3.73						
122-51-0	Triethoxymethane	293.2	4.779						
122-63-4	Benzyl propanoate	303	5.11	4.2301	0.013962	-0.000036426		303	358
122-79-2	Phenyl acetate	298.2	5.403	11.327	-0.026707	0.000022938		298	404
122-97-4	Benzenepropanol	293.2	11.97	94.482	-0.4554	0.00059307		213	303
123-11-5	4-Methoxybenzaldehyde	303.2	22						
123-19-3	4-Heptanone	293.2	12.6	41.52	-0.13839	0.00013497		253	393
123-25-1	Diethyl succinate	293.2	6.098	8.0213	0.001181	-0.0000264		293	343
123-32-0	2,5-Dimethylpyrazine	293.2	2.436						
123-35-3	-Myrcene	298.2	2.3						
123-38-6	Propanal	290.2	18.5						
123-39-7	N-Methylformamide	293.2	189	1038.3	-4.3165	0.0048398		276	353
123-42-2	Diacetone alcohol	298.2	18.2						
123-51-3	3-Methyl-1-butanol	293.2	15.63	79.733	-0.31272	0.00032014		173	513
123-54-6	2,4-Pentanedione	303.2	26.524						
123-62-6	Propanoic anhydride	293.2	18.3						
123-66-0	Ethyl hexanoate	293.2	4.45	11.007	-0.0328	0.000035714		253	353
123-72-8	Butanal	298.2	13.45						
123-75-1	Pyrrolidine	293	8.3	38.191	-0.15462	0.00017941		274	333
123-86-4	Butyl acetate	293.2	5.07	13.825	-0.043994	0.000048214		253	353
123-91-1	1,4-Dioxane	293.2	2.2189	2.7299	-0.001744			293	313
123-92-2	Isopentyl acetate	293.2	4.72						
123-95-5	Butyl stearate	298.2	3.12	73.894	-0.46261	0.000755		298	343
123434-07-1	2,4,6-Trimethyl-3-heptene (unspecified isomer)	293.2	2.293						
124-06-1	Ethyl myristate	293.2	3.5	5.2642	-0.006	-4.7358E-016		293	353
124-07-2	Octanoic acid	288.2	2.85	2.9391	-0.00038721			288	423
124-10-7	Methyl tetradecanoate	293.2	3.352						
124-11-8	1-Nonene	293.2	2.18	2.271	0.0015797	-0.0000064286		273	323
124-12-9	Octanenitrile	293.2	13.9						
124-18-5	Decane	293.2	1.9853	2.4054	-0.0015445	0.00000044643		253	393
124-22-1	Dodecylamine	303.2	3.07	2.7999	0.004481	-0.000011905		303	373
124-30-1	Octadecylamine	326.35	2.67						
124-38-9	Carbon dioxide	295	1.4492	0.79062	0.010639	-0.00002851		220	300
124-63-0	Methanesulfonyl chloride	293.2	34	103.84	-0.33838	0.00034156		293	373
124-73-2	1,2-Dibromotetrafluoroethane	298.2	2.34						
126-73-8	Tributyl phosphate	293.2	8.34	26.304	-0.08848	0.000092857		293	373
126-99-8	2-Chloro-1,3-butadiene	293.2	4.914						
127-00-4	1-Chloro-2-propanol	153.2	59	-19.169	1.3605	-0.0055567		153	177
127-18-4	Tetrachloroethene	303.2	2.268						
127-19-5	N,N-Dimethylacetamide	294.2	38.85	154.2	-0.57506	0.00061911		294	433
127-63-9	Diphenyl sulfone	406.2	21.1						
127-91-3	-Pinene	298.2	2.497						
131-11-3	Dimethyl phthalate	293.2	8.66						
131-18-0	Dipentyl phthalate	293.2	6						
132-64-9	Dibenzofuran	373.2	3						
13269-52-8	trans-3-Hexene	293.2	1.954						
13313-91-2	Propyl trichloroacetate	298.2	8.32						
1333-74-0	Hydrogen	13.52	1.2792	1.3327	-0.0051946			14	19
134-20-3	Methyl 2-aminobenzoate	298.2	21.9						
134-32-7	1-Naphthylamine	333.2	5.2	10.577	-0.022114	0.000017857		333	453
134-55-4	Phenyl 2-(acetyloxy)benzoate	384.2	4.33						
134-81-6	Benzil	368.2	13.04	-23.599	0.22715	-0.00034667		368	393
13403-37-7	Epichlorohydrin	293.2	22.6						
13444-87-6	Nitrosyl bromide	288.4	13.4						
13450-92-5	Germanium(IV) bromide	299.9	2.955	3.445	-0.0016083			300	316
13454-99-4	Phosphorus(V) dichloride trifluoride	228.63	2.8129	4.6501	-0.0080358			172	229
13463-30-4	Lead(IV) chloride	293.2	2.78						
13463-40-6	Iron pentacarbonyl	293.2	2.602						
13498-11-8	Phosphorus(V) tetrachloride fluoride	272.64	2.6499	3.3503	-0.0029651			244	273
135-01-3	o-Diethylbenzene	293.2	2.594						
135-19-3	2-Naphthol	413	4.95	9.2865	-0.0105	4.2501E-016		413	453
13520-90-6	Vanadyl tribromide	298.2	3.6	6.1112	-0.0084211			203	298
13537-23-0	Phosphorus(V) trichloride difluoride	268	2.3752	2.8905	-0.0019228			215	268
136-60-7	Butyl benzoate	303.2	5.52	7.7854	-0.0034972	-0.000013149		303	358
13637-63-3	Chlorine pentafluoride	193.2	4.28	7.8192	-0.02086	0.000013132		193	256
13693-09-9	Xenon hexafluoride	328.2	4.1						
139-66-2	Diphenyl sulfide	298.2	5.43						
140-11-4	Benzyl acetate	303.2	5.34	11.727	-0.030869	0.00003234		303	358
140-29-4	Benzeneacetonitrile	299.2	17.87	82.175	-0.37416	0.0005322		299	343
140-88-5	Ethyl acrylate	303.2	6.05	47.827	-0.24394	0.00035		303	343
141-04-8	Diisobutyl hexanedioate	293.2	5.19						
141-05-9	Diethyl maleate	298.2	7.56	13.953	-0.021969	0.0000017817		298	343
141-06-0	Propyl pentanoate	292.2	4						
141-28-6	Diethyl hexanedioate	293.2	6.109	14.824	-0.040749	0.0000376		293	343
141-32-2	Butyl acrylate	301.2	5.25	38.296	-0.19109	0.00027006		301	343
141-43-5	Ethanolamine	293.2	31.94	148.9	-0.62491	0.00077143		253	293
141-62-8	Decamethyltetrasiloxane	293.2	2.37						
141-78-6	Ethyl acetate	293.2	6.0814	15.646	-0.044066	0.000039137		293	433
141-79-7	Mesityl oxide	273.2	15.6						
141-93-5	m-Diethylbenzene	293.2	2.369						
141-97-9	Ethyl acetoacetate	293.2	14						
142-26-7	N-Acetylethanolamine	298.2	96.6	370.16	-1.3113	0.0013214		298	348
142-28-9	1,3-Dichloropropane	303.2	10.27	21.609	-0.037333			303	333
142-29-0	Cyclopentene	295	2.083	2.8177	-0.0027597	0.00000089346		171	319
142-62-1	Hexanoic acid	298.2	2.6	2.173	0.001484	-0.00000016526		298	433
142-68-7	Tetrahydropyran	293.2	5.66	19.793	-0.076071	0.000094852		234	333
142-77-8	Butyl oleate	298.2	4						
142-82-5	Heptane	293.2	1.9209	2.474	-0.0022577	0.0000012428		273	373
142-84-7	Dipropylamine	293.2	2.923	11.376	-0.049796	0.000071792		243	323
142-92-7	Hexyl acetate	293.2	4.42						
142-96-1	Dibutyl ether	293.2	3.083	6.5383	-0.016172	0.000014969		293	314
143-08-8	1-Nonanol	293.2	8.83	97.467	-0.51103	0.00071429		288	343
143-13-5	Nonyl acetate	293.2	3.87						
143-15-7	1-Bromododecane	298.2	4.07	8.6103	-0.020891	0.000018994		274	328
143-24-8	Tetraethylene glycol dimethyl ether	298.2	7.68						
143-27-1	Hexadecylamine	328.35	2.71						
14321-27-8	Benzylethylamine	293.2	4.3						
14371-10-9	trans-Cinnamaldehyde	305.8	17.72	41.837	-0.1106	0.00010401		306	354
1454-85-9	1-Heptadecanol	333.2	3.41						
1455-13-6	Methan-d1-ol	297.5	31.68	208.39	-1.0318	0.001474		176	298
1461-25-2	Tetrabutylstannane	293.2	9.74	56.115	-0.24812	0.00030682		293	313
1462-03-9	1-Methylcyclopentanol	310.1	7.11	75.444	-0.36617	0.00047021		310	333
1476-23-9	Allyl isocyanate	288.2	15.15	34.299	-0.066444			288	333
14850-22-7	cis-3-Octene	298.2	2.062						
14850-23-8	trans-4-Octene	298.2	2.004						
149-32-6	1,2,3,4-Butanetetrol	393.2	28.2						
149-57-5	2-Ethylhexanoic acid	296.2	2.64						
1490-04-6	5-Methyl-2-isopropylcyclohexanol	309.3	3.9	6.8202	-0.015894	0.000020837		309	358
14919-01-8	trans-3-Octene	298.2	2.002						
14979-39-6	4-Methyl-3-heptanol	293.2	3.312	-4.8003	0.05074	-0.000075		343	403
150-19-6	3-Methoxyphenol	298.2	11.59	37.279	-0.12113	0.00011698		298	433
150-76-5	4-Methoxyphenol	333.7	11.05	39.483	-0.12142	0.00010841		334	453
150-78-7	1,4-Dimethoxybenzene	333.7	5.6	11.289	-0.020765	0.000011987		334	463
1501-27-5	Monomethyl glutarate	293.2	8.37	16.779	-0.039839	0.000038095		293	363
1501-60-6	cis-2-Methyl-1,3-pentadiene	298.2	2.422						
151-10-0	1,3-Dimethoxybenzene	298.2	5.363	11.911	-0.030804	0.000029643		298	358
151-56-4	Ethyleneimine	298.2	18.3	61.405	-0.14474			273	298
1529-17-5	Trimethylphenoxysilane	298.2	3.3953						
1551-44-6	Cyclohexyl butanoate	293.2	4.58						
156-43-4	4-Ethoxyaniline	298.2	7.43						
156-59-2	cis-1,2-Dichloroethene	298.2	9.2						
156-60-5	trans-1,2-Dichloroethene	293.2	2.14						
1563-90-2	N,N-Dibutylacetamide	293.2	19.1						
1565-81-7	3-Decanol	298.2	4.05	52.09	-0.3102	0.0005		288	308
1569-69-3	Cyclohexanethiol	298.2	5.42						
1570-45-2	Ethyl 4-pyridinecarboxylate	293.2	8.95						
1574-41-0	cis-1,3-Pentadiene	298.2	2.319						
1585-07-5	1-Bromo-4-ethylbenzene	298.2	5.42						
15918-07-7	5-Methyl-4-nonene	293.2	2.175						
1603-84-5	Carbon oxyselenide	283.2	3.47	4.874	-0.0049425			219	283
1639-09-4	1-Heptanethiol	293.2	4.194	7.1333	-0.009732	-0.00000125		273	333
1653-40-3	6-Methyl-1-heptanol	290.3	10.54	57.997	-0.23517	0.00024663		265	328
1674-10-8	1,2-Dimethylcyclohexene	296	2.144	2.6443	-0.0017973	0.00000035815		211	374
1674-33-5	1,2-Dichloropentane	293.2	6.89	19.016	-0.057954	0.000056801		293	356
1679-09-0	2-Methyl-2-butanethiol	293.2	5.087	15.116	-0.0507	0.00005625		273	333
16921-96-3	Iodine heptafluoride	298.2	1.75						
17015-11-1	3-Hexanol	298.2	9.66						
1731-84-6	Methyl nonanoate	293.2	3.943						
1731-86-8	Methyl undecanoate	293.2	3.671						
1731-88-0	Methyl tridecanoate	293.2	3.442						
1731-92-6	Methyl heptadecanoate	313.2	3.07						
1731-94-8	Methyl nonadecanoate	313.2	2.982						
17312-63-9	5-Butylnonane	293.2	2.0319						
1755-01-7	Dicyclopentadiene	313.2	2.43	3.0564	-0.002	8.2443E-016		313	373
17639-93-9	Methyl 2-chloropropanoate	303.2	11.45	22.449	-0.03625			303	343
1778-09-2	4-Acetylthioanisole	355.2	11.34						
17952-11-3	Ethyl pentyl ether	296.2	3.6						
1809-05-8	3-Iodopentane	293.2	7.432						
1809-10-5	3-Bromopentane	298.2	8.37						
1825-62-3	Ethoxytrimethylsilane	298.2	3.013						
1838-73-9	3-Methyl-4-heptanol	290	7.46	33.354	-0.14077	0.0001775		230	330
18492-37-0	()-Fenchone	294.2	12.8						
1850-14-2	Tetramethoxymethane	293.2	2.4						
18720-65-5	5-Methyl-3-heptanol	293.2	3.832	6.1967	-0.006375			343	383
1873-29-6	Isobutyl isocyanate	293.2	11.638	38.026	-0.12714	0.00012679		293	353
19287-45-7	Diborane	180.66	1.8725	2.3848	-0.0029501	0.00000064189		108	181
19329-89-6	Isopentyl lactate	273.2	11.2	48.649	-0.21253	0.00027619		273	373
1943-83-5	2-Chloroethyl isocyanate	288.2	29.1	64.311	-0.12217			288	403
19624-22-7	Pentaborane(9)	298.2	21.1	409.52	-2.4414	0.0038225		226	298
1973-22-4	1-Bromo-2-ethylbenzene	298.2	5.55						
1974-04-5	2-Bromoheptane	295.2	6.46						
1986-90-9	Dipentyl sulfoxide	348.2	18.8						
2009-83-8	6-Chloro-1-hexanol	242.2	21.6	-7.3364	0.46377	-0.0014202		195	242
20115-23-5	Phenyl pentanoate	293.2	4.3						
2016-42-4	Tetradecylamine	312.55	2.9						
2016-57-1	Decylamine	293.2	3.31	6.1497	-0.012801	0.000010606		293	373
20281-83-8	3-Methyl-1-pentanol, ()-	298.2	15.2						
20281-86-1	2-Hexanol	298.2	11.06						
2031-67-6	Triethoxymethylsilane	298.2	3.845						
2049-96-9	Pentyl benzoate	293.2	5.07						
2050-08-0	Pentyl salicylate	301.2	6.25						
2050-09-1	Isopentyl pentanoate	292.2	3.6						
2050-24-0	1,3-Diethyl-5-methylbenzene	293.2	2.264						
2051-31-2	4-Decanol	298.2	3.42	-11.26	0.09396	-0.00015		288	308
20972-43-4	trans-Azoxybenzene	311.2	5.2						
21266-88-6	2,3-Dibromoheptane	298.2	5.08						
21266-90-0	3,4-Dibromoheptane	298.2	4.7						
21570-35-4	2-Methyl-4-heptanol	296.3	3.338	0.42102	0.010427	-0.0000020438		230	333
2162-98-3	1,10-Dichlorodecane	308.2	6.68	-5.7423	0.09422	-0.000175		308	338
2162-99-4	1,8-Dichlorooctane	298.2	7.64						
2163-00-0	1,6-Dichlorohexane	308.2	8.6	11.277	0.00672	-0.00005		308	338
2168-93-6	Dibutyl sulfoxide	313.2	24.73	67.156	-0.16448	0.000092275		313	393
2173-56-0	Pentyl pentanoate	305.6	4.076	7.7641	-0.014335	0.000007374		306	393
2176-98-9	Tetrapropylstannane	293.2	2.267						
2189-60-8	Octylbenzene	293.2	2.26						
2213-23-2	2,4-Dimethylheptane	293.2	1.89						
2216-30-0	2,5-Dimethylheptane	293.2	1.89						
2216-34-4	4-Methyloctane	293.2	1.967						
2216-69-5	1-Methoxynaphthalene	293.2	4.02	7.1885	-0.014838	0.00001375		293	333
2243-27-8	Nonanenitrile	293.2	12.08						
22768-19-0	cis-3-Methyl-2-heptene	293.2	2.436						
2313-65-7	3-Methyl-2-hexanol	297.2	4.99	59.724	-0.32417	0.00047058		244	372
2315-68-6	Propyl benzoate	303.2	5.78	10.927	-0.020535	0.000011745		303	358
2370-12-9	2,2-Dimethyl-1-pentanol	293.2	6.02	37.318	-0.17095	0.00022022		283	393
2370-13-0	2,2-Dimethyl-1-hexanol	293.2	4.5	9.1244	-0.021785	0.000021018		283	393
2370-14-1	2,2-Dimethyl-1-octanol	293.2	7.86	69.536	-0.34596	0.0004625		293	333
2385-70-8	2-Bromobutanoic acid, ()-	293.2	7.2						
2432-87-3	Dioctyl sebacate	299.2	4.01						
2437-56-1	1-Tridecene	293.2	2.139	1.4154	0.0066514	-0.000014286		273	323
2456-28-2	Didecyl ether	293.2	2.644	4.1465	-0.006224	0.00000375		293	333
2473-01-0	1-Chlorononane	293.2	4.803	9.5528	-0.0162	-0.000000000000016365		293	323
24734-68-7	Benzenepropanethiol	303.2	4.36	8.2411	-0.015034	0.0000073617		303	358
24965-84-2	2-Methylcyclohexanone, ()-	293.2	14						
2551-62-4	Sulfur hexafluoride	223.2	1.81						
2570-26-5	Pentadecylamine	313.25	2.85						
2612-33-1	3-Chloro-1,2-propanediol dinitrate	293.2	17.5						
26171-83-5	1,2-Butanediol, ()-	298.2	22.4	63.702	-0.13807			278	323
26198-63-0	1,2-Dichloropropane, ()-	293.2	8.37	18.915	-0.035907			281	323
2652-13-3	Eicosamethylnonasiloxane	293.2	2.645	5.784	-0.016568	0.00002		293	323
26549-25-7	3-Heptanol, (S)-	296.1	7.07	195.86	-1.1465	0.0017175		248	349
2676-33-7	Ethyl lactate	303.2	15.4	31.225	-0.043531	-0.000028571		273	373
2696-92-6	Nitrosyl chloride	285.2	18.2						
2725-82-8	1-Bromo-3-ethylbenzene	298.2	5.56						
2738-19-4	2-Methyl-2-hexene	293.2	2.962						
2808-76-6	1,3-Dimethylcyclohexene	296	2.182	2.9951	-0.0034615	0.0000024026		213	373
2810-04-0	Ethyl thiophene-2-carboxylate	293.2	6.18						
287-92-3	Cyclopentane	293.2	1.9687	2.4287	-0.0015304	-0.000000131		278	313
290-37-9	Pyrazine	323.2	2.8						
291-64-5	Cycloheptane	293.2	2.0784	2.5136	-0.0015089	0.000000084915		278	333
292-64-8	Cyclooctane	295	2.116	2.5036	-0.001246	-0.00000023175		295	411
29662-90-6	2,2-Dimethyloctanoic acid	296.2	2.8						
300-57-2	Allylbenzene	293.2	2.63						
3004-93-1	2-Methyloctanoic acid	293.2	2.39						
301-00-8	Methyl linolenate	293.2	3.355						
3017-68-3	cis-2-Bromo-2-butene	293.2	5.38						
3017-71-8	trans-2-Bromo-2-butene	293.2	6.76						
302-01-2	Hydrazine	298.2	51.7	220.61	-0.89633	0.0011066		278	323
30685-95-1	trans--Ionone, ()-	292.4	10.78						
3070-53-9	1,6-Heptadiene	293	2.161	3.0815	-0.0036095	0.0000016354		184	293
311-89-7	Tris(perfluorobutyl)amine	293.2	2.15						
3112-85-4	Methyl phenyl sulfone	373.2	37.9						
31294-92-5	3-Iodoheptane	295.2	6.39						
31367-46-1	3-Methyl-2-heptanol	289.6	7.47	39.178	-0.17976	0.00024218		229	329
3153-37-5	Methyl 4-chlorobutanoate	303.2	9.51	17.127	-0.025			303	343
3178-29-8	4-Propylheptane	293.2	1.9955						
3217-86-5	N-Propylpropanamide	298.2	118.1	588.46	-2.2012	0.002087		298	328
3221-61-2	2-Methyloctane	293.2	1.967						
3234-49-9	1,2-Dibromopentane	298.2	4.39						
3274-29-1	2-Ethylheptanoic acid	293.2	1.98						
3289-28-9	Ethyl cyclohexanecarboxylate	293.2	4.64						
3329-56-4	Butoxyacetylene	298.2	6.62						
335-57-9	Perfluoroheptane	289.2	1.847						
33560-15-5	Isobutyl trichloroacetate	293.2	7.667						
3395-91-3	Methyl 3-bromopropanoate	303.2	5.81	3.6001	0.00725			303	343
3404-78-2	2,5-Dimethyl-2-hexene	293.2	2.431						
3439-97-2	Methyltriphenoxysilane	298.2	3.628						
3440-02-6	Dimethyldiphenoxysilane	298.2	3.5	5.1669	-0.0077001	0.0000070156		283	353
3454-07-7	4-Ethylstyrene	298.2	3.35						
34713-94-5	2-Methyl-1-butanol, ()-	298.2	15.63	14.02	0.13948	-0.00045		288	318
348-51-6	1-Chloro-2-fluorobenzene	298.2	6.1						
348-52-7	1-Fluoro-2-iodobenzene	298.2	8.22						
3487-99-8	Pentyl cinnamate	293.2	4.89						
352-32-9	4-Fluorotoluene	298.2	5.88						
352-33-0	1-Chloro-4-fluorobenzene	298.2	3.34						
352-34-1	1-Fluoro-4-iodobenzene	298.2	3.12						
352-70-5	3-Fluorotoluene	298.2	5.41						
352-93-2	Diethyl sulfide	298.2	5.723						
353-54-8	Tribromofluoromethane	293.2	3	5.3203	-0.011061	0.000010688		206	323
353-59-3	Bromochlorodifluoromethane	123.2	3.92	5.2442	-0.011			123	223
354-21-2	1,2,2-Trichloro-1,1-difluoroethane	303.2	4.01	7.5423	-0.011667			303	333
355-02-2	Perfluoromethylcyclohexane	298.2	1.82						
355-42-0	Perfluorohexane	298.2	1.76						
355-80-6	2,2,3,3,4,4,5,5-Octafluoro-1-pentanol	298.2	15.3						
36383-15-0	sec-Butylbenzene, ()-	293.2	2.357	2.8348	-0.00068586	-0.0000032143		273	323
3657-07-6	Butyl trichloroacetate	293.2	7.48						
36653-82-4	1-Hexadecanol	333.2	3.69	8.5935	-0.014714	-0.000000000000045533		333	363
367-11-3	o-Difluorobenzene	301.2	13.38	59.107	-0.23611	0.00027987		273	323
3710-30-3	1,7-Octadiene	293	2.186	2.8376	-0.0017442	-0.0000016141		214	293
372-09-8	Cyanoacetic acid	277.2	33.4						
372-18-9	m-Difluorobenzene	301.2	5.01	14.448	-0.046982	0.000051948		273	323
3741-38-6	1,2-Ethanediol, monosulfite	298.2	39.6	85.483	-0.154			298	328
375-01-9	2,2,3,3,4,4,4-Heptafluoro-1-butanol	298.2	14.4						
3760-11-0	2-Nonenoic acid	296.2	2.5						
3913-02-8	2-Butyl-1-octanol	363.2	3.28						
392-56-3	Hexafluorobenzene	298.2	2.029	2.4041	-0.00083086	-0.0000014286		298	338
3967-54-2	4-Chloro-1,3-dioxolan-2-one	313.2	62						
3982-91-0	Phosphorothioc trichloride	298.2	4.94						
402-31-3	1,3-Bis(trifluoromethyl)benzene	303.2	5.98						
4050-45-7	trans-2-Hexene	295	1.978	2.4338	-0.0011323	-0.000001372		157	295
407-25-0	Trifluoroacetic acid anhydride	298.2	2.7						
4101-68-2	1,10-Dibromodecane	303.2	6.56	17.35	-0.050328	0.000048633		303	368
4124-30-5	Dichloroacetic anhydride	298.2	15.8						
4124-31-6	Trichloroacetic anhydride	298.2	5						
4128-31-8	2-Octanol	293.2	8.13	63.76	-0.27643	0.00031075		213	513
4192-77-2	Ethyl trans-cinnamate	293.2	5.63						
42027-23-6	2,3-Pentanediol	296.9	17.37	95.876	-0.46463	0.00067434		238	297
4228-00-6	Phenyl laurate	293.2	3.28						
42474-21-5	1,2-Dibromoheptane	298.2	3.77						
4253-91-2	Dipropyl sulfoxide	303.2	30.37	84.868	-0.23486	0.00018198		303	373
4254-02-8	Cyclopentanecarbonitrile	293.2	22.68	69.83	-0.25303	0.00031491		201	293
4279-76-9	Phenoxyacetylene	298.2	4.76						
4282-40-0	1-Iodoheptane	298.2	4.92	11.856	-0.033493	0.000034368		294	323
4292-19-7	1-Iodododecane	298.2	3.91	3.4641	0.0097404	-0.000027602		293	323
431-03-8	2,3-Butanedione	298.2	4.04	4.6907	-0.0022302			278	348
4346-18-3	Phenyl butanoate	293.2	4.48						
4351-54-6	Cyclohexyl formate	293.2	6.47						
4549-32-0	1,8-Dibromooctane	298.2	7.43	0.94117	0.06152	-0.00013333		298	328
4549-33-1	1,9-Dibromononane	293.2	7.153	18.931	-0.057764	0.00006		293	343
4549-74-0	3-Methyl-1,3-pentadiene	298.2	2.426						
455-32-3	Benzoyl fluoride	293.2	22.7						
460-00-4	1-Bromo-4-fluorobenzene	298.2	2.6						
460-35-5	3-Chloro-1,1,1-trifluoropropane	295.2	7.32	22.361	-0.06884	0.000060594		275	313
462-06-6	Fluorobenzene	293.2	5.465						
462-18-0	7-Tridecanone	303.2	7.6						
462-95-3	Diethoxymethane	293.2	2.527	2.5294	0.000073988	-0.00000028331		227	293
463-04-7	Pentyl nitrite	298.2	7.21						
463-11-6	1-Fluorooctane	293.2	3.89						
463-40-1	cis,cis,cis-9,12,15-Octadecatrienoic acid	293.2	2.825	3.3867	-0.0019181			274	368
463-49-0	Allene	269	2.025	2.6049	-0.00044147	-0.000006342		156	269
463-58-1	Carbon oxysulfide	185	4.47	8.4702	-0.021488			143	185
463-82-1	Neopentane	296	1.769	10.949	-0.063057	0.00010835		251	296
4630-82-4	Methyl cyclohexanecarboxylate	293.2	4.87						
464-06-2	2,2,3-Trimethylbutane	293.2	1.93						
464-10-8	Tribromonitromethane	298.2	9.034	16.079	-0.02363			298	328
4645-15-2	Dicyclohexyl ether	293.2	3.45	9.5324	-0.03174	0.0000375		293	333
470-82-6	Eucalyptol	298.2	4.57						
473-55-2	Pinane	298.2	2.1456						
4730-22-7	6-Methyl-2-heptanol	290.1	6.41	77.52	-0.41724	0.00059448		239	329
4806-61-5	Ethylcyclobutane	293.2	1.965						
488-23-3	1,2,3,4-Tetramethylbenzene	296	2.538	3.3822	-0.003363	0.0000017475		273	412
491-35-0	4-Methylquinoline	293.2	9.31	17.788	-0.03258	0.0000125		293	333
493-01-6	cis-Decahydronaphthalene	293.2	2.219	2.541	-0.001142	0.00000015092		293	373
493-02-7	trans-Decahydronaphthalene	293.2	2.184	2.6615	-0.0021241	0.0000016864		293	373
50-70-4	D-Glucitol	353.2	35.5						
50-78-2	2-(Acetyloxy)benzoic acid	333.2	6.55	6.9994	-0.0014553			333	416
502-42-1	Cycloheptanone	298.2	13.16	175.11	-1.1221	0.0019417		258	298
502-56-7	5-Nonanone	293.2	10.6						
503-66-2	3-Hydroxypropanoic acid	296.2	30						
504-57-4	10-Nonadecanone	353.2	5.37						
504-63-2	1,3-Propanediol	293.2	35.1	113.65	-0.3668	0.00033766		288	328
507-09-5	Thioacetic acid	298.2	14.3						
507-16-4	Thionyl bromide	293.2	9.06						
507-19-7	2-Bromo-2-methylpropane	293	10.98	35.085	-0.14075	0.0001996		258	293
507-20-0	2-Chloro-2-methylpropane	293.2	9.663	35.077	-0.12867	0.00014304		273	323
507-36-8	2-Bromo-2-methylbutane	298.2	9.21						
509-14-8	Tetranitromethane	293.2	2.317						
51-79-6	Ethyl carbamate	328.2	14.14	32.431	-0.065097	0.000028571		328	368
512-56-1	Trimethyl phosphate	293.2	20.6						
513-08-6	Tripropyl phosphate	293.2	10.93	33.166	-0.10514	0.0001		293	373
513-35-9	2-Methyl-2-butene	296	1.979	2.6064	-0.0019578	-0.00000053908		225	296
513-36-0	1-Chloro-2-methylpropane	293.2	7.027	14.945	-0.033747	0.000023036		273	323
513-44-0	2-Methyl-1-propanethiol	298.2	4.961						
513-81-5	2,3-Dimethyl-1,3-butadiene	293.2	2.102	2.6258	-0.001799	0.00000012035		223	323
513-88-2	1,1-Dichloroacetone	293.2	14.6						
515-84-4	Ethyl trichloroacetate	293.2	8.428						
519-73-3	Triphenylmethane	367.2	2.46	4.0201	-0.0066507	0.0000065329		367	448
5194-51-4	trans,trans-2,4-Hexadiene	297	2.123	2.6774	-0.0016977	-0.00000055637		232	353
5205-34-5	5-Decanol	298.2	3.24	-2.5832	0.031456	-0.00004		288	308
52152-71-3	2-Iodobutane, ()-	293.2	7.873	10.883	-0.001468	-0.00003		293	323
52390-72-4	2-Heptanol, ()-	293.7	9.72	100.5	-0.49793	0.00064504		207	365
526-73-8	1,2,3-Trimethylbenzene	293.2	2.656	7.6006	-0.029118	0.000041786		273	323
526-75-0	2,3-Xylenol	343.2	4.81	14.399	-0.041438	0.000039244		343	433
52708-03-9	4-Nonanol	298.2	3.69	2.7954	0.003	-0.000000000000052375		288	308
530-91-6	1,2,3,4-Tetrahydro-2-naphthol	293.2	11.7	98.978	-0.48267	0.00063008		293	363
53178-20-4	2-Chlorobutane	293.2	8.564	30.376	-0.11377	0.00013429		273	323
5328-01-8	1-Ethoxynaphthalene	292.2	3.3						
533-68-6	Ethyl 2-bromobutanoate	303.2	8.57	49.005	-0.23193	0.000325		303	333
533-98-2	1,2-Dibromobutane	293.2	4.74	111.99	-0.63334	0.0009125		293	333
5337-36-0	Trihexyl borate	293.2	2.22						
534-22-5	2-Methylfuran	293.2	2.76						
535-11-5	Ethyl 2-bromopropanoate	293.2	9.4						
535-13-7	Ethyl 2-chloropropanoate	303.2	11.95	25.965	-0.04625			303	343
536-74-3	Phenylacetylene	298.2	2.98						
536-75-4	4-Ethylpyridine	293.2	10.98	-7.3831	0.14326	-0.000275		293	333
536-90-3	3-Methoxyaniline	298.2	8.76	28.179	-0.09784	0.00011027		289	393
537-39-3	Glycerol trielaidate	313.2	2.98						
538-23-8	Glycerol trioctanoate	293.2	3.931						
538-24-9	Glycerol trilaurate	313.2	3.287						
538-93-2	Isobutylbenzene	293.2	2.318	2.8055	-0.00092614	-0.0000025		273	323
539-30-0	Benzyl ethyl ether	298.2	3.9						
539-82-2	Ethyl pentanoate	291.2	4.71						
54-11-5	L-Nicotine	293.2	8.937	21.347	-0.057177	0.000050655		293	363
540-07-8	Pentyl hexanoate	288.2	4.22	8.3503	-0.018449	0.000014286		288	323
540-08-9	9-Heptadecanone	328.2	5.43	44.176	-0.21183	0.00028571		328	363
540-18-1	Pentyl butanoate	301.2	4.08	5.9029	-0.0049905	-0.0000034292		301	343
540-54-5	1-Chloropropane	293.2	8.588	21.214	-0.04313			273	313
540-63-6	1,2-Ethanedithiol	293.2	7.26	11.228	-0.0135			293	333
540-80-7	tert-Butyl nitrite	298.2	11.47						
540-84-1	2,2,4-Trimethylpentane	293.2	1.943	2.3677	-0.0014768	0.000000094261		173	373
540-88-5	tert-Butyl acetate	293.2	5.672	55.435	-0.30494	0.00046107		273	323
5408-86-6	2,3-Dibromobutane	298.2	6.245	23.849	-0.0963	0.000125		293	333
541-02-6	Decamethylcyclopentasiloxane	293.2	2.5						
541-05-9	Hexamethylcyclotrisiloxane	343.2	2.139						
541-28-6	1-Iodo-3-methylbutane	292.2	5.6						
541-41-3	Ethyl chloroformate	308.7	9.736	15.356	-0.01825			309	349
541-42-4	Isopropyl nitrite	260	13.92	74.578	-0.38283	0.00057071		150	300
541-73-1	m-Dichlorobenzene	293.2	5.02	7.7565	-0.0093333	-2.688E-015		293	353
5416-93-3	4-Methoxyphenyl isocyanate	333.2	10.26	20.78	-0.031571			333	403
542-18-7	Chlorocyclohexane	303.2	7.9505						
542-54-1	4-Methylpentanenitrile	295.2	17.5						
542-55-2	Isobutyl formate	293.2	6.41						
542-59-6	1,2-Ethanediol, monoacetate	303.2	12.95						
542-69-8	1-Iodobutane	293.2	6.27	16.493	-0.050262	0.000052485		293	323
542-85-8	Ethyl isothiocyanate	293.2	19.6						
542-88-1	Bis(chloromethyl) ether	293.2	3.51						
542-91-6	Diethylsilane	293.2	2.544						
543-27-1	Isobutyl chlorocarbonate	293.2	9.1						
543-59-9	1-Chloropentane	293.2	6.654	18.626	-0.054719	0.000047143		273	323
543-67-9	Propyl nitrite	250	12.35	70.552	-0.40362	0.00066687		110	310
544-01-4	Diisopentyl ether	293.2	2.817	4.469	-0.006371	0.0000025		293	323
544-10-5	1-Chlorohexane	293.2	6.104	15.994	-0.043647	0.000033393		273	323
544-40-1	Dibutyl sulfide	298.2	4.29						
544-76-3	Hexadecane	293.2	2.046	2.3861	-0.00116	2.5555E-016		293	363
544-77-4	1-Iodohexadecane	293.2	3.57	7.9531	-0.022859	0.000026955		293	323
545-06-2	Trichloroacetonitrile	292.2	7.85						
5454-79-5	cis-3-Methylcyclohexanol, ()-	293.2	13.79	65.896	-0.21954	0.00014107		273	323
54630-50-1	5-Methyl-2-heptanol	278.5	7.5	68.568	-0.40706	0.00067433		230	279
55-63-0	Trinitroglycerol	293.2	19.25						
550-97-0	1-Naphthyl 2-hydroxybenzoate	293	6.3	11.229	-0.018857	0.0000070332		293	353
554-12-1	Methyl propanoate	293.2	6.2	12.798	-0.02254			293	333
554-84-7	3-Nitrophenol	373.2	35.45	189.67	-0.66144	0.00066532		373	458
555-03-3	3-Nitroanisole	318.2	25.7	65.402	-0.1646	0.0001256		318	443
555-43-1	Glycerol tristearate	353.2	2.74						
555-44-2	Glycerol tripalmitate	328.2	2.901	-2.9131	0.032206	-0.000044154		328	393
556-56-9	3-Iodopropene	292.2	6.1						
556-67-2	Octamethylcyclotetrasiloxane	296.2	2.39	3.6286	-0.0056885	0.0000050874		296	333
557-98-2	2-Chloropropene	299.25	8.92						
558-17-8	2-Iodo-2-methylpropane	283.2	6.65	7.678	0.00699	-0.0000375		283	323
5582-82-1	3-Methyl-3-heptanol	293.2	3.013	-3.844	0.042327	-0.00006125		343	403
56-23-5	Tetrachloromethane	293.2	2.2379	2.828	-0.0020339	0.000000071795		283	333
56-81-5	Glycerol	293.2	46.53	77.503	-0.037984	-0.00023107		288	343
560-21-4	2,3,3-Trimethylpentane	293.2	1.978						
56053-84-0	Butyl thiophene-2-carboxylate	293.2	6.4						
562-49-2	3,3-Dimethylpentane	291.3	1.9419	2.4007	-0.0016802	0.00000036069		291	322
56298-90-9	4-Methyl-2-heptanol	290	3.59	39.715	-0.23115	0.00036771		240	333
563-16-6	3,3-Dimethylhexane	293.2	1.9645						
563-46-2	2-Methyl-1-butene	293.2	2.18						
563-80-4	3-Methyl-2-butanone	293.2	10.37	30.695	-0.10962	0.0001381		293	328
564-02-3	2,2,3-Trimethylpentane	293.2	1.96						
565-59-3	2,3-Dimethylpentane	293.2	1.929	2.5637	-0.0026328	0.0000016071		273	323
565-75-3	2,3,4-Trimethylpentane	293.2	1.9738						
5655-61-8	l-Bornyl acetate	303.2	4.46	6.0791	0.00982	-0.00005		303	323
57-10-3	Hexadecanoic acid	338.2	2.417						
57-11-4	Stearic acid	293.2	2.314	2.7159	-0.00133			293	373
57-55-6	1,2-Propanediol	303.2	27.5	245.46	-1.5738	0.0038068	-0.0000032544	193	403
5714-22-7	Sulfur decafluoride	293.2	2.0202						
57392-55-9	Isopentyl trichloroacetate	293.2	7.287						
575-36-0	N-1-Naphthalenylacetamide	433.2	24.3	84.739	-0.12391	-0.000035714		433	533
575-43-9	1,6-Dimethylnaphthalene	293.2	2.725						
576-26-1	2,6-Xylenol	313.2	4.9	12.284	-0.032996	0.000029867		313	453
578-57-4	2-Bromoanisole	303.2	8.96	12.023	-0.0059116	-0.000013787		303	358
578-58-5	2-Methylanisole	293.2	3.502	5.0825	-0.0062297	0.0000028571		293	333
5787-31-5	2-Bromobutane, ()-	298.2	8.64	18.461	-0.032933			274	328
580-02-9	Methyl 2-(acetyloxy)benzoate	328.9	5.31	19.579	-0.06997	0.000080889		329	371
582-24-1	(Hydroxyacetyl)benzene	298.2	21.33	42.286	-0.069215	-0.0000035714		298	368
583-19-7	1-Bromo-2-ethoxybenzene	313.2	7.04	23.146	-0.075753	0.000077778		313	358
583-48-2	3,4-Dimethylhexane	292.1	1.9814	2.6849	-0.0033712	0.0000032949		292	324
583-53-9	o-Dibromobenzene	293.2	7.86	-0.0081849	0.062671	-0.00012222		293	353
584-02-1	3-Pentanol	298.2	13.35	128.38	-0.6098	0.00075		288	318
584-84-9	Toluene-2,4-diisocyanate	293.2	8.433	22.174	-0.066982	0.000068571		293	353
585-79-5	1-Bromo-3-nitrobenzene	328.2	20.2	81.413	-0.27645	0.00027367		328	413
586-62-9	Terpinolene	298.2	2.2918						
589-16-2	4-Ethylaniline	298.2	4.84						
589-55-9	4-Heptanol	296.2	6.18	289.95	-1.8499	0.0030109		270	301
589-92-4	4-Methylcyclohexanone	293.2	12.35						
589-98-0	3-Octanol	293.2	5.55	125.05	-0.70646	0.0010245		223	383
590-01-2	Butyl propanoate	293.2	4.838						
590-11-4	cis-1,2-Dibromoethene	298.2	7.08						
590-12-5	trans-1,2-Dibromoethene	298.2	2.88						
590-18-1	cis-2-Butene	296	1.96	2.8802	-0.0031064			197	296
590-26-1	cis-1,2-Diiodoethene	345.65	4.46						
590-35-2	2,2-Dimethylpentane	293.2	1.915	2.3414	-0.0014362	-0.000000051322		153	353
590-73-8	2,2-Dimethylhexane	293.2	1.9498						
591-17-3	3-Bromotoluene	293.2	5.566	11.522	-0.024946	0.000015714		273	323
591-19-5	3-Bromoaniline	293.2	13						
591-50-4	Iodobenzene	293.2	4.59	8.9442	-0.020008	0.000017641		243	323
591-76-4	2-Methylhexane	293.2	1.9221	2.4759	-0.0022535	0.00000125		293	323
591-78-6	2-Hexanone	293.2	14.56	70.378	-0.29385	0.00035289		243	293
591-93-5	1,4-Pentadiene	294	2.054	2.9994	-0.0034578	0.000000853		178	294
592-13-2	2,5-Dimethylhexane	293.95	1.9619	2.5821	-0.0026804	0.0000019404		294	324
592-27-8	2-Methylheptane	293.2	1.9519						
592-41-6	1-Hexene	294	2.077	3.1476	-0.0050003	0.0000046673		149	294
592-42-7	1,5-Hexadiene	294	2.125	3.0014	-0.0028668	-0.00000031026		151	294
592-50-7	1-Fluoropentane	293.2	3.931						
592-57-4	1,3-Cyclohexadiene	184.2	2.68						
592-76-7	1-Heptene	293.2	2.092	2.1755	0.0013896	-0.0000057049		273	323
592-84-7	Butyl formate	303.2	6.1	21.532	-0.084106	0.00010952		288	323
593-53-3	Fluoromethane	131	51	113.38	-0.63979	0.00096983		150	299
594-15-0	Tribromochloromethane	333.2	2.601						
594-18-3	Dibromodichloromethane	298.2	2.542	3.233	-0.0023162			298	333
594-20-7	2,2-Dichloropropane	293.2	11.37	32.421	-0.072188			245	293
594-34-3	1,2-Dibromo-2-methylpropane	293.2	4.1						
594-36-5	2-Chloro-2-methylbutane	222.75	12.31	55.104	-0.29866	0.0004784		201	223
594-37-6	1,2-Dichloro-2-methylpropane	296	7.15	39.429	-0.20028	0.00030917		165	296
594-38-7	2-Iodo-2-methylbutane	293.2	8.192						
594-71-8	2-Chloro-2-nitropropane	250.4	31.9						
594-72-9	1,1-Dichloro-1-nitroethane	303.2	16.3	37.576	-0.0704			303	333
595-49-3	2,2-Dinitropropane	325.1	42.4						
597-49-9	3-Ethyl-3-pentanol	293.2	3.158						
597-50-2	Triethylphosphine oxide	323.2	35.5						
597-51-3	Triethylphosphine sulfide	371.2	39						
597-64-8	Tetraethylstannane	293.2	2.241						
597-96-6	3-Methyl-3-hexanol	298.2	3.248						
598-01-6	4-Methyl-4-heptanol	296.2	2.902						
598-03-8	Dipropyl sulfone	303.2	32.62	70.195	-0.15008	0.000086506		303	398
598-04-9	Dibutyl sulfone	323.2	25.72	66.248	-0.16417	0.00012001		323	398
598-55-0	Methyl carbamate	328.2	18.48	36.773	-0.0557			328	368
598-58-3	Methyl nitrate	293.2	23.9						
5989-27-5	d-Limonene	298.2	2.3746						
5989-54-8	l-Limonene	298.2	2.3738						
599-70-2	Ethyl phenyl sulfone	348.2	39						
60-01-5	Tributyrin	282.8	5.72	13.152	-0.036684	0.000036795		199	283
60-12-8	Benzeneethanol	293.2	12.31	121.7	-0.63124	0.00087776		278	333
60-29-7	Diethyl ether	293.2	4.2666	7.9725	-0.012519			283	301
60-33-3	cis,cis-9,12-Octadecadienoic acid	293.2	2.754	3.2073	-0.0015477			275	368
60-35-5	Acetamide	363.7	67.6	-200.55	1.5515	-0.0022392		364	448
600-00-0	Ethyl 2-bromo-2-methylpropanoate	303.2	8.55	77.044	-0.40784	0.0006		303	333
600-15-7	2-Hydroxybutanoic acid, ()-	296.2	37.7						
60251-57-2	2-Bromooctane, ()-	293.2	5.44						
6032-29-7	2-Pentanol	298.2	13.71	164.37	-0.86506	0.0011955		273	323
606-27-9	Methyl 2-nitrobenzoate	300.1	27.76						
606-45-1	Methyl 2-methoxybenzoate	294.2	7.7						
609-72-3	2-Methyl-N,N-dimethylaniline	293.2	3.4						
6108-61-8	cis,cis-2,4-Hexadiene	297	2.163	2.7284	-0.0017178	-0.00000062926		234	351
611-14-3	2-Ethyltoluene	293.2	2.595						
611-32-5	8-Methylquinoline	293.2	6.58	19.356	-0.0619	0.0000625		293	333
611-74-5	N,N-Dimethylbenzamide	318.2	20.77	76.725	-0.26908	0.00029409		318	443
612-22-6	1-Ethyl-2-nitrobenzene	273.4	21.9						
6120-13-4	2-Chlorobornane	368.2	5.21						
614-17-5	N-Ethylbenzamide	352.7	42.6	-201.09	1.7866	-0.0031065		353	389
615-38-3	cis-2-Methylcyclohexanol	293.2	9.375	173.15	-0.98794	0.0014634		273	323
615-42-9	o-Diiodobenzene	323.2	5.41	31.15	-0.14428	0.0002		323	353
615-81-6	Diisopropyl oxalate	293.2	6.403	10.709	-0.016328	0.0000056		293	368
6156-25-8	Tetrakis(methylthio)methane	343.2	2.818						
616-21-7	1,2-Dichlorobutane	293.2	7.74	31.925	-0.13232	0.00017007		293	356
616-38-6	Dimethyl carbonate	298.2	3.087						
616-45-5	2-Pyrrolidone	298.2	28.18	110.54	-0.47945	0.00068182		298	338
617-78-7	3-Ethylpentane	293.2	1.942	2.3771	-0.001514	0.00000010093		163	363
617-84-5	N,N-Diethylformamide	293.2	29.6						
617-86-7	Triethylsilane	293.2	2.323						
617-94-7	,-Dimethylbenzenemethanol	303.2	5.61	5.7072	0.0086568	-0.00002958		303	373
618-32-6	Benzoyl bromide	293.2	21.33	84.231	-0.31089	0.00032857		283	313
618-40-6	1-Methyl-1-phenylhydrazine	292.2	7.3						
619-99-8	3-Ethylhexane	293.2	1.9617						
62-53-3	Aniline	293.2	7.06	8.9534	0.003899	-0.00003631		293	413
620-14-4	3-Ethyltoluene	293.2	2.365						
620-16-6	1-Chloro-3-ethylbenzene	298.2	5.18						
621-70-5	Glycerol trihexanoate	293.2	4.476						
622-38-8	(Ethylthio)benzene	298.2	4.95						
622-45-7	Cyclohexyl acetate	293.2	5.08						
622-80-0	N-Propylaniline	293.2	5.48						
622-96-8	4-Ethyltoluene	293.2	2.265						
622-98-0	1-Chloro-4-ethylbenzene	298.2	5.16						
6222-35-1	Cyclohexyl propanoate	293.2	4.82						
623-12-1	4-Chloroanisole	293.2	7.84	6.4019	0.03056	-0.0000875		293	333
623-40-5	2-Pentanone oxime	293.2	3.3						
623-42-7	Methyl butanoate	301.2	5.48	38.604	-0.19171	0.00027128		301	343
623-43-8	Methyl trans-2-butenoate	293.2	6.6645						
623-53-0	Ethyl methyl carbonate	293.2	2.985						
623-71-2	Ethyl 3-chloropropanoate	303.2	10.19	21.951	-0.03875			303	343
623-81-4	Diethyl sulfite	293.2	15.6						
623-91-6	Diethyl fumarate	296.2	6.56						
623-93-8	5-Nonanol	298.2	3.54	-2.5463	0.03532	-0.00005		288	308
624-03-3	1,2-Ethanediol, dihexadecanoate	348.2	2.89						
624-17-9	Diethyl nonanedioate	303.2	5.133						
624-24-8	Methyl pentanoate	293.2	4.992						
624-31-7	4-Iodotoluene	308.2	4.4						
624-38-4	p-Diiodobenzene	393.2	2.88						
624-54-4	Pentyl propanoate	293.2	4.552						
624-83-9	Methyl isocyanate	288.7	21.75						
624-91-9	Methyl nitrite	200	20.77	110.71	-0.73428	0.0014054		110	260
624-92-0	Dimethyl disulfide	298.2	9.6	19.109	-0.032			298	323
625-23-0	2-Methyl-2-hexanol	297	3.257						
625-25-2	2-Methyl-2-heptanol	292.2	3.43						
625-50-3	N-Ethylacetamide	293.2	135	744.94	-3.14	0.0036131		213	353
625-58-1	Ethyl nitrate	293.2	19.7						
625-69-4	2,4-Pentanediol	294.2	24.69	119.14	-0.52569	0.00069607		224	294
625-71-8	3-Hydroxybutanoic acid, ()-	296.2	31.5						
625-96-7	3-Methylcyclohexanone, ()-	293.2	12.4						
625-98-9	1-Chloro-3-fluorobenzene	298.2	4.96						
626-00-6	m-Diiodobenzene	323.2	4.11						
626-87-9	1,4-Dibromopentane	293.2	9.05	26.443	-0.08864	0.0001		293	333
626-95-9	1,4-Pentanediol	295.7	26.74	135.68	-0.59198	0.00075398		193	318
627-12-3	Propyl carbamate	338.2	12.06	24.356	-0.0364			338	378
627-30-5	3-Chloro-1-propanol	215.2	36	124.36	-0.60841	0.0009206		145	215
627-45-2	N-Ethylformamide	298.2	102.7	647.64	-2.8499	0.0034286		298	338
627-83-8	1,2-Ethanediol, distearate	353.2	2.79						
627-84-9	1,2-Ethanediol, ditetradecanoate	343.2	2.98						
627-90-7	Ethyl undecanoate	293.2	3.55						
627-91-8	Methyl hexanedioate	293.2	6.69	11.962	-0.023973	0.000020608		293	433
627-93-0	Dimethyl 1,6-hexanedioate	293.2	6.84	11.739	-0.017281	0.0000011447		293	433
628-04-6	Ethyl isopentyl ether	293.2	3.955	6.6541	-0.005545	-0.0000125		293	323
628-17-1	1-Iodopentane	293.2	5.78	15.753	-0.050543	0.000056401		293	323
628-41-1	1,4-Cyclohexadiene	296	2.211	2.7459	-0.0016975	-0.00000036461		232	356
628-61-5	2-Chlorooctane	293.2	5.42						
628-63-7	Pentyl acetate	293.2	4.79	12.091	-0.036536	0.000039732		253	353
628-73-9	Hexanenitrile	298.2	17.26						
628-76-2	1,5-Dichloropentane	298.2	9.92						
628-92-2	Cycloheptene	295	2.265	3.2309	-0.0042373	0.0000032572		227	363
628-96-6	1,2-Ethanediol, dinitrate	293.2	28.26						
628-97-7	Ethyl palmitate	303.2	3.07	5.7938	-0.012294	0.000010919		303	455
629-03-8	1,6-Dibromohexane	298.2	8.52	-5.5185	0.11746	-0.00023658		274	328
629-04-9	1-Bromoheptane	303.2	5.255	15.289	-0.050621	0.000057753		203	343
629-06-1	1-Chloroheptane	293.2	5.521	14.279	-0.039431	0.000032321		273	323
629-14-1	1,2-Diethoxyethane	293.2	3.9	9.9099	-0.033403	0.000044048		223	303
629-27-6	1-Iodooctane	293.2	4.67	12.452	-0.041229	0.000050108		233	313
629-37-8	1-Nitrooctane	293.2	11.46						
629-50-5	Tridecane	293.2	2.0213	2.3731	-0.0012	-2.1841E-016		283	363
629-59-4	Tetradecane	293.2	2.0343	2.3832	-0.00119	-5.1229E-017		283	363
629-62-9	Pentadecane	293.2	2.0391	2.3792	-0.00116	-7.1069E-017		283	363
629-70-9	Hexadecyl acetate	308.2	3.19	4.731	-0.005	4.1338E-015		308	348
629-72-1	1-Bromopentadecane	293.35	3.88						
629-76-5	1-Pentadecanol	333.2	3.7						
629-78-7	Heptadecane	293.2	2.0578	2.3627	-0.00104	-0.00000000000010397		293	308
629-92-5	Nonadecane	293.2	2.0706						
629-96-9	1-Eicosanol	338.2	3.13	2.17	0.012497	-0.000028571		338	363
629-97-0	Docosane	293.2	2.084						
630-18-2	2,2-Dimethylpropanenitrile	293.2	21.1	58.418	-0.16884	0.00014131		293	453
630-19-3	2,2-Dimethylpropanal	293.2	9.051	18.645	-0.032395	-0.0000016157		280	333
630-20-6	1,1,1,2-Tetrachloroethane	207.2	9.22	19.606	-0.049847			207	233
631-36-7	Tetraethylsilane	293.2	2.09						
632-22-4	Tetramethylurea	293.2	23.1						
637-27-4	Phenyl propanoate	293.2	4.77						
637-50-3	1-Propenylbenzene (unspecified isomer)	293.2	2.73						
637-59-2	(3-Bromopropyl)benzene	302.2	5.41	11.36	-0.027471	0.000025775		302	358
637-88-7	1,4-Cyclohexanedione	351.2	4.4						
638-45-9	1-Iodohexane	293.3	5.35	16.685	-0.061309	0.000077262		293	323
638-49-3	Pentyl formate	292.2	5.7						
638-68-6	Triacontane	373.2	1.9112						
64-17-5	Ethanol	293.2	25.3	151.45	-0.8702	0.001957	-0.0000015512	163	523
64-18-6	Formic acid	298.2	51.1	140.4	-0.24673	-0.00017151		287	358
64-19-7	Acetic acid	293.2	6.2	-15.731	0.12662	-0.00017738		293	363
64-67-5	Diethyl sulfate	293.2	29.2						
645-41-0	Triisopentylamine	294.2	2.29						
659-70-1	Isopentyl isopentanoate	288.2	4.39	14.698	-0.057726	0.00007619		288	323
661-19-8	1-Docosanol	348.2	2.94	8.2062	-0.025069	0.000028571		348	373
67-56-1	Methanol	293.2	33	193.41	-0.92211	0.0012839		177	293
67-63-0	2-Propanol	293.2	20.18	104.16	-0.41011	0.00042049		193	493
67-64-1	Acetone	293.2	21.01	88.157	-0.343	0.00038925		273	323
67-66-3	Trichloromethane	293.2	4.8069	15.115	-0.05183	0.000056803		218	323
67-68-5	Dimethyl sulfoxide	293.2	47.24	38.478	0.16939	-0.00047423		288	343
67-71-0	Dimethyl sulfone	383.2	47.39	108.3	-0.159			383	398
6789-88-4	Hexyl benzoate	293.2	4.8						
68-12-2	N,N-Dimethylformamide	293.2	38.25	153.64	-0.60367	0.00071505		213	353
680-31-9	Hexamethylphosphoric triamide	293.2	31.3	95.666	-0.29769	0.00026407		283	363
681-84-5	Methyl silicate	293.2	6						
682-01-9	Propyl silicate	298.2	3.21						
684-16-2	Perfluoroacetone	202.2	2.104	3.4809	-0.0092883	0.000012282		151	238
685-91-6	N,N-Diethylacetamide	293.2	32.1						
688-74-4	Tributyl borate	293.2	2.23						
69-65-8	D-Mannitol	443.2	24.6						
693-02-7	1-Hexyne	296	2.621	5.8591	-0.017099	0.000020856		184	296
693-54-9	2-Decanone	287.2	8.3						
693-58-3	1-Bromononane	298.2	4.74	7.987	-0.010488	-0.000001345		274	328
693-65-2	Dipentyl ether	298.2	2.798						
693-67-4	1-Bromoundecane	272.6	4.61						
694-59-7	Pyridine-1-oxide	343	35.94	20.878	0.1645	-0.00035269		343	398
698-87-3	1-Phenyl-2-propanol	293.2	9.35	107.62	-0.56026	0.00076915		233	373
700-12-9	Pentamethylbenzene	334	2.358	3.0196	-0.0022619	0.00000083831		334	413
701-57-5	4-Nitrothioanisole	346	21.7						
70116-68-6	3-Methyl-2-butanol, ()-	298.2	12.1						
71-23-8	1-Propanol	293.2	20.8	98.045	-0.3686	0.00036422		193	493
71-36-3	1-Butanol	293.2	17.84	105.78	-0.50587	0.00084733	-0.00000048841	193	553
71-41-0	1-Pentanol	298.2	15.13	73.397	-0.28165	0.00028427		213	513
71-43-2	Benzene	293.2	2.2825	2.6706	-0.00091648	-0.0000014257		293	513
71-55-6	1,1,1-Trichloroethane	293.2	7.243	27.705	-0.10621	0.00012424		258	318
7132-64-1	Methyl pentadecanoate	293.2	3.296						
7307-55-3	Undecylamine	293.2	3.25	5.4945	-0.0096161	0.0000066017		293	373
74-82-8	Methane	91	1.6761	1.5996	0.0027434	-0.000022086		91	184
74-83-9	Bromomethane	275.7	9.71	40.58	-0.18418	0.00026219		195	276
74-84-0	Ethane	95	1.9356	2.0185	-0.00051493	-0.0000048148		95	295
74-85-1	Ethylene	270	1.4833	1.3546	0.0062614	-0.000021374		200	270
74-86-2	Acetylene	195	2.4841						
74-87-3	Chloromethane	295.2	10	42.775	-0.16175	0.00017108		190	392
74-88-4	Iodomethane	293.2	6.97	24.264	-0.093914	0.00011926		223	303
74-89-5	Methylamine	215.2	16.7	34.398	-0.07363	-0.000041279		198	258
74-90-8	Hydrogen cyanide	293.2	114.9	3733.1	-23.18	0.036963		258	299
74-95-3	Dibromomethane	283.2	7.77	18.06	-0.036333			283	313
74-96-4	Bromoethane	298.2	9.01	28.473	-0.085495	0.000067971		243	308
74-98-6	Propane	293.19	1.6678	2.2883	-0.0023276	0.0000008471		90	300
74-99-7	Propyne	246	3.218	6.0871	-0.01173			185	246
74112-36-0	2-Methylheptyl acetate, ()-	288.2	4.27	23.285	-0.11538	0.00017143		288	323
7433-56-9	trans-5-Decene	298.2	2.03						
7433-78-5	cis-5-Decene	298.2	2.071						
7439-90-9	Krypton	119.8	1.664						
7440-01-9	Neon	26.11	1.1907	1.2667	-0.0029064			26	29
7440-37-1	Argon	140	1.3247	1.2408	0.0068755	-0.000045344		87	149
7440-59-7	Helium	2.055	1.0555	1.064	-0.0035584			2	4
7440-63-3	Xenon	161.35	1.88						
7446-09-5	Sulfur dioxide	293.2	14.3	52.045	-0.16125	0.00011042		213	449
7446-11-9	Sulfur trioxide (-form)	291.2	3.11						
74513-58-9	Propyl trans-cinnamate	293.2	5.45						
74683-66-2	2-Nonanol, ()-	298.2	6.66	101.36	-0.55612	0.0008		288	308
74742-08-8	3-Nonanol, ()-	298.2	4.49	55.214	-0.3192	0.0005		288	308
74742-10-2	2-Decanol	298.2	5.82	136.21	-0.81	0.00125		288	308
74778-22-6	4-Octanol	293.2	4.48	51.049	-0.26664	0.0003728		243	403
75-00-3	Chloroethane	293.2	9.45	60.693	-0.3129	0.00047154		237	293
75-03-6	Iodoethane	293.2	7.82	25.598	-0.094367	0.00011424		183	343
75-04-7	Ethylamine	273.2	8.7	30.163	-0.079			233	273
75-05-8	Acetonitrile	293.2	36.64	297.24	-1.5508	0.0022591		288	333
75-07-0	Acetaldehyde	291.2	21						
75-08-1	Ethanethiol	298.2	6.667						
75-09-2	Dichloromethane	298	8.93	40.452	-0.17748	0.00023942		184	306
75-10-5	Difluoromethane	152.2	53.74	194.28	-1.2939	0.002428		152	224
75-11-6	Diiodomethane	298.2	5.32						
75-12-7	Formamide	293.2	111	260.76	-0.61145	0.00034296		278	333
75-15-0	Carbon disulfide	293.2	2.632	4.5024	-0.012054	0.000019147		154	319
75-18-3	Dimethyl sulfide	294.2	6.7						
75-21-8	Oxirane	293.2	12.42	52.661	-0.21337	0.00025947		293	243
75-25-2	Tribromomethane	283.2	4.404	7.1707	-0.0098			283	343
75-26-3	2-Bromopropane	293.2	9.46	26.195	-0.072995	0.000055454		186	328
75-28-5	Isobutane	295	1.7518	2.3295	-0.0019953	0.000000142		115	303
75-30-9	2-Iodopropane	298.2	8.19						
75-31-0	Isopropylamine	293.2	5.6268	40.429	-0.21441	0.00032634		213	298
75-33-2	2-Propanethiol	298.2	5.952						
75-34-3	1,1-Dichloroethane	298.2	10.1	24.429	-0.048			288	318
75-35-4	1,1-Dichloroethene	293.2	4.6						
75-36-5	Acetyl chloride	295.2	15.8						
75-44-5	Carbonyl chloride	295.2	4.3						
75-46-7	Trifluoromethane	294	5.2	114.42	-0.756	0.0013562		130	263
75-50-3	Trimethylamine	298.2	2.44	3.9745	-0.0051331			273	298
75-52-5	Nitromethane	293.2	37.27	112.27	-0.35591	0.00034206		288	343
75-61-6	Dibromodifluoromethane	273.2	2.939	6.7296	-0.022133	0.000030213		139	273
75-62-7	Bromotrichloromethane	293.2	2.405	2.9249	-0.001765			273	333
75-63-8	Bromotrifluoromethane	123.2	3.73	5.4154	-0.01368			123	173
75-65-0	2-Methyl-2-propanol	298.2	12.47	225.41	-1.499	0.003405	-0.0000025968	298	503
75-66-1	2-Methyl-2-propanethiol	293.2	5.475	10.597	-0.0175			283	313
75-69-4	Trichlorofluoromethane	293.2	3	5.3203	-0.011061	0.000010688		206	323
75-71-8	Dichlorodifluoromethane	123.2	3.5	4.6984	-0.00976			123	223
75-72-9	Chlorotrifluoromethane	123.2	3.01	4.3677	-0.01102			123	173
75-73-0	Tetrafluoromethane	126.3	1.685	2.035	-0.0027616			126	142
75-76-3	Tetramethylsilane	293.2	1.921						
75-77-4	Trimethylchlorosilane	273.2	10.21	-19.492	0.29806	-0.00069284		223	273
75-83-2	2,2-Dimethylbutane	293.2	1.869	2.274	-0.00096229	-0.0000014286		273	313
75-84-3	2,2-Dimethyl-1-propanol	333.2	8.35	92.35	-0.4187	0.0005		333	373
75-85-4	2-Methyl-2-butanol	298.2	5.78	116.62	-0.69756	0.001092		268	318
75-87-6	Trichloroacetaldehyde	298.2	6.8						
75-89-8	2,2,2-Trifluoroethanol	293.2	27.68	90.593	-0.21421			293	318
75-97-8	3,3-Dimethyl-2-butanone	293.2	12.73	66.857	-0.28552	0.00034422		243	293
754-10-9	2,2-Dimethylpropanamide	298.2	20.13	104	-0.46017	0.0006		298	328
7550-45-0	Titanium(IV) chloride	257.4	2.843	3.3668	-0.0019675			237	257
7553-56-2	Iodine	391.25	11.08	64.73	-0.29266	0.00039759		391	441
76-01-7	Pentachloroethane	298.2	3.716	6.5972	-0.00968			298	338
76-03-9	Trichloroacetic acid	333.2	4.34	1.3412	0.009	-2.413E-015		333	393
76-05-1	Trifluoroacetic acid	293.2	8.42	21.652	-0.068146	0.000078571		263	323
76-06-2	Trichloronitromethane	293.2	7.319	14.403	-0.024178			276	333
76-12-0	1,1,2,2-Tetrachloro-1,2-difluoroethane	308.2	2.52						
76-14-2	1,2-Dichloro-1,1,2,2-tetrafluoroethane	273.2	2.4842	3.6663	-0.0042271	-0.00000036255		193	273
76-37-9	2,2,3,3-Tetrafluoro-1-propanol	298.2	21.03						
761-65-9	N,N-Dibutylformamide	293.2	18.4						
7616-94-6	Perchloryl fluoride	150.2	2.194	2.3808	-0.00038629	-0.0000057143		125	150
7632-51-1	Vanadium(IV) chloride	298.2	3.05						
7642-09-3	cis-3-Hexene	296	2.069	3.0691	-0.0045458	0.0000039898		155	296
7642-15-1	cis-4-Octene	298.2	2.053						
7646-78-8	Tin(IV) chloride	273.2	3.014	4.3951	-0.0048805			234	273
7647-01-0	Hydrogen chloride	158.9	14.3	47.316	-0.28455	0.0004865		159	258
7647-18-9	Antimony(V) chloride	293	3.222	4.5413	-0.0045078			276	320
765-09-3	1-Bromotridecane	281.15	4.19						
7664-39-3	Hydrogen fluoride	273.2	83.6	503.52	-1.9297	0.0014372		200	273
7664-41-7	Ammonia	293.2	16.61	66.756	-0.24696	0.00025913		238	323
768-32-1	Trimethylphenylsilane	298.2	2.3533	2.1463	0.0032711	-0.0000086264		288	323
77-74-7	3-Methyl-3-pentanol	293.2	4.322						
77-78-1	Dimethyl sulfate	298.2	55						
7704-34-9	Sulfur (rhombic)	407.2	3.4991	5.1651	-0.0077381	0.000008912		407	479
7719-09-7	Thionyl chloride	298.2	8.675						
7719-12-2	Phosphorus(III) chloride	290.2	3.498	5.9098	-0.0083322			290	333
7722-84-1	Hydrogen peroxide	290.2	74.6	485.11	-2.3145	0.003102		233	303
7723-14-0	Phosphorus (white)	307.2	4.096	0.79018	0.023911	-0.000042826		307	358
7726-95-6	Bromine	297.9	3.1484	3.2701	-0.00012535			273	327
7727-15-3	Aluminum bromide	373.2	3.38						
7727-18-6	Vanadyl trichloride	298.2	3.4						
7727-37-9	Nitrogen	63.15	1.468	1.255	0.0067949	-0.000056704		63	126
7731-28-4	cis-4-Methylcyclohexanol	293.2	13.45	65.021	-0.22896	0.00017946		273	323
7732-18-5	Water	293.2	80.1	249.21	-0.79069	0.00072997		273	372
7782-41-4	Fluorine	53.48	1.4913	1.4144	0.0026387	-0.000028356		54	144
7782-44-7	Oxygen	54.478	1.5684	1.5434	0.0014615	-0.000021964		55	154
7782-49-2	Selenium (gray)	510.65	5.44	6.7569	-0.0025829			511	575
7782-50-5	Chlorine	208	2.147	2.944	-0.0044649	0.0000030388		208	240
7783-06-4	Hydrogen sulfide	283.2	5.93	14.736	-0.033675	0.000009674		212	363
7783-66-6	Iodine pentafluoride	293.2	37.13	95.184	-0.198			273	313
7784-42-1	Arsine	200.9	2.4	3.7674	-0.0097454	0.000014537		157	201
7787-71-5	Bromine trifluoride	298.2	106.8						
7789-30-2	Bromine pentafluoride	297.7	7.91	11.428	-0.011822			262	298
7789-67-5	Tin(IV) bromide	303.45	3.169	5.0001	-0.0060383			304	316
7790-91-2	Chlorine trifluoride	293.2	4.394	9.6716	-0.018			273	313
7791-23-3	Selenium oxychloride	293.2	46.2						
7791-25-5	Sulfuryl chloride	293.2	9.1						
78-10-4	Ethyl silicate	293.2	2.5						
78-30-8	Tri-o-cresyl phosphate	298.2	6.7						
78-40-0	Triethyl phosphate	298.2	13.2	61.23	-0.26047	0.00033333		298	333
78-62-6	Diethoxydimethylsilane	298.2	3.216						
78-75-1	1,2-Dibromopropane	283.2	4.6	5.4973	-0.0031695			283	333
78-77-3	1-Bromo-2-methylpropane	273.2	7.7	37.558	-0.20571	0.00035496		112	273
78-78-4	Isopentane	293.2	1.845	2.2384	-0.0012985	-0.00000016182		143	293
78-79-5	2-Methyl-1,3-butadiene	293.2	2.098	2.817	-0.0023147	-0.00000043975		198	293
78-82-0	2-Methylpropanenitrile	293.2	24.42	52.554	-0.096			293	313
78-83-1	2-Methyl-1-propanol	293.2	17.93	107.62	-0.51398	0.00083702	-0.000000453	173	533
78-92-2	2-Butanol	293.2	17.26	138.5	-0.75146	0.0014086	-0.00000089512	172	533
78-93-3	2-Butanone	293.2	18.56	15.457	0.090152	-0.000271		293	333
78918-91-9	3-Methylhexane	293.2	1.92	2.7089	-0.0037908	0.00000375		273	323
79-00-5	1,1,2-Trichloroethane	298.2	7.1937	17.147	-0.033371			288	318
79-01-6	Trichloroethene	301.5	3.39	5.8319	-0.0080828			302	338
79-09-4	Propanoic acid	298.2	3.44	1.8793	0.0046841	0.0000019983		289	408
79-11-8	Chloroacetic acid	338.2	12.35	17.31	-0.014674			338	393
79-16-3	N-Methylacetamide	303.2	179	1597.5	-9.0451	0.018345	-0.000012998	303	473
79-20-9	Methyl acetate	288.2	7.07	13.19	-0.021226			276	318
79-24-3	Nitroethane	288.2	29.11	57.406	-0.097657			276	333
79-27-6	1,1,2,2-Tetrabromoethane	303.2	6.72	16.246	-0.0315			303	333
79-29-8	2,3-Dimethylbutane	293.2	1.889	2.4305	-0.0020081	0.00000053571		273	323
79-31-2	2-Methylpropanoic acid	293.2	2.58						
79-34-5	1,1,2,2-Tetrachloroethane	293.2	8.5						
79-37-8	Oxalyl chloride	294.35	3.47						
79-43-6	Dichloroacetic acid	293.2	8.33	11.014	-0.010859	0.0000049242		284	363
79-46-9	2-Nitropropane	288.2	26.74	60.138	-0.11566			276	303
79-77-6	trans--Ionone	297.65	11.66						
80-56-8	-Pinene	298.2	2.1787						
80-62-6	Methyl methacrylate	303.2	6.32	32.098	-0.14568	0.0002		303	343
80-70-6	1,1,3,3-Tetramethylguanidine	298.2	11.5						
814-67-5	1,2-Propanedithiol	293.2	7.24	14.667	-0.03266	0.000025		293	333
815-24-7	Di-tert-butyl ketone	287.65	10						
816-79-5	3-Ethyl-2-pentene	293.2	2.051						
817-91-4	4-Methyl-1-heptanol	290.6	4.63	48.612	-0.26773	0.00039972		237	332
818-38-2	Diethyl glutarate	303.2	6.659						
821-55-6	2-Nonanone	295.2	9.14						
821-76-1	1,7-Dichloroheptane	298.2	8.34						
821-95-4	1-Undecene	293.2	2.137	2.2132	0.0013121	-0.0000053571		273	323
822-06-0	Hexamethylene diisocyanate	288.2	14.41	26.715	-0.042696			288	403
822-23-1	Octadecyl acetate	308.2	3.07	4.4569	-0.0045	3.3923E-015		308	348
830-13-7	Cyclododecanone	303.2	11.4	39.327	-0.13248	0.00013298		303	423
84-66-2	Diethyl phthalate	293.2	7.86						
84-74-2	Dibutyl phthalate	293.2	6.58	12.444	-0.02			293	333
84-75-3	Dihexyl phthalate	293.2	5.62						
849-99-0	Dicyclohexyl hexanedioate	308.2	4.84						
85-01-8	Phenanthrene	383.2	2.72						
86-57-7	1-Nitronaphthalene	333.2	19.68	36.267	-0.041283	-0.000025595		333	403
865-49-6	Trichloromethane-d	298.2	4.67						
87-20-7	Isopentyl salicylate	293.12	7.26	13.129	-0.01919	-0.000003606		225	397
87-25-2	Ethyl 2-aminobenzoate	298.2	4.14						
87-68-3	Hexachloro-1,3-butadiene	293.2	2.55						
87-85-4	Hexamethylbenzene	449	2.172	3.571	-0.0046912	0.0000035088		449	489
87-92-3	Dibutyl tartrate	314.2	9.4						
87-99-0	Xylitol	293.2	40						
872-05-9	1-Decene	293.2	2.136	1.9091	0.0033442	-0.00000875		273	323
872-10-6	Dipentyl sulfide	298.2	3.826						
872-50-4	N-Methyl-2-pyrrolidinone	293.2	32.55						
872-93-5	3-Methyl sulfolane	298.2	29.4	53.158	-0.09373	0.000047275		298	398
874-63-5	3,5-Dimethylanisole	293.2	3.711	5.4981	-0.0056651	-0.0000014286		293	333
877-08-7	1,2,3,4-Tetrachloro-5,6-dimethylbenzene	293.2	8						
877-09-8	1,2,3,5-Tetrachloro-4,6-dimethylbenzene	293.2	5.4						
877-11-2	2,3,4,5,6-Pentachlorotoluene	293.2	4.8						
88-09-5	2-Ethylbutanoic acid	296.2	2.72						
88-72-2	2-Nitrotoluene	293	26.26	104.2	-0.41726	0.00051607		273	323
88-73-3	1-Chloro-2-nitrobenzene	323.2	37.7	168	-0.59708	0.00059957		323	436
88-74-4	2-Nitroaniline	353	47.3	189	-0.56977	0.00047484		353	468
88-75-5	2-Nitrophenol	323.2	16.5	33.827	-0.062123	0.000026774		323	453
88-89-1	2,4,6-Trinitrophenol	294.2	4						
89-60-1	1-Chloro-4-methyl-2-nitrobenzene	301.2	28.07						
89-83-8	Thymol	333.2	4.259						
89-96-3	1-Chloro-2-ethylbenzene	298.2	4.36						
89583-12-0	3,4-Dibromohexane	298.2	6.732						
90-02-8	Salicylaldehyde	293.2	18.35	51.315	-0.15379	0.00014111		289	453
90-04-0	2-Methoxyaniline	303.2	5.23	7.9911	-0.0092183	0.00000037879		303	393
90-05-1	2-Methoxyphenol	298.2	11.95	31.751	-0.088173	0.000072953		291	448
90-11-9	1-Bromonaphthalene	298.2	4.768	10.561	-0.027671	0.000027655		293	323
90-12-0	1-Methylnaphthalene	293.2	2.915	4.5126	-0.007648	0.0000075		293	333
90-13-1	1-Chloronaphthalene	298.2	5.04	8.4861	-0.012357	0.0000026899		274	328
90-15-3	1-Naphthol	373	5.03	16.489	-0.0467	0.000042857		373	453
91-16-7	1,2-Dimethoxybenzene	293.2	4.45	7.4604	-0.013445	0.000010737		293	443
91-20-3	Naphthalene	363.2	2.54						
91-22-5	Quinoline	293.2	9.16	33.432	-0.13497	0.00017788		258	323
91-23-6	2-Nitroanisole	293.2	45.75	166.84	-0.58196	0.00057382		293	423
91-49-6	N-Butyl-N-phenylacetamide	298.2	11.66						
91-57-6	2-Methylnaphthalene	313.2	2.747						
91-59-8	2-Naphthylamine	393	5.26	19.722	-0.060679	0.000060714		393	473
91-62-3	6-Methylquinoline	293.2	8.48	21.696	-0.0634	0.0000625		293	333
91-63-4	2-Methylquinoline	293.2	7.24	11.688	-0.00784	-0.000025		293	333
91-64-5	2H-1-Benzopyran-2-one	343.2	34.04	113.11	-0.33804	0.00031324		343	423
91-66-7	N,N-Diethylaniline	303.2	5.15	5.0773	0.015399	-0.00005		303	328
91049-43-3	1,2-Pentanediol, ()-	296.8	17.31	184.36	-1.0682	0.0017037		197	297
91840-99-2	2-Butanethiol	288.2	5.645	10.866	-0.017993			273	318
92-52-4	Biphenyl	348.2	2.53	2.6869	0.00063072	-0.0000030995		348	428
920-66-1	1,1,1,3,3,3-Hexafluoro-2-propanol	293.2	16.7						
926-56-7	4-Methyl-1,3-pentadiene	293.2	2.599	5.1328	-0.012774	0.000014215		198	323
927-80-0	Ethoxyacetylene	298.2	8.05						
928-45-0	Butyl nitrate	293.2	13.1						
93-04-9	2-Methoxynaphthalene	353.2	3.563	5.6702	-0.0069754	0.0000028571		353	373
93-08-3	2-Acetonaphthone	333.2	13.03	145.38	-0.7304	0.001		333	363
93-54-9	-Ethylbenzenemethanol	293.2	6.68	44.52	-0.21505	0.00029443		233	373
93-58-3	Methyl benzoate	302.7	6.642	17.486	-0.051027	0.000050222		303	393
93-89-0	Ethyl benzoate	293.2	6.2	18.216	-0.062361	0.000072884		288	343
931-19-1	2-Methylpyridine-1-oxide	323.2	36.4	117.05	-0.35301	0.00032		323	398
931-87-3	cis-Cyclooctene	296	2.306	3.1115	-0.0032058	0.0000016713		269	406
934-74-7	1-Ethyl-3,5-dimethylbenzene	293.2	2.275						
935-05-7	Benzyl nitrite	298.2	7.78						
94-02-0	Ethyl benzoylacetate	303.2	13.5	9.3644	0.07428	-0.0002		303	323
94-96-2	2-Ethyl-1,3-hexanediol	293.2	18.73	57.919	-0.17128	0.00012949		233	333
945-51-7	Diphenyl sulfoxide	344.7	16.6						
946-80-5	Benzyl phenyl ether	313.2	3.748						
95-46-5	2-Bromotoluene	293.2	4.641	10.229	-0.02505	0.000020357		273	323
95-47-6	o-Xylene	293.2	2.562	3.6163	-0.0040177	0.0000014286		273	323
95-48-7	o-Cresol	298.2	6.76	21.633	-0.071069	0.00007059		298	453
95-49-8	2-Chlorotoluene	293.2	4.721	11.507	-0.031148	0.000027143		273	323
95-50-1	o-Dichlorobenzene	293.2	10.12	13.629	0.0010622	-0.000044444		293	353
95-51-2	2-Chloroaniline	293.2	13.4						
95-52-3	2-Fluorotoluene	298.2	4.23						
95-53-4	2-Methylaniline	298.2	6.138	10.988	-0.018976	0.0000091958		298	398
95-57-8	2-Chlorophenol	296.2	7.4	29.755	-0.11256	0.0001239		296	448
95-63-6	1,2,4-Trimethylbenzene	293.2	2.377	3.1517	-0.0030634	0.0000014286		273	323
95-65-8	3,4-Xylenol	333.2	9.02	54.423	-0.21153	0.00022508		333	453
95-73-8	2,4-Dichlorotoluene	301.2	5.68						
95-75-0	3,4-Dichlorotoluene	301.2	9.39						
95-87-4	2,5-Xylenol	338.2	5.36	18.049	-0.054991	0.000051656		338	455
95-92-1	Diethyl oxalate	293.2	8.266	21.938	-0.066226	0.0000668		293	368
95-93-2	1,2,4,5-Tetramethylbenzene	356	2.223	2.6834	-0.0010327	-0.00000073533		356	430
96-11-7	1,2,3-Tribromopropane	303.2	6	11.024	-0.016596			303	358
96-14-0	3-Methylpentane	293.2	1.886	2.4739	-0.002319	0.0000010714		273	323
96-18-4	1,2,3-Trichloropropane	293.2	7.5						
96-22-0	3-Pentanone	293.2	17	12.69	0.095177	-0.00027321		233	353
96-24-2	3-Chloro-1,2-propanediol	293.2	31						
96-29-7	2-Butanone oxime	293.2	3.4						
96-33-3	Methyl acrylate	303.2	7.03	11.968	-0.0165			303	333
96-34-4	Methyl chloroacetate	293.2	12						
96-37-7	Methylcyclopentane	293.2	1.9853	2.1587	-0.0002245	-0.00000125		293	323
96-41-3	Cyclopentanol	288.2	18.5	105.65	-0.44244	0.00048657		258	323
96-47-9	2-Methyltetrahydrofuran	298.2	6.97						
96-48-0	-Butyrolactone	293.2	39						
96-49-1	Ethylene carbonate	313.2	89.78	207.46	-0.3761			313	343
97-53-0	4-Allyl-2-methoxyphenol	293.2	9.55	52.377	-0.2438	0.00033333		273	323
97-63-2	Ethyl methacrylate	303.2	5.68	40.962	-0.2052	0.00029286		303	343
97-72-3	2-Methylpropanoic anhydride	292.2	13.6						
97-94-9	Triethylborane	293.2	1.974						
97-95-0	2-Ethyl-1-butanol	362.2	6.19						
97-99-4	Tetrahydrofurfuryl alcohol	303.2	13.48						
98-00-0	Furfuryl alcohol	298.2	16.85						
98-01-1	Furfural	293.2	42.1						
98-06-6	tert-Butylbenzene	293.2	2.359	2.7924	-0.0003835	-0.00000375		273	323
98-08-8	(Trifluoromethyl)benzene	298.2	9.22						
98-09-9	Benzenesulfonyl chloride	323.2	28.9	83.886	-0.23405	0.00019713		323	473
98-59-9	p-Toluenesulfonyl chloride	343.2	22.6						
98-68-0	4-Methoxybenzenesulfonyl chloride	314.2	27.2						
98-82-8	Isopropylbenzene	293.2	2.381	3.1149	-0.0030801	0.0000019643		273	323
98-83-9	Isopropenylbenzene	293.2	2.28						
98-85-1	-Methylbenzenemethanol	293.2	8.77	32.971	-0.12042	0.00012809		293	423
98-86-2	Acetophenone	298.2	17.44	26.099	0.0064048	-0.00011905		298	333
98-87-3	(Dichloromethyl)benzene	293.2	6.9						
98-88-4	Benzoyl chloride	293.2	23						
98-89-5	Cyclohexanecarboxylic acid	304.2	2.67						
98-95-3	Nitrobenzene	293	35.6	112.12	-0.35211	0.00031128		279	533
99-08-1	3-Nitrotoluene	303.2	24.95	62.492	-0.16235	0.00012844		303	403
99-09-2	3-Nitroaniline	398	35.6	203.52	-0.66582	0.0006131		398	468
99-65-0	1,3-Dinitrobenzene	365.2	22.9	104.06	-0.34133	0.00032609		365	413
99-75-2	Methyl 4-methylbenzoate	306.2	4.3						
99-85-4	-Terpinene	298.2	2.2738						
99-86-5	-Terpinene	298.2	2.4526						
99-87-6	1-Isopropyl-4-methylbenzene	298.2	2.2322	2.5266	-0.00025121	-0.0000024867		277	333
99-97-8	4-Methyl-N,N-dimethylaniline	293.2	3.9						
99-99-0	4-Nitrotoluene	331.2	22.2						
994-49-0	Hexaethyldisiloxane	298.2	2.259	3.6559	-0.0072406	0.0000085714		298	333
998-93-6	4-Bromoheptane	295.2	6.81						
998-95-8	4-Chloroheptane	295.2	6.54						
999-52-0	3-Chloroheptane	295.2	6.7						
999-97-3	Hexamethyldisilazane	294.2	2.273	2.3358	0.0016127	-0.0000062078		294	333
